transaction_id,user_id,amount,currency,timestamp,status
1,3673.0,826.37,INR,2026-01-16 07:47:43,FAILED
2,781.0,-9854.28,INR,invalid_date,PENDING
3,407.0,481.05,INR,2026-05-31 17:33:33,FAILED
4,2636.0,7623.91,INR,2026-03-17 00:34:48,PENDING
5,4374.0,2716.29,INR,2026-03-15 05:24:27,FAILED
6,2827.0,9597.53,INR,2026-04-29 16:39:10,PENDING
7,4191.0,6560.47,INR,2026-03-01 04:55:13,SUCCESS
8,4478.0,1616.05,INR,2026-05-04 17:51:35,FAILED
9,539.0,4348.26,INR,2026-01-11 19:58:14,SUCCESS
10,2148.0,201.34,INR,2026-02-05 01:45:49,SUCCESS
11,1422.0,17.87,INR,2026-06-15 06:29:41,PENDING
12,2688.0,3958.21,INR,2026-01-27 20:04:54,PENDING
13,2940.0,6294.75,INR,2026-05-02 07:45:32,PENDING
14,3339.0,5536.03,INR,2026-05-08 16:37:39,PENDING
15,3988.0,9423.53,INR,2026-06-10 17:15:21,SUCCESS
16,4767.0,6942.77,INR,2026-02-21 12:34:25,PENDING
17,3660.0,7634.73,INR,2026-03-15 08:50:06,SUCCESS
18,4461.0,936.25,INR,2026-02-07 08:09:40,PENDING
19,3601.0,5831.51,INR,2026-04-15 21:37:13,PENDING
20,417.0,5592.18,INR,2026-06-13 11:50:47,PENDING
21,4692.0,4468.18,INR,2026-05-25 05:06:19,SUCCESS
22,4881.0,5256.18,INR,2026-06-13 15:44:26,FAILED
23,1105.0,8580.85,INR,2026-01-29 20:42:03,PENDING
24,1104.0,5156.28,INR,2026-01-06 22:10:05,PENDING
25,4801.0,8408.97,INR,2026-05-11 04:19:04,FAILED
26,2754.0,8231.93,INR,2026-02-23 00:35:13,PENDING
27,4428.0,8107.92,INR,2026-03-09 18:59:52,PENDING
28,2449.0,1597.12,INR,2026-03-04 18:54:31,PENDING
29,482.0,1215.74,INR,2026-01-13 12:20:07,PENDING
30,945.0,4657.59,INR,2026-01-14 15:54:27,SUCCESS
31,3216.0,1219.83,INR,2026-04-03 23:37:17,SUCCESS
32,2617.0,414.99,INR,2026-03-26 10:13:45,SUCCESS
33,972.0,3354.89,INR,2026-04-27 20:34:24,PENDING
34,3350.0,800.9,INR,2026-01-04 20:43:33,PENDING
35,1972.0,8021.65,INR,2026-03-13 22:12:45,PENDING
36,3847.0,6649.38,INR,2026-02-13 13:47:42,FAILED
37,3294.0,3070.45,INR,2026-04-23 01:40:49,FAILED
38,3563.0,58.86,INR,2026-01-08 20:20:20,PENDING
39,2708.0,7419.8,INR,2026-03-02 02:09:41,PENDING
40,500.0,2540.02,INR,2026-04-16 09:59:33,PENDING
41,600.0,9203.78,INR,2026-05-16 00:42:52,FAILED
42,3092.0,-1212.84,INR,2026-04-06 22:03:18,PENDING
43,2991.0,5111.46,INR,2026-02-24 19:36:35,PENDING
44,2621.0,7744.29,INR,2026-01-13 13:13:18,FAILED
45,3757.0,1252.04,INR,2026-01-08 03:28:03,PENDING
46,1165.0,6312.41,INR,2026-03-11 15:13:05,FAILED
47,2973.0,725.86,INR,2026-04-14 21:38:07,SUCCESS
48,3287.0,-3806.37,INR,2026-02-06 06:17:57,SUCCESS
49,4916.0,9727.97,INR,2026-06-07 14:53:54,PENDING
50,3308.0,-2295.55,INR,2026-03-20 07:57:57,FAILED
51,4106.0,8236.05,INR,2026-04-07 08:50:48,SUCCESS
52,678.0,6679.12,INR,invalid_date,SUCCESS
53,4369.0,7171.39,INR,2026-01-02 05:57:06,SUCCESS
54,1233.0,6654.91,INR,2026-01-05 02:35:25,SUCCESS
55,270.0,9025.86,INR,2026-03-12 04:57:28,SUCCESS
56,4433.0,5420.97,INR,2026-03-15 00:27:17,PENDING
57,2684.0,8233.93,INR,2026-04-16 00:09:43,PENDING
58,778.0,7457.09,INR,2026-06-15 04:41:08,FAILED
59,2367.0,-7730.12,INR,2026-06-09 21:08:11,PENDING
60,4538.0,4281.44,INR,2026-01-14 09:59:17,FAILED
61,2297.0,7651.16,INR,2026-03-09 17:00:44,FAILED
62,591.0,1091.87,INR,2026-02-03 05:01:23,SUCCESS
63,1668.0,8800.42,INR,2026-03-26 07:52:03,SUCCESS
64,4776.0,1813.81,INR,2026-05-03 07:33:15,PENDING
65,,6535.51,INR,2026-04-02 00:19:55,PENDING
66,2448.0,6346.61,INR,2026-06-07 13:12:08,SUCCESS
67,116.0,2336.47,INR,invalid_date,FAILED
68,3408.0,8542.37,INR,2026-06-01 07:58:21,SUCCESS
69,2408.0,3753.85,INR,2026-03-14 09:40:30,FAILED
70,2791.0,3379.73,INR,2026-03-10 20:04:19,FAILED
71,3797.0,9128.13,INR,2026-04-02 09:37:08,SUCCESS
72,1011.0,5184.67,INR,2026-03-02 14:55:26,FAILED
73,196.0,9497.38,INR,2026-03-19 16:03:15,SUCCESS
74,2024.0,8574.8,INR,2026-01-28 03:09:02,SUCCESS
75,284.0,1714.34,INR,2026-03-16 03:30:12,PENDING
76,3407.0,4685.14,INR,2026-02-23 19:21:39,PENDING
77,248.0,2504.13,INR,2026-04-25 04:35:36,PENDING
78,847.0,9157.61,INR,2026-01-09 10:50:36,FAILED
79,3390.0,1384.05,INR,2026-05-05 12:38:18,FAILED
80,4230.0,9871.7,INR,2026-02-05 19:49:51,PENDING
81,36.0,5581.72,INR,2026-05-07 12:51:53,PENDING
82,736.0,6417.14,INR,2026-03-02 19:59:40,FAILED
83,480.0,3992.79,INR,2026-01-04 14:55:06,SUCCESS
84,3941.0,8472.26,INR,2026-04-10 14:41:23,PENDING
85,2658.0,1571.14,INR,2026-06-16 00:54:31,SUCCESS
86,671.0,8423.6,INR,2026-01-29 09:25:04,PENDING
87,433.0,2043.41,INR,2026-06-02 05:44:26,PENDING
88,2655.0,6429.79,INR,2026-01-16 18:13:10,FAILED
89,3145.0,6029.17,INR,2026-03-24 13:23:25,FAILED
90,4888.0,4218.05,INR,2026-02-16 22:20:43,PENDING
91,694.0,5661.76,INR,2026-05-01 05:37:10,PENDING
92,1320.0,2420.99,INR,2026-02-01 22:36:11,FAILED
93,1186.0,6292.72,INR,2026-02-25 07:21:49,SUCCESS
94,,2159.92,INR,2026-04-28 16:59:45,FAILED
95,2478.0,-6961.61,INR,2026-05-27 13:32:21,PENDING
96,2631.0,4105.08,INR,2026-02-09 03:33:31,SUCCESS
97,,6916.91,INR,2026-03-28 23:29:13,PENDING
98,3952.0,9037.98,INR,2026-04-26 00:39:40,PENDING
99,1613.0,1639.64,INR,2026-04-12 20:05:53,FAILED
100,3768.0,7693.41,INR,2026-03-13 17:42:16,FAILED
101,1617.0,507.39,INR,2026-05-27 09:51:16,SUCCESS
102,583.0,9446.94,INR,2026-02-17 14:01:52,SUCCESS
103,3688.0,4367.15,INR,2026-05-13 22:24:55,SUCCESS
104,2309.0,5503.22,INR,2026-05-16 00:16:18,FAILED
105,,4116.18,INR,2026-05-25 02:17:54,SUCCESS
106,3761.0,3247.41,INR,2026-04-04 01:11:25,FAILED
107,4097.0,1130.1,INR,2026-05-07 11:53:55,PENDING
108,840.0,6755.59,INR,2026-04-02 04:02:30,FAILED
109,4988.0,660.18,INR,2026-05-09 18:47:39,SUCCESS
110,4083.0,4117.58,INR,2026-03-29 22:22:04,FAILED
111,1535.0,7157.52,INR,2026-01-14 09:31:28,PENDING
112,2195.0,6901.1,INR,2026-04-09 21:47:52,PENDING
113,1481.0,1557.84,INR,2026-03-14 03:44:46,SUCCESS
114,4555.0,5758.41,INR,2026-03-25 14:14:04,FAILED
115,1948.0,7541.2,INR,2026-04-30 10:29:48,PENDING
116,3308.0,2807.06,INR,2026-06-07 02:40:35,PENDING
117,3957.0,-4053.02,INR,2026-04-11 03:46:12,FAILED
118,4908.0,2316.95,INR,2026-03-04 18:26:57,PENDING
119,,6915.21,INR,2026-03-13 04:29:17,FAILED
120,496.0,1867.67,INR,2026-04-05 03:57:39,SUCCESS
121,1262.0,5873.62,INR,2026-06-04 16:19:11,FAILED
122,4686.0,6723.72,INR,2026-06-15 16:27:59,SUCCESS
123,2575.0,4411.03,INR,2026-01-21 11:30:58,SUCCESS
124,585.0,6537.13,INR,2026-02-18 20:39:40,FAILED
125,3157.0,3266.56,INR,2026-03-27 00:17:25,SUCCESS
126,4003.0,5217.4,INR,2026-04-15 00:58:04,SUCCESS
127,2508.0,280.49,INR,2026-02-11 08:52:04,SUCCESS
128,3968.0,4511.69,INR,2026-02-17 04:41:09,PENDING
129,284.0,7985.86,INR,2026-04-16 14:54:14,SUCCESS
130,2336.0,2204.23,INR,2026-02-01 17:32:17,SUCCESS
131,4227.0,2494.44,INR,2026-01-24 04:30:51,SUCCESS
132,4036.0,4390.92,INR,2026-01-07 01:07:15,FAILED
133,4812.0,7472.35,INR,2026-02-09 11:30:58,FAILED
134,1722.0,9960.03,INR,2026-06-04 00:23:12,SUCCESS
135,4122.0,5236.53,INR,2026-04-14 21:11:13,FAILED
136,1166.0,7235.6,INR,2026-05-19 03:22:04,PENDING
137,4564.0,6563.93,INR,2026-01-13 18:52:10,FAILED
138,958.0,2837.41,INR,2026-03-12 08:53:43,FAILED
139,2821.0,-6911.11,INR,2026-01-05 22:43:03,SUCCESS
140,437.0,735.25,INR,2026-06-02 18:37:45,PENDING
141,770.0,1234.18,INR,2026-03-30 13:28:33,SUCCESS
142,29.0,4763.13,INR,2026-06-14 07:53:29,SUCCESS
143,448.0,8589.82,INR,2026-05-11 11:10:55,SUCCESS
144,2758.0,9873.51,INR,2026-03-19 09:50:50,PENDING
145,3265.0,3049.33,INR,2026-04-27 09:51:19,SUCCESS
146,905.0,1284.99,INR,2026-06-16 10:51:23,PENDING
147,4509.0,3603.97,INR,2026-01-20 16:02:03,FAILED
148,4724.0,8394.11,INR,2026-02-05 10:33:31,FAILED
149,4313.0,4532.1,INR,2026-03-17 03:04:38,FAILED
150,3279.0,6945.46,INR,2026-02-21 11:36:07,SUCCESS
151,4566.0,8430.26,INR,2026-03-18 11:46:45,PENDING
152,591.0,7399.15,INR,2026-05-18 22:57:18,SUCCESS
153,1525.0,3613.1,INR,2026-05-14 19:18:31,PENDING
154,3786.0,359.92,INR,2026-05-23 16:45:09,PENDING
155,3305.0,1666.82,INR,2026-06-15 05:23:51,SUCCESS
156,1500.0,8584.92,INR,2026-01-21 05:53:57,FAILED
157,192.0,1811.25,INR,2026-02-23 00:15:07,PENDING
158,,8901.27,INR,2026-02-15 04:51:24,SUCCESS
159,2934.0,7479.83,INR,2026-03-16 09:00:19,SUCCESS
160,2535.0,1233.35,INR,2026-03-06 03:50:34,PENDING
161,4805.0,2235.85,INR,2026-02-01 07:13:03,SUCCESS
162,113.0,7529.34,INR,2026-05-26 22:58:15,SUCCESS
163,,4914.6,INR,2026-02-14 10:30:55,SUCCESS
164,1714.0,9446.41,INR,2026-01-27 13:21:57,SUCCESS
165,3364.0,1802.18,INR,2026-02-03 18:22:11,SUCCESS
166,934.0,6691.46,INR,2026-02-17 11:49:29,PENDING
167,3366.0,7497.72,INR,2026-03-06 15:36:44,FAILED
168,2510.0,2286.96,INR,2026-04-22 01:51:33,PENDING
169,278.0,9096.83,INR,2026-05-08 15:39:08,PENDING
170,3199.0,6794.03,INR,2026-03-08 06:40:25,PENDING
171,2948.0,6846.08,INR,2026-03-30 19:28:32,SUCCESS
172,1404.0,1126.33,INR,2026-03-14 22:29:46,PENDING
173,1985.0,-2819.34,INR,2026-02-15 23:08:34,FAILED
174,1447.0,8707.09,INR,2026-01-21 11:53:44,FAILED
175,2058.0,9565.36,INR,2026-05-31 00:20:50,FAILED
176,1396.0,8964.47,INR,2026-01-15 12:41:51,PENDING
177,4023.0,737.92,INR,2026-01-17 03:10:28,FAILED
178,2115.0,-4055.58,INR,2026-02-04 15:35:24,FAILED
179,3200.0,5447.58,INR,2026-01-01 12:20:33,PENDING
180,2709.0,2074.41,INR,2026-03-04 14:55:29,PENDING
181,2903.0,4921.85,INR,2026-04-18 15:41:34,PENDING
182,2075.0,1783.56,INR,2026-03-09 22:54:10,PENDING
183,2998.0,5470.14,INR,2026-04-10 02:39:08,PENDING
184,1820.0,9666.02,INR,2026-04-01 20:35:33,FAILED
185,376.0,-6925.52,INR,2026-05-22 05:13:05,PENDING
186,2434.0,5053.95,INR,2026-05-03 04:51:38,SUCCESS
187,1715.0,7448.56,INR,2026-05-14 16:12:10,SUCCESS
188,4533.0,7780.33,INR,2026-01-28 06:57:15,FAILED
189,501.0,5282.24,INR,2026-03-18 21:08:22,FAILED
190,4833.0,5267.3,INR,2026-01-16 06:13:21,SUCCESS
191,109.0,599.76,INR,2026-05-23 19:33:42,PENDING
192,4938.0,8066.54,INR,2026-05-28 08:06:06,PENDING
193,2979.0,9848.67,INR,2026-04-05 04:27:38,PENDING
194,4291.0,-2623.98,INR,2026-03-08 11:41:03,FAILED
195,1502.0,8912.2,INR,2026-02-11 19:29:29,FAILED
196,1949.0,3834.1,INR,2026-06-06 00:13:09,FAILED
197,2305.0,1669.23,INR,2026-01-27 04:08:19,SUCCESS
198,2464.0,645.35,INR,2026-03-04 08:42:20,SUCCESS
199,4054.0,8528.82,INR,2026-02-16 08:49:18,FAILED
200,4910.0,9513.72,INR,2026-05-06 07:26:46,SUCCESS
201,93.0,6400.75,INR,2026-04-19 11:14:47,FAILED
202,4293.0,2270.71,INR,invalid_date,PENDING
203,1648.0,275.25,INR,2026-03-30 22:43:04,SUCCESS
204,2638.0,9487.56,INR,2026-02-04 02:23:59,PENDING
205,960.0,-6667.49,INR,2026-01-14 10:06:12,FAILED
206,4391.0,7166.57,INR,2026-01-25 06:43:03,FAILED
207,4238.0,4624.53,INR,invalid_date,FAILED
208,4050.0,443.74,INR,2026-06-08 19:44:26,PENDING
209,1648.0,-1397.86,INR,2026-03-25 10:34:03,FAILED
210,2541.0,401.59,INR,2026-03-07 10:19:20,PENDING
211,3194.0,9124.01,INR,2026-03-27 11:54:11,SUCCESS
212,,1921.37,INR,2026-06-10 14:19:30,SUCCESS
213,4152.0,7204.47,INR,2026-04-21 10:25:25,PENDING
214,2045.0,3006.9,INR,2026-04-24 10:49:13,PENDING
215,4126.0,6783.26,INR,2026-02-20 05:30:47,SUCCESS
216,2905.0,5737.75,INR,2026-01-30 02:49:32,FAILED
217,3350.0,2255.81,INR,2026-06-04 20:32:03,FAILED
218,1435.0,4267.92,INR,2026-01-06 17:23:58,FAILED
219,2878.0,-7750.43,INR,2026-02-21 17:11:58,SUCCESS
220,2495.0,6221.61,INR,2026-01-27 16:08:48,SUCCESS
221,1215.0,8948.75,INR,2026-02-04 15:04:29,SUCCESS
222,426.0,860.45,INR,2026-02-28 12:33:25,PENDING
223,1822.0,3708.64,INR,2026-05-10 20:31:36,FAILED
224,3935.0,4406.87,INR,2026-04-27 16:53:50,FAILED
225,1877.0,4384.55,INR,2026-05-16 07:26:24,SUCCESS
226,3775.0,2214.16,INR,2026-03-28 18:15:51,FAILED
227,2513.0,3199.42,INR,2026-03-14 20:11:05,SUCCESS
228,109.0,7679.54,INR,2026-03-04 03:16:37,SUCCESS
229,,1917.81,INR,2026-04-30 20:38:45,PENDING
230,4049.0,7844.86,INR,2026-03-13 11:59:05,SUCCESS
231,2583.0,8271.37,INR,2026-02-13 19:39:22,FAILED
232,145.0,3818.11,INR,2026-02-18 07:23:26,SUCCESS
233,4461.0,2798.9,INR,2026-06-01 21:33:41,PENDING
234,2465.0,9310.66,INR,2026-04-09 14:39:42,FAILED
235,2148.0,9783.35,INR,2026-01-07 00:19:14,PENDING
236,50.0,7615.53,INR,2026-01-25 23:17:16,FAILED
237,543.0,3682.72,INR,2026-04-20 17:23:41,PENDING
238,1693.0,3553.56,INR,2026-06-05 07:03:19,SUCCESS
239,2057.0,4891.67,INR,2026-04-26 04:37:18,PENDING
240,3801.0,3003.5,INR,2026-03-22 13:04:34,FAILED
241,1430.0,8372.8,INR,2026-05-16 16:25:32,FAILED
242,2547.0,5145.18,INR,2026-01-19 00:25:10,PENDING
243,1091.0,7379.68,INR,2026-05-07 13:01:59,SUCCESS
244,813.0,8229.23,INR,2026-02-17 16:45:04,SUCCESS
245,261.0,5008.51,INR,2026-04-17 07:58:53,FAILED
246,3052.0,5699.1,INR,2026-01-27 18:47:56,SUCCESS
247,3665.0,1991.2,INR,2026-02-16 09:25:41,PENDING
248,2660.0,671.16,INR,2026-03-27 06:41:46,SUCCESS
249,4071.0,3359.29,INR,2026-03-14 03:54:00,FAILED
250,2417.0,9289.07,INR,2026-03-21 04:55:03,PENDING
251,2155.0,2361.33,INR,2026-03-05 17:40:42,PENDING
252,3339.0,3941.42,INR,2026-05-20 02:45:48,FAILED
253,426.0,3138.41,INR,2026-03-17 16:07:42,FAILED
254,1845.0,5474.39,INR,2026-05-24 00:07:28,SUCCESS
255,1509.0,9020.93,INR,2026-03-16 15:58:16,PENDING
256,1876.0,7103.08,INR,2026-05-21 15:46:30,SUCCESS
257,2298.0,8101.62,INR,2026-05-17 20:49:18,PENDING
258,4895.0,7721.02,INR,2026-02-04 00:42:05,PENDING
259,3988.0,3736.07,INR,2026-02-10 23:20:54,FAILED
260,1719.0,2970.23,INR,2026-01-08 13:41:58,PENDING
261,866.0,874.26,INR,2026-01-14 03:25:09,FAILED
262,2158.0,5702.22,INR,2026-03-19 07:19:06,FAILED
263,1183.0,1532.16,INR,2026-03-12 15:50:02,PENDING
264,35.0,9173.29,INR,2026-04-06 10:33:21,SUCCESS
265,869.0,9761.25,INR,2026-02-23 18:16:50,FAILED
266,1951.0,1470.26,INR,invalid_date,SUCCESS
267,4031.0,6385.73,INR,2026-04-03 08:17:53,PENDING
268,,1836.03,INR,2026-03-10 23:24:58,FAILED
269,1461.0,3316.8,INR,2026-04-01 19:32:14,FAILED
270,1925.0,7597.31,INR,2026-03-10 00:10:09,FAILED
271,1090.0,3842.01,INR,2026-02-26 21:24:16,PENDING
272,3037.0,4735.91,INR,2026-03-01 21:58:09,FAILED
273,4195.0,9141.34,INR,2026-01-04 19:09:01,FAILED
274,1699.0,9963.39,INR,2026-01-10 19:28:04,PENDING
275,2267.0,1595.51,INR,2026-05-12 03:36:51,PENDING
276,1560.0,8912.81,INR,invalid_date,FAILED
277,883.0,6930.64,INR,2026-06-01 11:27:23,SUCCESS
278,4458.0,2421.03,INR,2026-01-22 06:25:30,SUCCESS
279,3894.0,1346.9,INR,2026-01-19 05:58:29,FAILED
280,,2829.63,INR,2026-01-19 11:55:56,PENDING
281,4710.0,-8973.98,INR,2026-05-03 20:00:32,FAILED
282,3137.0,3407.97,INR,2026-01-10 16:52:08,PENDING
283,2915.0,8441.16,INR,2026-03-27 09:24:18,SUCCESS
284,2201.0,2840.49,INR,2026-06-07 17:16:05,SUCCESS
285,2472.0,7593.04,INR,2026-02-09 10:44:15,FAILED
286,1855.0,8804.85,INR,2026-04-02 22:04:30,FAILED
287,4111.0,1251.62,INR,invalid_date,FAILED
288,226.0,2130.16,INR,2026-03-17 12:28:06,FAILED
289,142.0,3631.93,INR,2026-01-31 15:35:22,SUCCESS
290,412.0,7717.25,INR,2026-03-24 20:06:12,SUCCESS
291,4989.0,1774.38,INR,2026-05-04 10:32:16,PENDING
292,128.0,1428.76,INR,2026-06-13 04:35:39,FAILED
293,3121.0,9980.1,INR,2026-05-02 19:33:40,FAILED
294,2494.0,3339.38,INR,2026-05-18 12:50:38,SUCCESS
295,4946.0,4909.9,INR,2026-03-02 16:21:43,PENDING
296,1244.0,8809.62,INR,2026-02-01 01:44:09,SUCCESS
297,2599.0,7662.21,INR,2026-05-29 00:17:57,PENDING
298,463.0,5883.59,INR,2026-04-15 02:36:06,FAILED
299,1048.0,1928.76,INR,2026-04-25 04:54:30,FAILED
300,3223.0,9682.31,INR,2026-05-23 09:28:53,SUCCESS
301,161.0,9523.82,INR,2026-04-03 05:55:40,PENDING
302,4313.0,7417.41,INR,2026-04-24 10:24:43,SUCCESS
303,2976.0,6234.77,INR,2026-01-06 11:27:23,SUCCESS
304,1515.0,2610.04,INR,2026-02-27 04:19:05,SUCCESS
305,4125.0,-6810.22,INR,2026-05-29 15:17:07,PENDING
306,3472.0,7620.73,INR,2026-04-02 18:35:55,SUCCESS
307,2465.0,8727.64,INR,2026-02-04 22:05:00,PENDING
308,1958.0,2368.91,INR,2026-01-15 08:22:36,FAILED
309,1490.0,8418.99,INR,2026-03-12 12:59:41,PENDING
310,2935.0,3095.48,INR,2026-01-11 21:13:13,SUCCESS
311,830.0,5638.52,INR,2026-01-13 07:36:00,SUCCESS
312,1974.0,3066.67,INR,2026-01-25 16:36:39,PENDING
313,,-7944.93,INR,2026-05-09 20:30:42,FAILED
314,3928.0,4339.42,INR,2026-04-30 21:55:33,SUCCESS
315,4618.0,7129.63,INR,2026-02-10 04:44:53,FAILED
316,82.0,8236.36,INR,2026-02-07 08:21:07,FAILED
317,4388.0,1994.15,INR,2026-01-09 17:12:19,SUCCESS
318,114.0,4534.23,INR,2026-02-25 12:53:15,PENDING
319,894.0,2843.75,INR,2026-06-06 02:39:25,PENDING
320,275.0,4352.1,INR,2026-01-05 09:33:00,FAILED
321,1868.0,6379.84,INR,2026-05-27 10:05:00,SUCCESS
322,858.0,6684.42,INR,2026-06-05 05:17:38,PENDING
323,786.0,6021.32,INR,2026-05-09 20:28:29,FAILED
324,4469.0,-9894.26,INR,2026-03-09 09:44:50,FAILED
325,4241.0,2307.07,INR,2026-03-16 18:42:54,SUCCESS
326,4462.0,6414.05,INR,2026-06-06 17:35:20,SUCCESS
327,3190.0,9311.02,INR,2026-04-20 13:45:50,FAILED
328,1188.0,6450.17,INR,2026-05-15 04:10:46,SUCCESS
329,3762.0,72.43,INR,2026-01-08 19:47:10,FAILED
330,1074.0,3437.38,INR,2026-05-21 06:03:31,FAILED
331,1090.0,5687.21,INR,2026-03-12 21:54:57,SUCCESS
332,1133.0,3787.71,INR,2026-03-03 15:26:18,PENDING
333,2517.0,7604.84,INR,2026-04-29 23:58:48,FAILED
334,3548.0,4619.23,INR,2026-01-09 18:02:44,SUCCESS
335,2134.0,8369.33,INR,2026-03-24 01:26:40,SUCCESS
336,4254.0,4052.78,INR,2026-04-22 21:08:00,FAILED
337,1331.0,8629.73,INR,2026-02-17 02:36:13,PENDING
338,347.0,1655.76,INR,2026-02-13 15:25:53,FAILED
339,705.0,7413.16,INR,2026-01-07 07:41:18,SUCCESS
340,757.0,518.38,INR,2026-04-05 11:29:42,FAILED
341,4469.0,5072.98,INR,2026-06-10 11:43:53,FAILED
342,1396.0,7808.86,INR,2026-01-10 09:15:54,PENDING
343,761.0,485.47,INR,2026-04-17 06:46:27,FAILED
344,4783.0,1853.88,INR,2026-01-22 14:37:45,PENDING
345,4484.0,6901.0,INR,2026-03-02 00:35:04,PENDING
346,4734.0,688.2,INR,2026-03-30 11:23:37,SUCCESS
347,767.0,6948.49,INR,2026-04-12 01:55:04,PENDING
348,4870.0,1245.85,INR,2026-05-12 00:06:40,PENDING
349,3632.0,4226.79,INR,2026-02-06 01:49:47,PENDING
350,3029.0,9508.09,INR,2026-02-03 12:13:06,PENDING
351,4574.0,51.68,INR,2026-04-23 18:17:41,FAILED
352,51.0,1361.15,INR,2026-05-14 23:54:02,PENDING
353,2631.0,3173.87,INR,2026-02-27 18:10:55,SUCCESS
354,2529.0,241.85,INR,2026-06-08 08:45:41,SUCCESS
355,3310.0,2945.75,INR,2026-04-07 10:45:08,FAILED
356,3961.0,860.78,INR,2026-01-28 13:32:54,FAILED
357,4024.0,-6183.42,INR,2026-01-01 18:23:14,FAILED
358,4669.0,774.95,INR,2026-04-09 08:03:18,PENDING
359,1191.0,1492.36,INR,2026-01-20 01:44:14,FAILED
360,4665.0,3136.82,INR,2026-04-01 01:03:54,FAILED
361,4420.0,9121.94,INR,2026-05-10 14:52:53,FAILED
362,1807.0,699.45,INR,2026-02-11 20:03:54,FAILED
363,4876.0,496.94,INR,2026-05-26 12:25:21,FAILED
364,457.0,8059.12,INR,2026-03-20 23:25:50,SUCCESS
365,2006.0,8669.05,INR,2026-01-29 10:07:45,FAILED
366,1703.0,105.79,INR,2026-05-12 17:10:57,PENDING
367,3632.0,871.13,INR,2026-01-24 15:17:19,SUCCESS
368,3901.0,8757.75,INR,2026-02-02 17:56:20,PENDING
369,2786.0,781.93,INR,2026-04-02 00:41:56,FAILED
370,3517.0,568.75,INR,2026-05-25 07:21:29,SUCCESS
371,1930.0,73.2,INR,2026-05-18 10:24:00,SUCCESS
372,4650.0,2944.98,INR,2026-01-24 02:03:13,PENDING
373,3916.0,7506.66,INR,2026-04-03 20:32:59,SUCCESS
374,2482.0,5281.35,INR,2026-01-22 17:10:42,FAILED
375,3355.0,8408.95,INR,2026-05-21 18:52:57,FAILED
376,3600.0,8447.25,INR,2026-03-06 13:41:42,PENDING
377,2924.0,2017.83,INR,2026-03-04 22:46:26,PENDING
378,1593.0,4322.57,INR,2026-03-14 05:09:02,FAILED
379,4915.0,2507.86,INR,invalid_date,SUCCESS
380,4821.0,8707.61,INR,2026-01-30 19:11:57,SUCCESS
381,4493.0,5322.15,INR,2026-05-18 03:06:18,PENDING
382,1741.0,6445.74,INR,2026-06-12 14:02:19,FAILED
383,465.0,4125.57,INR,2026-05-05 23:03:41,SUCCESS
384,3447.0,4589.07,INR,2026-01-17 12:38:56,FAILED
385,680.0,3817.17,INR,2026-01-24 12:49:18,PENDING
386,491.0,-2382.83,INR,2026-02-21 09:03:09,PENDING
387,4705.0,557.61,INR,2026-01-12 06:34:41,PENDING
388,4282.0,1322.69,INR,2026-04-29 17:35:51,SUCCESS
389,3668.0,9295.84,INR,2026-05-12 06:11:10,FAILED
390,950.0,5739.2,INR,2026-01-15 16:53:05,FAILED
391,423.0,3745.92,INR,2026-05-28 05:13:13,SUCCESS
392,4412.0,1932.93,INR,2026-06-09 07:20:50,FAILED
393,2915.0,8336.9,INR,2026-02-11 18:07:50,SUCCESS
394,103.0,8961.83,INR,2026-03-20 05:43:42,SUCCESS
395,2698.0,5699.81,INR,2026-04-02 14:02:59,FAILED
396,2102.0,1577.77,INR,2026-05-02 22:01:37,SUCCESS
397,2471.0,3307.59,INR,2026-06-07 19:12:20,SUCCESS
398,4505.0,3187.42,INR,2026-04-21 04:17:39,PENDING
399,169.0,9041.22,INR,2026-06-16 16:42:59,PENDING
400,1859.0,6491.39,INR,2026-03-19 03:11:17,PENDING
401,3298.0,4520.45,INR,2026-02-14 15:01:54,SUCCESS
402,779.0,9204.01,INR,2026-04-14 21:09:50,FAILED
403,1117.0,2686.34,INR,2026-05-01 17:58:34,SUCCESS
404,4077.0,3194.77,INR,2026-01-14 02:22:45,SUCCESS
405,4779.0,6850.53,INR,2026-01-26 09:30:37,FAILED
406,3377.0,3553.05,INR,2026-05-21 23:05:47,SUCCESS
407,,8795.25,INR,2026-04-27 08:06:46,PENDING
408,4618.0,17.68,INR,2026-03-18 01:27:37,SUCCESS
409,1507.0,4171.51,INR,invalid_date,SUCCESS
410,417.0,7240.87,INR,2026-02-16 12:20:06,FAILED
411,3827.0,2243.2,INR,2026-01-28 06:35:58,PENDING
412,246.0,-5237.76,INR,2026-03-23 09:06:35,FAILED
413,1694.0,7532.54,INR,2026-04-18 11:49:59,PENDING
414,4761.0,8912.22,INR,2026-03-19 10:22:28,PENDING
415,4052.0,2086.98,INR,2026-05-30 21:34:56,PENDING
416,4338.0,754.7,INR,2026-05-13 13:19:26,PENDING
417,4831.0,9497.54,INR,2026-05-26 21:34:48,PENDING
418,492.0,3039.74,INR,2026-05-06 14:42:02,SUCCESS
419,1911.0,1813.22,INR,2026-04-22 04:30:49,SUCCESS
420,4036.0,6626.49,INR,2026-04-22 02:22:44,PENDING
421,1607.0,-7601.54,INR,2026-06-05 10:00:58,FAILED
422,4698.0,1383.17,INR,2026-03-15 01:38:54,FAILED
423,657.0,9635.93,INR,2026-02-22 12:38:44,FAILED
424,4792.0,2051.56,INR,2026-01-03 07:12:36,PENDING
425,1416.0,4983.87,INR,2026-04-16 18:29:48,PENDING
426,1926.0,9751.71,INR,invalid_date,FAILED
427,1117.0,3534.53,INR,2026-02-17 18:49:11,SUCCESS
428,4301.0,3846.81,INR,2026-03-08 15:55:52,SUCCESS
429,2992.0,3897.21,INR,2026-03-04 22:56:05,SUCCESS
430,4148.0,1455.85,INR,2026-03-07 08:58:58,SUCCESS
431,3654.0,9418.11,INR,2026-06-03 04:14:50,PENDING
432,3905.0,2320.87,INR,2026-01-11 15:53:37,PENDING
433,3820.0,3693.22,INR,2026-05-10 23:22:37,FAILED
434,3089.0,9521.6,INR,2026-02-02 10:55:26,FAILED
435,949.0,5173.71,INR,2026-01-22 13:45:33,PENDING
436,3670.0,6163.4,INR,2026-03-25 14:09:20,FAILED
437,1663.0,1575.49,INR,2026-04-04 20:25:21,PENDING
438,2106.0,8634.69,INR,2026-01-04 17:11:50,FAILED
439,792.0,3474.22,INR,invalid_date,PENDING
440,870.0,2773.56,INR,2026-05-03 08:29:43,PENDING
441,1329.0,5988.05,INR,2026-03-17 19:25:24,SUCCESS
442,2954.0,4252.73,INR,2026-01-18 08:04:57,SUCCESS
443,2606.0,1240.33,INR,2026-03-27 19:42:11,PENDING
444,1151.0,8132.81,INR,2026-06-17 18:40:23,SUCCESS
445,4537.0,8033.17,INR,2026-02-05 16:47:17,PENDING
446,3602.0,9177.31,INR,2026-04-25 13:54:17,SUCCESS
447,3403.0,9092.75,INR,2026-05-23 09:49:46,SUCCESS
448,3904.0,9071.89,INR,2026-05-01 11:03:37,SUCCESS
449,1565.0,5225.87,INR,2026-01-15 03:01:43,SUCCESS
450,531.0,669.12,INR,2026-06-16 07:57:29,SUCCESS
451,4176.0,4409.54,INR,2026-01-29 07:46:57,PENDING
452,3678.0,6300.07,INR,2026-05-27 05:07:44,SUCCESS
453,1796.0,1591.42,INR,2026-02-28 07:08:08,PENDING
454,2078.0,1333.16,INR,2026-03-03 03:22:11,FAILED
455,3038.0,4531.27,INR,2026-05-07 10:05:24,PENDING
456,660.0,3831.95,INR,2026-04-13 21:42:56,PENDING
457,1384.0,4193.12,INR,2026-03-25 23:32:47,SUCCESS
458,1646.0,4308.53,INR,2026-05-10 13:39:39,PENDING
459,4707.0,2855.44,INR,2026-06-11 13:46:10,FAILED
460,3772.0,8731.0,INR,2026-01-05 03:44:16,SUCCESS
461,1299.0,4916.72,INR,2026-04-05 14:02:00,FAILED
462,1994.0,7975.47,INR,2026-03-21 06:50:22,FAILED
463,529.0,1197.63,INR,2026-04-26 12:45:52,SUCCESS
464,4888.0,5358.88,INR,2026-04-30 16:35:14,FAILED
465,2964.0,3742.75,INR,2026-04-05 18:44:51,SUCCESS
466,4835.0,1741.73,INR,2026-02-25 18:51:30,FAILED
467,834.0,8213.54,INR,2026-02-15 18:24:21,PENDING
468,4941.0,2530.26,INR,2026-05-16 23:41:45,FAILED
469,4944.0,1966.6,INR,2026-04-13 17:07:12,SUCCESS
470,3511.0,4496.68,INR,2026-05-26 08:09:47,FAILED
471,,7305.23,INR,2026-01-05 13:21:03,SUCCESS
472,4597.0,5278.3,INR,2026-01-11 21:39:17,PENDING
473,995.0,5772.12,INR,2026-04-05 20:19:53,SUCCESS
474,4658.0,7555.12,INR,2026-04-26 19:13:56,PENDING
475,2196.0,4754.87,INR,2026-06-02 09:38:46,SUCCESS
476,3286.0,9526.91,INR,2026-03-17 02:37:54,FAILED
477,598.0,6279.7,INR,2026-04-06 00:41:32,SUCCESS
478,2011.0,8576.91,INR,2026-06-09 04:49:18,SUCCESS
479,351.0,5630.44,INR,2026-05-03 02:45:27,PENDING
480,173.0,6932.45,INR,2026-05-10 05:39:01,FAILED
481,2951.0,9575.41,INR,invalid_date,PENDING
482,650.0,3264.44,INR,2026-03-23 09:00:01,FAILED
483,129.0,1681.38,INR,2026-05-05 15:11:38,PENDING
484,3763.0,5465.47,INR,2026-05-10 02:49:26,FAILED
485,2275.0,4166.09,INR,2026-04-25 19:41:02,FAILED
486,4788.0,-8639.48,INR,2026-01-13 00:03:35,FAILED
487,1937.0,120.18,INR,2026-06-03 17:47:40,SUCCESS
488,4455.0,6075.02,INR,2026-03-25 22:34:19,FAILED
489,643.0,4933.16,INR,2026-01-09 11:22:09,FAILED
490,1508.0,6415.23,INR,2026-01-20 15:52:18,PENDING
491,,8317.62,INR,2026-05-21 09:47:08,SUCCESS
492,2351.0,3208.38,INR,2026-04-10 08:12:12,FAILED
493,3252.0,9988.58,INR,2026-04-24 00:05:23,PENDING
494,3963.0,3536.68,INR,2026-04-25 14:53:23,SUCCESS
495,4494.0,7828.43,INR,2026-05-23 10:06:17,PENDING
496,1748.0,1913.27,INR,2026-06-01 08:07:30,PENDING
497,817.0,9634.79,INR,2026-05-22 09:08:36,PENDING
498,3231.0,5454.56,INR,2026-01-07 18:15:24,PENDING
499,2264.0,5038.91,INR,2026-03-17 22:55:19,SUCCESS
500,1224.0,3493.69,INR,2026-03-14 21:17:13,SUCCESS
501,27.0,450.78,INR,2026-01-18 05:10:36,FAILED
502,420.0,8632.51,INR,2026-02-07 18:23:58,FAILED
503,4690.0,5192.78,INR,2026-05-29 15:04:17,SUCCESS
504,1967.0,3715.76,INR,2026-01-06 17:30:44,PENDING
505,3284.0,7799.62,INR,2026-03-14 04:43:54,FAILED
506,4219.0,192.15,INR,2026-01-17 12:54:45,PENDING
507,717.0,1301.82,INR,2026-01-21 04:57:24,FAILED
508,3079.0,8232.33,INR,2026-01-05 16:01:19,PENDING
509,1228.0,1385.3,INR,2026-02-20 11:00:32,SUCCESS
510,1241.0,7708.54,INR,2026-05-02 07:24:18,FAILED
511,2498.0,2594.68,INR,2026-02-23 11:52:33,PENDING
512,1240.0,7320.8,INR,2026-01-31 09:04:05,SUCCESS
513,626.0,7432.89,INR,2026-02-01 20:49:14,PENDING
514,2260.0,7343.39,INR,2026-05-20 14:50:42,SUCCESS
515,4464.0,1421.35,INR,2026-04-16 12:27:38,SUCCESS
516,128.0,3663.5,INR,2026-06-15 15:55:30,SUCCESS
517,4031.0,1644.14,INR,2026-06-12 07:51:43,FAILED
518,3260.0,-5021.92,INR,2026-04-30 21:41:58,PENDING
519,4570.0,8624.02,INR,2026-04-24 17:07:51,PENDING
520,4668.0,2702.93,INR,2026-01-16 01:05:21,SUCCESS
521,4561.0,1435.84,INR,2026-05-08 05:27:09,SUCCESS
522,647.0,5241.24,INR,2026-06-09 22:28:44,PENDING
523,2086.0,7994.38,INR,invalid_date,PENDING
524,3002.0,7168.99,INR,2026-06-09 11:54:32,SUCCESS
525,4654.0,9240.8,INR,2026-03-24 17:15:56,SUCCESS
526,3933.0,8629.65,INR,2026-01-06 14:15:46,PENDING
527,3538.0,1496.92,INR,2026-02-04 18:02:41,FAILED
528,1484.0,2412.69,INR,2026-06-15 17:21:09,SUCCESS
529,429.0,125.11,INR,2026-01-12 08:38:33,FAILED
530,1292.0,8516.0,INR,2026-01-31 10:09:46,PENDING
531,1527.0,7190.52,INR,2026-06-01 18:26:30,PENDING
532,4353.0,643.45,INR,2026-06-10 00:01:17,PENDING
533,2191.0,3058.38,INR,2026-02-27 07:15:24,PENDING
534,1909.0,2874.03,INR,2026-01-11 18:48:00,PENDING
535,2028.0,6245.35,INR,2026-05-19 05:45:39,FAILED
536,,1114.07,INR,2026-03-27 23:26:23,PENDING
537,4676.0,3252.11,INR,2026-03-07 22:40:29,FAILED
538,4993.0,8372.29,INR,2026-03-31 13:18:19,SUCCESS
539,2651.0,8835.11,INR,2026-05-22 03:32:18,PENDING
540,1877.0,4706.05,INR,2026-01-13 23:57:05,PENDING
541,18.0,6545.15,INR,2026-03-18 04:40:31,SUCCESS
542,1443.0,48.03,INR,2026-01-21 15:39:44,SUCCESS
543,2360.0,8544.96,INR,2026-04-28 16:28:26,PENDING
544,1352.0,1154.86,INR,2026-06-17 17:08:12,FAILED
545,476.0,6956.69,INR,2026-02-12 01:17:29,SUCCESS
546,4488.0,8668.7,INR,2026-03-19 20:42:14,FAILED
547,1710.0,2324.61,INR,2026-03-14 01:31:03,SUCCESS
548,3482.0,-690.09,INR,2026-01-01 02:04:03,PENDING
549,4281.0,-2235.8,INR,2026-04-22 07:34:37,PENDING
550,3773.0,5478.1,INR,2026-03-21 17:27:51,FAILED
551,1709.0,920.48,INR,2026-06-15 20:32:34,PENDING
552,2055.0,7482.78,INR,2026-01-26 19:50:56,SUCCESS
553,3482.0,-8998.73,INR,2026-02-22 11:45:52,PENDING
554,3241.0,2867.87,INR,2026-05-16 16:07:05,SUCCESS
555,605.0,9182.17,INR,2026-04-13 21:38:08,PENDING
556,829.0,6228.35,INR,2026-05-18 00:45:35,PENDING
557,2778.0,3577.16,INR,2026-03-15 14:36:34,PENDING
558,3509.0,2516.91,INR,2026-01-22 11:20:15,SUCCESS
559,3088.0,-1448.94,INR,2026-02-28 13:31:43,FAILED
560,1906.0,8324.45,INR,2026-05-21 06:08:56,SUCCESS
561,478.0,775.9,INR,2026-02-04 14:29:41,FAILED
562,2803.0,9006.57,INR,2026-05-04 01:52:44,PENDING
563,4009.0,4836.75,INR,2026-01-09 21:45:40,FAILED
564,1381.0,5592.62,INR,2026-04-18 01:51:28,PENDING
565,1061.0,8591.33,INR,invalid_date,SUCCESS
566,2740.0,-7872.51,INR,2026-04-28 16:14:14,SUCCESS
567,4768.0,3955.68,INR,2026-04-17 06:54:24,FAILED
568,3025.0,607.41,INR,2026-03-15 15:43:37,SUCCESS
569,366.0,2282.35,INR,2026-05-20 10:00:11,PENDING
570,323.0,4959.84,INR,2026-01-09 03:27:08,FAILED
571,2197.0,5799.59,INR,2026-02-21 22:52:44,FAILED
572,3071.0,9393.04,INR,2026-04-26 10:54:42,FAILED
573,3900.0,1852.23,INR,2026-03-11 17:14:02,PENDING
574,,3037.82,INR,2026-01-31 06:57:14,FAILED
575,2700.0,5185.68,INR,2026-01-15 15:27:55,PENDING
576,909.0,4980.24,INR,2026-03-07 18:23:49,PENDING
577,1456.0,9647.5,INR,2026-01-17 22:39:14,SUCCESS
578,867.0,5195.91,INR,2026-04-09 19:32:02,PENDING
579,1727.0,9027.55,INR,2026-01-01 09:04:28,FAILED
580,2029.0,3876.51,INR,2026-03-24 11:52:26,FAILED
581,3218.0,5615.94,INR,2026-06-10 09:33:43,SUCCESS
582,1374.0,2704.25,INR,2026-04-14 13:58:40,FAILED
583,4864.0,7980.35,INR,2026-02-10 02:53:41,FAILED
584,3826.0,2951.57,INR,2026-03-28 23:31:53,FAILED
585,1212.0,9666.58,INR,2026-02-10 00:30:58,FAILED
586,791.0,9744.0,INR,2026-02-23 23:36:07,FAILED
587,4240.0,9724.08,INR,2026-02-08 03:04:48,FAILED
588,478.0,4737.82,INR,2026-02-03 14:15:39,FAILED
589,1547.0,-8599.3,INR,2026-05-14 20:32:00,FAILED
590,2020.0,6699.02,INR,2026-05-01 01:44:03,FAILED
591,754.0,-6870.43,INR,2026-05-09 02:28:59,FAILED
592,3648.0,1551.18,INR,2026-04-30 06:15:12,FAILED
593,2593.0,9227.27,INR,2026-05-25 03:10:49,SUCCESS
594,4639.0,5346.58,INR,2026-02-16 05:17:51,SUCCESS
595,,1543.96,INR,2026-04-12 13:23:52,SUCCESS
596,445.0,2043.03,INR,2026-03-30 07:23:29,PENDING
597,3733.0,5554.38,INR,2026-04-29 11:30:56,FAILED
598,4606.0,2366.03,INR,2026-02-28 13:40:59,SUCCESS
599,3310.0,9834.08,INR,2026-01-21 03:14:59,SUCCESS
600,,7564.47,INR,2026-01-06 16:19:16,SUCCESS
601,4974.0,4212.95,INR,2026-03-09 23:46:27,SUCCESS
602,373.0,3780.02,INR,2026-06-15 21:47:48,FAILED
603,3177.0,8288.1,INR,2026-05-14 15:10:21,PENDING
604,914.0,7206.8,INR,2026-04-20 09:24:31,SUCCESS
605,,3660.62,INR,2026-05-07 22:45:38,FAILED
606,942.0,1513.05,INR,2026-01-05 19:06:05,SUCCESS
607,2094.0,1284.32,INR,2026-03-13 13:10:22,SUCCESS
608,4458.0,-3626.23,INR,2026-04-14 08:07:21,FAILED
609,2538.0,6351.96,INR,2026-03-13 21:03:40,PENDING
610,1164.0,5996.01,INR,invalid_date,FAILED
611,2240.0,184.03,INR,2026-05-25 19:09:06,SUCCESS
612,453.0,9211.85,INR,2026-06-04 03:30:48,PENDING
613,2884.0,7626.8,INR,2026-04-17 21:43:27,FAILED
614,1408.0,3065.04,INR,2026-01-30 07:18:57,PENDING
615,3292.0,105.31,INR,2026-03-24 19:29:22,SUCCESS
616,3911.0,9679.07,INR,2026-04-10 09:06:24,SUCCESS
617,4824.0,219.39,INR,2026-01-16 21:12:51,FAILED
618,856.0,1344.84,INR,2026-06-15 22:10:53,PENDING
619,1874.0,2804.78,INR,2026-04-26 21:58:47,SUCCESS
620,2500.0,256.18,INR,2026-04-27 17:54:49,FAILED
621,3362.0,7384.45,INR,2026-01-11 04:38:27,FAILED
622,3547.0,4941.0,INR,2026-02-14 08:58:45,SUCCESS
623,352.0,7802.38,INR,2026-03-28 02:00:01,SUCCESS
624,1015.0,3812.52,INR,2026-03-30 19:47:52,SUCCESS
625,4893.0,208.65,INR,2026-05-19 17:01:28,SUCCESS
626,2501.0,9054.48,INR,2026-04-30 17:27:14,PENDING
627,423.0,9381.46,INR,2026-05-01 00:39:40,PENDING
628,2871.0,7686.76,INR,2026-02-28 10:49:27,FAILED
629,611.0,1298.93,INR,2026-05-09 22:41:24,PENDING
630,3092.0,5802.18,INR,2026-06-07 15:01:15,PENDING
631,3280.0,7611.74,INR,2026-04-15 03:41:15,SUCCESS
632,4815.0,7773.7,INR,2026-03-05 02:40:39,PENDING
633,351.0,6536.88,INR,2026-02-07 04:27:44,PENDING
634,4975.0,4962.52,INR,2026-02-05 02:14:59,SUCCESS
635,4359.0,3362.1,INR,2026-05-03 22:49:37,FAILED
636,4133.0,3711.09,INR,2026-03-04 11:37:50,FAILED
637,3813.0,2587.32,INR,2026-04-25 22:14:17,SUCCESS
638,3594.0,1371.36,INR,2026-04-16 23:15:44,PENDING
639,3248.0,921.36,INR,2026-05-01 13:29:22,SUCCESS
640,3390.0,7904.75,INR,2026-05-08 21:22:46,PENDING
641,1912.0,2875.08,INR,2026-05-30 09:22:27,FAILED
642,2002.0,6139.11,INR,2026-02-16 00:29:37,PENDING
643,2062.0,6616.89,INR,2026-02-02 20:29:21,PENDING
644,3890.0,1367.0,INR,2026-05-03 23:12:14,PENDING
645,3214.0,2375.1,INR,2026-01-11 11:58:27,PENDING
646,2572.0,3649.16,INR,2026-01-22 04:04:23,SUCCESS
647,,7073.27,INR,2026-02-17 17:36:17,FAILED
648,2938.0,8720.92,INR,2026-05-16 06:55:21,FAILED
649,4027.0,7168.42,INR,2026-05-19 10:26:53,FAILED
650,1842.0,7410.54,INR,2026-03-11 12:36:25,FAILED
651,1250.0,-3702.97,INR,2026-05-30 16:09:21,PENDING
652,602.0,3611.85,INR,2026-01-29 00:15:55,PENDING
653,1560.0,5649.89,INR,2026-06-12 18:21:26,PENDING
654,3599.0,9947.22,INR,2026-05-01 09:27:20,PENDING
655,4511.0,7619.2,INR,2026-05-03 12:24:26,PENDING
656,3346.0,9279.67,INR,2026-04-23 18:21:48,PENDING
657,,5811.12,INR,2026-05-10 05:15:16,PENDING
658,3332.0,3955.21,INR,2026-05-10 21:16:08,PENDING
659,913.0,7598.24,INR,2026-04-08 17:45:46,SUCCESS
660,4918.0,9943.81,INR,2026-01-28 18:06:40,SUCCESS
661,173.0,-4820.92,INR,2026-01-27 00:43:16,SUCCESS
662,2221.0,9282.29,INR,2026-03-09 16:47:53,FAILED
663,1806.0,6334.01,INR,2026-01-10 03:49:02,PENDING
664,1214.0,9289.56,INR,2026-02-13 21:55:34,FAILED
665,836.0,3434.48,INR,2026-03-05 03:46:00,FAILED
666,3932.0,1461.15,INR,2026-04-24 18:02:50,PENDING
667,192.0,3968.29,INR,2026-02-19 13:33:25,PENDING
668,1804.0,3629.07,INR,2026-03-10 12:30:24,PENDING
669,445.0,1137.23,INR,2026-03-20 10:40:14,FAILED
670,1951.0,7663.02,INR,2026-01-20 19:39:24,PENDING
671,1695.0,1071.82,INR,2026-04-02 21:10:24,FAILED
672,1154.0,3562.05,INR,2026-04-27 14:23:06,FAILED
673,16.0,-9038.32,INR,2026-06-15 12:27:42,FAILED
674,509.0,5138.84,INR,2026-01-05 09:26:04,SUCCESS
675,3183.0,3026.79,INR,2026-02-18 20:34:02,PENDING
676,3573.0,2983.13,INR,2026-04-05 02:49:27,SUCCESS
677,754.0,1820.27,INR,2026-05-27 16:58:49,PENDING
678,1372.0,5469.56,INR,2026-04-06 11:48:11,PENDING
679,2626.0,3069.78,INR,2026-06-19 09:46:10,SUCCESS
680,4657.0,9416.95,INR,2026-05-23 01:20:36,FAILED
681,779.0,7332.74,INR,2026-03-28 07:02:47,SUCCESS
682,1084.0,-927.57,INR,2026-05-18 06:49:18,FAILED
683,4973.0,351.46,INR,invalid_date,FAILED
684,111.0,8279.25,INR,2026-06-04 15:08:34,SUCCESS
685,1790.0,887.52,INR,invalid_date,SUCCESS
686,878.0,4716.95,INR,2026-02-18 06:24:51,PENDING
687,998.0,4107.35,INR,2026-05-28 16:31:31,SUCCESS
688,,9671.22,INR,2026-04-23 17:24:19,PENDING
689,446.0,2028.67,INR,2026-01-22 00:02:20,PENDING
690,2743.0,8883.67,INR,2026-04-23 07:36:19,FAILED
691,3764.0,5478.65,INR,2026-02-19 08:22:15,SUCCESS
692,1497.0,1498.91,INR,2026-05-21 04:14:05,PENDING
693,3297.0,4227.4,INR,2026-01-13 09:58:15,FAILED
694,3331.0,9373.41,INR,2026-01-14 19:18:33,PENDING
695,187.0,6101.93,INR,2026-06-16 19:16:11,FAILED
696,2691.0,985.21,INR,2026-01-25 05:04:58,PENDING
697,3716.0,7797.04,INR,2026-02-23 09:09:33,SUCCESS
698,4763.0,4501.86,INR,2026-02-27 21:03:17,PENDING
699,4240.0,5585.35,INR,2026-04-27 02:56:30,FAILED
700,356.0,1165.69,INR,2026-04-09 17:11:05,SUCCESS
701,355.0,5319.48,INR,2026-01-10 05:06:57,SUCCESS
702,3051.0,7966.19,INR,2026-03-22 08:08:27,PENDING
703,2767.0,5634.16,INR,2026-02-08 09:32:21,FAILED
704,4426.0,5227.18,INR,2026-01-03 04:23:15,PENDING
705,501.0,2470.2,INR,2026-01-08 17:15:45,SUCCESS
706,1407.0,541.36,INR,2026-02-18 02:29:46,PENDING
707,949.0,-608.47,INR,2026-02-20 05:52:09,FAILED
708,4479.0,153.5,INR,2026-02-02 15:13:39,SUCCESS
709,99.0,5020.7,INR,2026-05-29 15:52:10,SUCCESS
710,157.0,1244.3,INR,2026-04-23 23:19:03,SUCCESS
711,3614.0,8285.81,INR,2026-06-07 17:22:41,PENDING
712,3896.0,1845.44,INR,2026-03-15 01:08:44,SUCCESS
713,3921.0,7175.99,INR,invalid_date,SUCCESS
714,650.0,393.12,INR,2026-04-09 10:16:39,FAILED
715,2526.0,-2937.23,INR,2026-02-12 11:29:29,SUCCESS
716,2844.0,7906.83,INR,2026-04-03 16:33:15,PENDING
717,3578.0,4836.03,INR,2026-01-18 20:55:32,PENDING
718,62.0,1386.12,INR,2026-02-28 22:59:27,SUCCESS
719,3375.0,257.24,INR,2026-04-20 00:50:51,FAILED
720,1924.0,6031.39,INR,2026-06-15 16:37:39,FAILED
721,161.0,2138.73,INR,2026-02-25 04:20:16,PENDING
722,450.0,4687.45,INR,2026-01-10 18:19:29,FAILED
723,3280.0,2660.15,INR,2026-04-11 14:51:41,FAILED
724,1873.0,8566.94,INR,2026-01-24 03:04:13,FAILED
725,1111.0,7029.61,INR,2026-01-18 00:36:47,SUCCESS
726,2263.0,8628.17,INR,2026-05-24 08:16:40,SUCCESS
727,2600.0,4706.45,INR,2026-04-10 22:21:57,SUCCESS
728,4196.0,-1750.08,INR,2026-05-24 13:37:16,PENDING
729,2647.0,5751.72,INR,2026-04-05 14:37:25,PENDING
730,2707.0,86.08,INR,2026-05-03 03:15:41,PENDING
731,1829.0,7148.34,INR,2026-03-23 01:04:46,SUCCESS
732,4729.0,5823.53,INR,2026-01-06 02:10:05,PENDING
733,765.0,9738.18,INR,2026-05-14 01:20:22,SUCCESS
734,3238.0,-942.65,INR,2026-06-14 09:22:32,FAILED
735,901.0,8124.01,INR,2026-03-18 08:59:40,SUCCESS
736,975.0,9933.29,INR,2026-04-23 08:09:33,PENDING
737,719.0,631.57,INR,2026-02-08 00:18:12,FAILED
738,2094.0,4890.72,INR,2026-02-08 03:00:28,PENDING
739,3541.0,-1441.13,INR,2026-01-02 18:14:57,PENDING
740,3322.0,1169.53,INR,2026-04-11 19:55:43,PENDING
741,3135.0,9634.19,INR,2026-05-12 01:08:39,FAILED
742,4283.0,4921.33,INR,2026-06-11 10:32:52,SUCCESS
743,1204.0,6617.52,INR,2026-01-26 00:30:45,FAILED
744,215.0,7489.2,INR,2026-02-17 19:46:01,SUCCESS
745,2333.0,5026.77,INR,2026-04-21 10:22:54,SUCCESS
746,40.0,7115.23,INR,2026-06-01 17:32:57,FAILED
747,3663.0,169.32,INR,2026-06-18 00:14:19,PENDING
748,3373.0,3250.14,INR,2026-03-24 21:03:12,SUCCESS
749,3007.0,65.77,INR,2026-04-16 01:21:25,SUCCESS
750,1288.0,3321.03,INR,2026-02-15 17:57:08,SUCCESS
751,4776.0,6140.78,INR,2026-02-24 14:04:39,FAILED
752,921.0,8854.66,INR,2026-02-22 01:38:59,FAILED
753,2201.0,1334.92,INR,2026-06-07 11:11:43,PENDING
754,1568.0,8660.78,INR,2026-02-03 04:39:17,PENDING
755,1395.0,7076.94,INR,2026-02-11 17:16:55,SUCCESS
756,1545.0,8897.34,INR,2026-02-07 06:52:03,PENDING
757,1300.0,7781.89,INR,2026-03-20 23:38:29,PENDING
758,4334.0,7105.43,INR,2026-02-18 09:51:58,FAILED
759,1891.0,7662.54,INR,2026-06-17 07:30:26,FAILED
760,3703.0,6395.98,INR,2026-03-17 12:27:17,SUCCESS
761,3877.0,9569.37,INR,2026-01-26 10:01:46,FAILED
762,1236.0,6942.24,INR,2026-06-15 23:33:13,FAILED
763,3215.0,22.88,INR,2026-02-14 03:12:42,SUCCESS
764,2609.0,5936.31,INR,2026-02-04 12:32:36,FAILED
765,920.0,8486.6,INR,2026-04-26 18:30:47,SUCCESS
766,736.0,2957.81,INR,2026-01-30 12:37:01,FAILED
767,4435.0,5566.64,INR,2026-05-04 00:52:02,SUCCESS
768,4959.0,1513.47,INR,2026-03-03 17:08:18,SUCCESS
769,3583.0,385.97,INR,2026-02-16 19:14:12,PENDING
770,645.0,1282.52,INR,2026-03-27 03:41:37,FAILED
771,2714.0,2755.76,INR,2026-05-16 16:43:14,SUCCESS
772,240.0,2728.55,INR,2026-01-14 17:21:39,PENDING
773,560.0,4137.63,INR,2026-05-18 08:30:37,SUCCESS
774,2874.0,5483.4,INR,2026-06-01 21:22:23,PENDING
775,574.0,5237.66,INR,2026-05-18 01:58:00,PENDING
776,920.0,8051.2,INR,2026-06-14 06:56:58,SUCCESS
777,4645.0,-8450.38,INR,2026-03-22 04:36:18,FAILED
778,3369.0,7656.67,INR,2026-05-19 13:15:50,SUCCESS
779,2679.0,1017.58,INR,2026-05-19 19:21:59,FAILED
780,322.0,4969.71,INR,2026-02-15 10:59:09,SUCCESS
781,4350.0,8230.97,INR,2026-04-10 13:20:57,FAILED
782,4741.0,6187.18,INR,2026-04-03 19:21:10,SUCCESS
783,1236.0,3651.87,INR,2026-05-18 14:36:25,FAILED
784,2892.0,-9827.86,INR,2026-06-07 01:50:28,SUCCESS
785,3848.0,4478.47,INR,2026-05-03 04:44:57,FAILED
786,3209.0,4421.57,INR,invalid_date,PENDING
787,3830.0,3826.99,INR,2026-05-07 01:48:44,FAILED
788,404.0,9725.6,INR,2026-01-01 02:15:27,FAILED
789,1484.0,5129.74,INR,2026-04-08 16:40:00,PENDING
790,843.0,815.41,INR,2026-03-29 15:09:15,SUCCESS
791,4866.0,8543.16,INR,2026-01-12 21:30:19,FAILED
792,2451.0,1663.32,INR,2026-04-02 07:25:00,PENDING
793,3285.0,9736.35,INR,2026-03-10 17:08:40,FAILED
794,3396.0,7381.8,INR,2026-05-05 10:44:25,PENDING
795,1676.0,6086.37,INR,2026-01-27 02:17:17,SUCCESS
796,1255.0,386.16,INR,2026-02-27 17:40:33,SUCCESS
797,3139.0,3304.59,INR,2026-03-20 14:54:27,SUCCESS
798,4794.0,8723.85,INR,2026-02-27 07:52:37,SUCCESS
799,4619.0,1008.51,INR,2026-05-17 07:40:04,FAILED
800,4601.0,6456.79,INR,2026-06-02 07:24:15,PENDING
801,,7469.11,INR,2026-04-10 14:21:17,PENDING
802,4788.0,-6958.12,INR,2026-04-29 23:49:09,PENDING
803,3746.0,1575.08,INR,2026-03-12 13:06:27,SUCCESS
804,2654.0,1370.27,INR,2026-06-17 00:16:23,FAILED
805,1825.0,7120.53,INR,2026-03-11 05:39:41,PENDING
806,1099.0,5910.51,INR,2026-03-23 15:33:14,PENDING
807,302.0,4191.25,INR,2026-04-20 14:11:13,FAILED
808,4041.0,9217.67,INR,2026-04-18 09:20:15,FAILED
809,3592.0,8739.33,INR,2026-03-14 10:00:19,PENDING
810,2182.0,134.06,INR,2026-05-25 06:53:44,SUCCESS
811,1609.0,920.34,INR,invalid_date,PENDING
812,4579.0,5443.83,INR,2026-04-23 14:14:43,SUCCESS
813,1039.0,4624.42,INR,2026-02-07 17:17:42,FAILED
814,2007.0,8666.17,INR,2026-03-13 21:41:26,SUCCESS
815,3729.0,1069.59,INR,invalid_date,SUCCESS
816,3688.0,7627.22,INR,2026-02-20 22:28:24,FAILED
817,1443.0,876.1,INR,2026-01-02 15:37:30,SUCCESS
818,4927.0,8694.98,INR,2026-03-02 04:17:49,SUCCESS
819,4227.0,3784.76,INR,2026-03-04 12:59:53,SUCCESS
820,,7432.26,INR,invalid_date,SUCCESS
821,4907.0,335.97,INR,2026-04-08 03:03:25,FAILED
822,,4695.57,INR,2026-01-13 14:49:45,FAILED
823,1532.0,-4265.17,INR,2026-03-22 14:26:54,FAILED
824,4750.0,7666.6,INR,2026-01-04 12:27:48,PENDING
825,1411.0,-2928.79,INR,2026-06-05 04:27:45,SUCCESS
826,3021.0,6867.01,INR,2026-05-07 00:19:19,PENDING
827,3281.0,6332.52,INR,2026-04-17 04:42:27,FAILED
828,2748.0,2696.87,INR,2026-01-16 18:24:17,FAILED
829,1224.0,2243.35,INR,2026-02-17 05:35:14,PENDING
830,1673.0,2521.29,INR,2026-03-08 16:49:03,SUCCESS
831,4720.0,1863.84,INR,2026-03-30 00:38:52,PENDING
832,1265.0,3811.44,INR,2026-04-21 10:53:34,SUCCESS
833,1114.0,3724.62,INR,2026-05-25 22:03:23,FAILED
834,1043.0,899.51,INR,2026-04-25 00:24:40,SUCCESS
835,4658.0,4677.85,INR,2026-04-07 19:42:17,FAILED
836,2787.0,6079.91,INR,2026-05-04 02:04:32,SUCCESS
837,4815.0,2350.84,INR,2026-05-19 23:55:20,SUCCESS
838,4758.0,9580.86,INR,2026-01-08 01:16:44,FAILED
839,778.0,-9581.56,INR,2026-06-05 18:50:14,PENDING
840,2934.0,7360.9,INR,2026-03-02 18:16:02,SUCCESS
841,1996.0,5085.14,INR,2026-01-18 19:53:15,FAILED
842,4888.0,2545.02,INR,2026-03-04 02:40:58,SUCCESS
843,1180.0,6080.22,INR,2026-01-16 14:07:21,PENDING
844,3946.0,3999.05,INR,2026-05-26 08:19:16,PENDING
845,1964.0,5500.77,INR,2026-01-02 23:51:17,PENDING
846,3176.0,717.38,INR,2026-05-25 07:28:01,FAILED
847,1267.0,8859.15,INR,2026-01-09 14:54:28,SUCCESS
848,2613.0,2389.99,INR,2026-05-11 23:09:06,FAILED
849,3231.0,8593.86,INR,2026-03-28 08:00:03,SUCCESS
850,4153.0,1738.63,INR,2026-02-02 23:08:10,SUCCESS
851,159.0,5235.52,INR,2026-03-01 13:07:30,SUCCESS
852,2336.0,8701.51,INR,2026-01-21 18:51:09,PENDING
853,4589.0,3551.82,INR,2026-04-29 03:28:09,SUCCESS
854,3263.0,7771.42,INR,2026-04-19 03:45:46,SUCCESS
855,4117.0,7754.79,INR,2026-02-10 21:46:41,FAILED
856,3036.0,337.41,INR,2026-04-21 02:47:11,PENDING
857,876.0,5747.62,INR,2026-05-20 15:57:01,PENDING
858,4654.0,-3644.62,INR,2026-02-19 18:30:04,PENDING
859,4379.0,8650.92,INR,2026-03-12 12:38:18,SUCCESS
860,2962.0,488.8,INR,2026-05-18 10:21:53,FAILED
861,2466.0,7877.01,INR,2026-03-03 21:37:47,FAILED
862,1275.0,1751.83,INR,2026-01-21 08:24:57,SUCCESS
863,1646.0,5028.34,INR,2026-05-26 00:26:54,PENDING
864,3039.0,4383.85,INR,2026-03-07 22:05:59,PENDING
865,910.0,-8866.79,INR,2026-04-10 16:39:20,PENDING
866,4952.0,5957.61,INR,2026-06-16 22:39:59,FAILED
867,4745.0,5835.49,INR,2026-03-31 11:51:40,SUCCESS
868,3772.0,9932.69,INR,2026-03-31 23:48:40,FAILED
869,2986.0,8772.49,INR,2026-05-15 20:15:01,SUCCESS
870,1726.0,3194.34,INR,2026-06-03 00:39:39,FAILED
871,203.0,4538.31,INR,2026-05-02 17:25:42,PENDING
872,4975.0,9621.83,INR,2026-03-06 17:00:43,PENDING
873,3873.0,2591.41,INR,2026-02-12 02:49:24,FAILED
874,4348.0,2695.02,INR,2026-04-05 05:33:48,SUCCESS
875,2757.0,3945.5,INR,2026-06-18 05:05:58,PENDING
876,629.0,7769.81,INR,2026-03-10 01:15:42,PENDING
877,854.0,1911.56,INR,2026-03-29 20:13:59,SUCCESS
878,1809.0,707.95,INR,2026-02-19 03:47:30,FAILED
879,1901.0,981.02,INR,2026-05-21 11:14:30,FAILED
880,764.0,3126.07,INR,2026-05-10 06:38:04,SUCCESS
881,1599.0,3304.18,INR,2026-01-22 00:28:25,PENDING
882,4234.0,3701.19,INR,2026-03-15 19:37:39,SUCCESS
883,606.0,5151.09,INR,2026-05-28 07:10:32,SUCCESS
884,1166.0,9555.24,INR,2026-06-08 16:51:35,PENDING
885,,4413.81,INR,2026-02-28 21:05:38,SUCCESS
886,997.0,369.5,INR,2026-03-09 03:47:37,PENDING
887,4199.0,3617.47,INR,2026-04-20 15:43:55,PENDING
888,3234.0,7622.53,INR,2026-05-19 11:04:32,PENDING
889,3611.0,1485.59,INR,2026-01-11 17:05:46,SUCCESS
890,2003.0,2243.01,INR,2026-03-22 02:14:23,PENDING
891,1562.0,1334.19,INR,2026-02-18 12:32:35,FAILED
892,2225.0,4872.49,INR,2026-06-01 13:43:29,FAILED
893,1331.0,2354.66,INR,2026-06-08 08:26:42,FAILED
894,3799.0,1458.49,INR,2026-02-16 00:37:10,SUCCESS
895,2299.0,8649.85,INR,2026-05-17 16:55:23,FAILED
896,162.0,6249.68,INR,2026-03-05 03:38:55,PENDING
897,1683.0,3551.5,INR,2026-05-17 00:44:26,PENDING
898,1026.0,6750.81,INR,2026-04-19 11:11:01,FAILED
899,1707.0,5416.5,INR,2026-05-06 07:11:07,SUCCESS
900,4467.0,3615.13,INR,2026-04-28 04:19:04,PENDING
901,1574.0,4329.42,INR,2026-01-21 20:31:46,PENDING
902,1192.0,3083.17,INR,2026-02-22 08:24:44,PENDING
903,4472.0,7316.77,INR,2026-06-17 07:41:37,PENDING
904,997.0,5838.55,INR,2026-03-11 13:35:05,PENDING
905,3775.0,531.5,INR,2026-05-18 06:29:49,PENDING
906,597.0,5040.14,INR,2026-06-08 04:20:52,FAILED
907,1087.0,5630.03,INR,2026-04-22 14:32:58,PENDING
908,2826.0,261.91,INR,2026-02-19 01:12:03,SUCCESS
909,281.0,2191.72,INR,2026-05-18 06:04:08,PENDING
910,1639.0,3212.57,INR,2026-06-18 11:44:09,SUCCESS
911,1857.0,6091.74,INR,2026-03-11 14:29:41,SUCCESS
912,2342.0,6444.67,INR,2026-01-06 03:49:33,SUCCESS
913,3192.0,3088.48,INR,2026-02-09 12:30:56,PENDING
914,2648.0,7875.89,INR,2026-03-28 08:01:36,SUCCESS
915,1129.0,5887.34,INR,2026-05-12 03:53:33,SUCCESS
916,,6001.6,INR,2026-03-02 12:45:21,PENDING
917,1637.0,3843.76,INR,2026-05-24 21:00:11,FAILED
918,4414.0,278.49,INR,2026-01-22 07:37:52,PENDING
919,,6449.37,INR,2026-01-20 16:20:13,FAILED
920,1370.0,1648.17,INR,2026-04-07 03:29:23,SUCCESS
921,84.0,6632.98,INR,2026-06-17 17:10:55,PENDING
922,,3969.2,INR,2026-05-05 21:57:21,SUCCESS
923,2540.0,3978.48,INR,2026-03-05 14:04:30,FAILED
924,1589.0,6610.02,INR,2026-03-13 17:57:49,SUCCESS
925,1773.0,5586.06,INR,2026-06-06 03:46:42,PENDING
926,650.0,1079.29,INR,2026-06-13 21:49:32,FAILED
927,4755.0,9316.84,INR,2026-01-30 02:24:32,SUCCESS
928,3037.0,3702.58,INR,2026-04-30 03:23:25,SUCCESS
929,1453.0,2242.11,INR,2026-03-19 03:28:13,PENDING
930,1078.0,5549.27,INR,2026-06-15 10:43:49,SUCCESS
931,1829.0,248.99,INR,2026-05-05 09:02:55,PENDING
932,1576.0,1887.26,INR,2026-05-22 13:31:34,FAILED
933,4594.0,3242.01,INR,2026-05-24 06:24:24,PENDING
934,3725.0,9379.16,INR,2026-01-20 12:52:56,FAILED
935,4826.0,3323.95,INR,2026-03-17 16:16:09,PENDING
936,1502.0,2144.37,INR,2026-03-02 11:39:24,SUCCESS
937,2808.0,8111.97,INR,2026-06-18 07:38:28,PENDING
938,761.0,3342.71,INR,2026-04-24 23:10:38,PENDING
939,740.0,9913.59,INR,2026-03-01 12:22:17,FAILED
940,4508.0,171.76,INR,2026-05-17 19:42:27,PENDING
941,2195.0,2956.63,INR,2026-05-05 22:46:44,SUCCESS
942,3952.0,7254.2,INR,2026-06-01 19:36:03,FAILED
943,70.0,4812.18,INR,2026-03-21 04:29:22,PENDING
944,1621.0,7907.64,INR,2026-05-18 20:34:22,PENDING
945,4255.0,3664.54,INR,2026-01-16 01:10:37,PENDING
946,4589.0,2207.34,INR,2026-06-08 22:34:59,FAILED
947,2009.0,7325.75,INR,2026-05-04 19:24:26,FAILED
948,4909.0,5015.15,INR,2026-01-28 14:12:07,FAILED
949,239.0,6164.69,INR,2026-02-26 09:32:26,SUCCESS
950,1791.0,9622.03,INR,2026-05-30 11:00:22,FAILED
951,577.0,5417.15,INR,2026-03-29 21:41:10,FAILED
952,3194.0,3502.7,INR,2026-04-01 05:13:40,SUCCESS
953,3660.0,5090.24,INR,2026-01-04 15:07:50,SUCCESS
954,4842.0,7446.54,INR,2026-06-14 06:41:20,SUCCESS
955,4189.0,7304.67,INR,2026-01-12 05:09:22,PENDING
956,4481.0,7672.63,INR,2026-04-11 19:38:53,FAILED
957,887.0,9068.55,INR,2026-06-16 11:50:23,SUCCESS
958,1082.0,4916.19,INR,2026-03-15 19:35:04,FAILED
959,1853.0,8442.05,INR,2026-01-02 08:53:09,PENDING
960,713.0,6090.71,INR,2026-03-15 15:13:34,FAILED
961,2129.0,6298.9,INR,2026-03-16 19:17:56,FAILED
962,1194.0,1913.97,INR,2026-01-29 22:02:27,FAILED
963,1506.0,7017.29,INR,2026-05-10 07:56:19,FAILED
964,3390.0,2895.34,INR,2026-01-13 11:50:21,PENDING
965,4938.0,3702.26,INR,2026-01-21 08:46:46,FAILED
966,1254.0,8725.74,INR,2026-05-03 07:09:18,PENDING
967,,7281.71,INR,2026-05-07 14:36:45,SUCCESS
968,4216.0,5376.43,INR,2026-02-01 15:28:24,SUCCESS
969,4610.0,3636.36,INR,2026-01-18 21:24:32,PENDING
970,1223.0,5412.54,INR,2026-04-20 13:12:39,FAILED
971,642.0,5270.45,INR,2026-05-27 12:55:27,PENDING
972,3973.0,4482.83,INR,2026-06-06 11:55:59,PENDING
973,3375.0,1836.7,INR,2026-03-30 23:13:25,FAILED
974,844.0,5777.41,INR,2026-03-31 17:44:06,SUCCESS
975,3977.0,5516.2,INR,2026-02-17 03:45:32,PENDING
976,1706.0,9589.66,INR,2026-01-09 02:14:20,PENDING
977,1428.0,7520.17,INR,2026-02-03 07:25:22,PENDING
978,4782.0,5364.08,INR,2026-03-03 22:55:13,FAILED
979,3615.0,4082.33,INR,2026-01-13 00:58:16,SUCCESS
980,3772.0,3841.15,INR,2026-06-01 03:25:46,PENDING
981,4830.0,8389.03,INR,2026-02-27 03:50:24,PENDING
982,4420.0,9046.29,INR,2026-03-08 18:23:24,PENDING
983,155.0,6323.29,INR,2026-04-03 18:09:06,SUCCESS
984,4782.0,7788.4,INR,2026-02-01 23:35:34,SUCCESS
985,2949.0,2694.96,INR,2026-04-15 04:26:55,PENDING
986,2918.0,-7682.15,INR,2026-05-31 09:55:08,FAILED
987,3087.0,517.04,INR,2026-03-26 12:29:05,SUCCESS
988,2683.0,533.25,INR,2026-02-28 23:58:24,SUCCESS
989,1769.0,5561.85,INR,2026-05-04 11:16:44,SUCCESS
990,2225.0,2608.44,INR,2026-01-24 04:14:44,PENDING
991,3634.0,7359.1,INR,2026-06-06 03:44:44,PENDING
992,3639.0,3041.63,INR,2026-04-11 08:03:12,FAILED
993,1700.0,4104.6,INR,2026-03-05 02:31:05,SUCCESS
994,4939.0,5198.13,INR,2026-02-06 22:09:56,SUCCESS
995,700.0,4078.61,INR,2026-03-25 12:52:13,SUCCESS
996,2622.0,8073.91,INR,invalid_date,PENDING
997,36.0,7127.76,INR,2026-06-09 06:18:16,SUCCESS
998,1606.0,4224.6,INR,2026-05-22 19:23:14,FAILED
999,4422.0,8398.57,INR,2026-01-05 07:57:42,SUCCESS
1000,1792.0,9074.33,INR,2026-06-12 04:29:03,PENDING
1001,1943.0,8179.12,INR,2026-01-12 17:32:01,SUCCESS
1002,3746.0,6236.53,INR,2026-02-06 08:55:23,FAILED
1003,2959.0,3406.49,INR,2026-03-02 11:37:46,PENDING
1004,3463.0,2089.22,INR,2026-02-15 21:27:58,SUCCESS
1005,,1857.9,INR,2026-03-17 05:00:27,SUCCESS
1006,4969.0,3989.59,INR,2026-03-19 16:34:53,PENDING
1007,791.0,9818.87,INR,2026-05-06 08:00:40,SUCCESS
1008,2614.0,9422.17,INR,invalid_date,SUCCESS
1009,2308.0,9794.22,INR,2026-05-25 05:56:27,SUCCESS
1010,2200.0,506.56,INR,2026-04-15 07:12:51,FAILED
1011,1706.0,8434.84,INR,2026-03-30 12:06:24,SUCCESS
1012,1298.0,9644.48,INR,2026-06-02 09:37:42,PENDING
1013,728.0,2721.02,INR,2026-04-02 01:45:48,PENDING
1014,4196.0,8390.99,INR,2026-06-15 10:30:50,PENDING
1015,3823.0,-344.0,INR,2026-02-18 13:04:05,PENDING
1016,1450.0,652.85,INR,2026-03-06 20:53:28,SUCCESS
1017,,6540.9,INR,2026-01-02 08:34:37,FAILED
1018,64.0,651.43,INR,2026-05-21 21:42:27,SUCCESS
1019,2.0,4308.72,INR,2026-05-11 23:26:06,PENDING
1020,1531.0,4947.66,INR,2026-03-06 18:39:20,FAILED
1021,3643.0,5664.6,INR,2026-02-05 04:20:22,PENDING
1022,1241.0,7145.74,INR,2026-01-25 15:52:39,PENDING
1023,4383.0,9669.92,INR,2026-04-07 21:03:53,PENDING
1024,401.0,1940.93,INR,2026-06-01 14:18:01,FAILED
1025,4346.0,7316.29,INR,2026-02-24 23:23:37,FAILED
1026,1384.0,9305.19,INR,2026-05-12 23:41:00,SUCCESS
1027,30.0,9192.56,INR,2026-05-18 11:02:51,SUCCESS
1028,4773.0,3996.41,INR,2026-04-27 21:58:36,FAILED
1029,4995.0,8984.09,INR,2026-02-13 19:38:13,FAILED
1030,2872.0,9136.4,INR,2026-05-02 19:51:28,FAILED
1031,3941.0,2733.32,INR,2026-04-30 02:27:53,SUCCESS
1032,4289.0,-9748.21,INR,2026-04-04 00:50:50,SUCCESS
1033,882.0,1580.08,INR,2026-01-16 11:48:50,PENDING
1034,3532.0,9826.47,INR,2026-01-24 19:42:50,PENDING
1035,3314.0,9965.86,INR,2026-04-12 06:40:20,FAILED
1036,4004.0,1992.36,INR,2026-05-11 07:08:34,SUCCESS
1037,3107.0,4723.71,INR,2026-04-11 17:22:51,FAILED
1038,1114.0,8113.22,INR,2026-03-17 03:12:47,SUCCESS
1039,3921.0,4647.88,INR,2026-05-09 11:45:46,SUCCESS
1040,4519.0,2417.78,INR,2026-01-31 04:17:28,PENDING
1041,2832.0,8050.92,INR,2026-01-11 08:54:56,PENDING
1042,1604.0,4448.19,INR,2026-05-19 18:52:25,PENDING
1043,2484.0,-4514.77,INR,2026-06-01 01:23:54,SUCCESS
1044,4192.0,3724.31,INR,2026-03-06 05:20:20,SUCCESS
1045,3567.0,5194.25,INR,2026-01-20 21:31:10,PENDING
1046,2067.0,8828.94,INR,2026-03-28 18:20:54,SUCCESS
1047,1252.0,4010.41,INR,2026-05-18 16:47:01,SUCCESS
1048,4055.0,5607.03,INR,2026-01-08 17:46:01,PENDING
1049,4298.0,1514.5,INR,2026-05-16 18:06:34,SUCCESS
1050,1692.0,9037.95,INR,2026-03-17 20:22:27,FAILED
1051,4540.0,9830.23,INR,2026-05-24 20:15:52,SUCCESS
1052,4184.0,6893.56,INR,2026-03-10 12:24:40,SUCCESS
1053,3848.0,2311.1,INR,2026-01-24 01:43:43,SUCCESS
1054,570.0,1740.5,INR,2026-04-28 22:45:20,PENDING
1055,1830.0,4599.48,INR,2026-03-08 12:55:59,SUCCESS
1056,4954.0,6622.81,INR,2026-01-20 07:04:50,FAILED
1057,3339.0,6772.04,INR,2026-04-28 05:37:37,PENDING
1058,236.0,5868.9,INR,2026-01-10 02:29:28,FAILED
1059,2987.0,2682.81,INR,2026-02-27 10:25:00,FAILED
1060,2927.0,735.42,INR,2026-06-10 05:06:58,SUCCESS
1061,2865.0,4472.47,INR,2026-04-19 00:08:40,PENDING
1062,1479.0,6930.05,INR,2026-06-15 05:21:10,PENDING
1063,4384.0,3269.58,INR,2026-04-30 16:56:53,PENDING
1064,1790.0,4807.92,INR,2026-01-08 23:07:11,FAILED
1065,365.0,6056.17,INR,2026-06-09 13:13:45,FAILED
1066,316.0,8894.04,INR,2026-05-14 01:10:55,PENDING
1067,3957.0,7701.59,INR,2026-05-23 21:03:42,SUCCESS
1068,4305.0,8872.19,INR,2026-04-25 21:12:30,SUCCESS
1069,4126.0,7140.54,INR,2026-02-26 18:40:00,FAILED
1070,3491.0,8507.55,INR,2026-06-01 22:05:03,FAILED
1071,2108.0,5921.26,INR,2026-03-01 12:41:22,PENDING
1072,4018.0,5638.58,INR,2026-04-15 08:24:11,SUCCESS
1073,1808.0,5689.71,INR,2026-02-09 18:46:09,SUCCESS
1074,3893.0,5296.16,INR,2026-02-05 16:43:40,PENDING
1075,779.0,-8948.03,INR,2026-02-03 20:29:31,FAILED
1076,4572.0,4904.09,INR,2026-03-01 15:18:17,FAILED
1077,1097.0,2098.85,INR,2026-06-01 21:46:42,FAILED
1078,2139.0,3335.6,INR,2026-05-21 20:28:48,FAILED
1079,1819.0,-761.06,INR,2026-05-20 10:43:26,FAILED
1080,865.0,4018.92,INR,2026-03-23 00:23:16,SUCCESS
1081,4501.0,1702.82,INR,2026-06-09 23:25:07,FAILED
1082,3005.0,6014.8,INR,2026-02-05 21:16:41,PENDING
1083,4991.0,7995.25,INR,2026-01-09 13:12:18,SUCCESS
1084,3721.0,4487.65,INR,2026-04-21 22:47:35,SUCCESS
1085,4104.0,5504.85,INR,2026-05-21 03:28:45,PENDING
1086,567.0,8998.5,INR,2026-02-24 14:58:36,FAILED
1087,3814.0,450.93,INR,2026-02-26 13:10:44,FAILED
1088,1868.0,-3289.27,INR,2026-02-15 01:02:24,FAILED
1089,1031.0,1882.73,INR,2026-06-02 19:32:15,PENDING
1090,4721.0,6434.58,INR,2026-01-28 03:48:07,SUCCESS
1091,917.0,-4196.31,INR,2026-03-21 20:58:22,SUCCESS
1092,4131.0,8681.68,INR,2026-05-13 05:31:02,PENDING
1093,4228.0,1232.76,INR,2026-02-08 04:40:43,PENDING
1094,4970.0,6879.69,INR,2026-03-16 16:20:35,FAILED
1095,3882.0,2443.84,INR,2026-05-01 04:49:15,SUCCESS
1096,1823.0,8712.86,INR,2026-03-19 20:54:26,FAILED
1097,3145.0,9617.53,INR,2026-02-24 19:42:11,PENDING
1098,3678.0,3769.26,INR,2026-05-29 05:17:17,PENDING
1099,1300.0,1932.65,INR,2026-03-14 21:09:35,FAILED
1100,1446.0,7486.55,INR,2026-03-25 23:00:58,SUCCESS
1101,2252.0,1104.71,INR,2026-04-03 14:43:25,SUCCESS
1102,4644.0,3559.88,INR,2026-02-27 06:26:24,FAILED
1103,3724.0,783.26,INR,2026-04-10 08:12:55,PENDING
1104,1435.0,5204.03,INR,2026-05-07 04:30:17,PENDING
1105,2202.0,9857.05,INR,2026-05-13 01:29:04,FAILED
1106,4128.0,721.44,INR,2026-03-10 08:34:00,FAILED
1107,2449.0,8936.48,INR,2026-03-07 15:27:35,FAILED
1108,4534.0,-3274.53,INR,2026-01-21 08:17:00,FAILED
1109,1707.0,8958.35,INR,2026-05-04 15:56:54,PENDING
1110,2131.0,1021.14,INR,2026-04-17 16:21:54,SUCCESS
1111,505.0,3531.64,INR,2026-03-12 00:56:01,SUCCESS
1112,4090.0,9300.4,INR,2026-05-17 06:20:10,SUCCESS
1113,2075.0,151.29,INR,invalid_date,SUCCESS
1114,1537.0,884.28,INR,2026-05-08 11:36:59,SUCCESS
1115,3118.0,2145.15,INR,2026-04-23 22:24:52,PENDING
1116,4200.0,9655.97,INR,2026-01-16 04:26:42,FAILED
1117,4019.0,4513.94,INR,2026-01-04 01:17:37,FAILED
1118,4476.0,6847.98,INR,2026-01-16 15:30:27,FAILED
1119,3487.0,-8994.32,INR,2026-06-11 08:31:18,PENDING
1120,1732.0,6041.16,INR,2026-06-03 19:53:45,FAILED
1121,4773.0,8641.3,INR,2026-03-17 05:59:46,PENDING
1122,3761.0,3578.04,INR,2026-06-06 00:44:21,PENDING
1123,387.0,4965.14,INR,2026-05-26 07:28:00,FAILED
1124,2988.0,6768.29,INR,2026-05-04 05:37:06,FAILED
1125,359.0,9142.56,INR,2026-05-30 09:19:57,SUCCESS
1126,3874.0,4477.64,INR,2026-04-24 08:03:46,SUCCESS
1127,4777.0,9528.23,INR,2026-04-23 07:23:07,PENDING
1128,2822.0,3318.66,INR,2026-05-05 03:47:31,FAILED
1129,1177.0,7819.94,INR,2026-01-11 04:27:33,FAILED
1130,3930.0,9479.15,INR,2026-02-13 19:20:42,FAILED
1131,345.0,1688.93,INR,2026-03-05 21:59:48,SUCCESS
1132,341.0,5352.89,INR,2026-01-12 15:58:59,PENDING
1133,2640.0,4176.88,INR,2026-06-04 14:16:03,FAILED
1134,4542.0,5139.58,INR,2026-01-09 14:01:14,SUCCESS
1135,,413.21,INR,2026-03-16 13:22:58,FAILED
1136,3880.0,2277.71,INR,2026-04-30 16:56:52,SUCCESS
1137,3371.0,9196.62,INR,2026-04-28 01:33:30,FAILED
1138,2718.0,5524.73,INR,2026-04-29 11:33:48,FAILED
1139,4502.0,8175.99,INR,2026-05-13 10:07:55,SUCCESS
1140,809.0,2712.92,INR,2026-05-15 12:50:49,FAILED
1141,2990.0,4272.38,INR,2026-04-11 13:42:06,PENDING
1142,4674.0,4006.52,INR,2026-01-23 12:19:20,FAILED
1143,4425.0,4786.45,INR,2026-03-23 01:09:07,SUCCESS
1144,1021.0,1498.85,INR,2026-01-24 05:50:59,FAILED
1145,1442.0,2405.6,INR,2026-01-24 14:18:05,FAILED
1146,4548.0,474.51,INR,2026-05-29 20:23:45,FAILED
1147,978.0,7951.5,INR,2026-05-21 22:32:40,FAILED
1148,4438.0,703.83,INR,2026-02-13 18:17:15,FAILED
1149,4474.0,-4271.39,INR,2026-03-22 01:05:58,SUCCESS
1150,1114.0,9924.1,INR,2026-04-26 15:10:58,PENDING
1151,3173.0,3107.76,INR,2026-04-03 01:52:30,PENDING
1152,185.0,9141.61,INR,2026-05-03 23:18:21,PENDING
1153,2890.0,8867.37,INR,2026-05-29 04:14:02,SUCCESS
1154,3924.0,8042.74,INR,2026-01-06 11:42:06,FAILED
1155,2566.0,534.18,INR,2026-03-13 14:58:10,SUCCESS
1156,781.0,6883.66,INR,2026-02-25 00:25:54,PENDING
1157,968.0,9835.41,INR,2026-04-29 11:49:25,SUCCESS
1158,4767.0,-5032.77,INR,2026-03-13 23:27:50,SUCCESS
1159,4366.0,881.82,INR,2026-02-22 11:09:36,SUCCESS
1160,3931.0,4260.5,INR,2026-01-07 23:23:41,FAILED
1161,1032.0,8432.43,INR,2026-02-22 07:29:52,FAILED
1162,1921.0,6208.52,INR,2026-03-21 02:51:15,SUCCESS
1163,4912.0,9012.89,INR,2026-05-27 03:50:58,SUCCESS
1164,4331.0,7478.31,INR,2026-06-06 07:35:06,SUCCESS
1165,1646.0,818.65,INR,2026-05-03 15:06:25,FAILED
1166,3570.0,4444.81,INR,2026-02-10 19:57:14,PENDING
1167,398.0,656.76,INR,2026-01-23 08:52:31,FAILED
1168,2107.0,4551.05,INR,2026-01-19 03:15:47,PENDING
1169,2427.0,4974.26,INR,2026-05-06 08:06:27,FAILED
1170,947.0,-1363.46,INR,2026-06-02 10:15:56,SUCCESS
1171,4563.0,188.09,INR,2026-02-22 19:06:08,PENDING
1172,2602.0,4178.21,INR,2026-05-04 03:47:19,FAILED
1173,3153.0,2038.38,INR,2026-05-27 15:29:49,SUCCESS
1174,3776.0,6920.75,INR,2026-01-09 05:00:46,PENDING
1175,227.0,4203.96,INR,2026-05-05 15:57:43,FAILED
1176,3489.0,9749.43,INR,2026-02-02 11:36:07,SUCCESS
1177,882.0,8434.58,INR,2026-05-27 10:43:57,PENDING
1178,2916.0,6472.46,INR,2026-01-21 14:14:29,SUCCESS
1179,1329.0,2008.33,INR,2026-02-05 17:17:34,FAILED
1180,1255.0,1211.39,INR,2026-01-20 23:24:25,SUCCESS
1181,227.0,5602.79,INR,2026-04-19 08:24:59,SUCCESS
1182,3072.0,784.93,INR,invalid_date,PENDING
1183,4738.0,8983.12,INR,2026-03-22 14:08:06,SUCCESS
1184,1499.0,6037.79,INR,2026-04-04 05:01:53,FAILED
1185,2135.0,485.83,INR,2026-01-09 06:41:42,PENDING
1186,,1230.0,INR,2026-06-13 18:31:50,SUCCESS
1187,319.0,1105.02,INR,2026-05-31 21:19:59,SUCCESS
1188,3944.0,6274.04,INR,2026-03-29 09:47:42,PENDING
1189,,9382.57,INR,2026-04-16 22:27:37,SUCCESS
1190,3302.0,-9662.92,INR,2026-06-01 06:54:01,SUCCESS
1191,853.0,5781.92,INR,2026-02-06 16:30:33,PENDING
1192,809.0,3175.96,INR,2026-01-11 09:17:06,SUCCESS
1193,682.0,3850.46,INR,2026-02-14 13:20:25,FAILED
1194,367.0,1885.7,INR,2026-03-26 05:00:20,FAILED
1195,2709.0,1293.76,INR,2026-03-02 20:44:13,PENDING
1196,1463.0,4019.09,INR,2026-01-05 07:56:42,FAILED
1197,4955.0,7959.84,INR,2026-02-12 22:30:14,FAILED
1198,1976.0,5389.05,INR,2026-06-09 14:46:59,PENDING
1199,2780.0,3642.28,INR,2026-01-22 12:40:42,PENDING
1200,2473.0,5796.69,INR,2026-01-08 08:57:29,FAILED
1201,1860.0,2970.26,INR,2026-02-07 18:48:12,SUCCESS
1202,3140.0,3942.88,INR,2026-03-05 00:14:11,FAILED
1203,,9096.49,INR,2026-03-11 10:33:10,SUCCESS
1204,3022.0,4401.74,INR,2026-06-03 11:58:30,FAILED
1205,1837.0,2951.0,INR,2026-03-28 09:40:36,PENDING
1206,1983.0,3024.55,INR,2026-05-22 18:07:33,FAILED
1207,1662.0,2757.66,INR,2026-02-13 18:40:25,PENDING
1208,3611.0,8470.46,INR,2026-03-01 10:39:19,SUCCESS
1209,,4140.2,INR,2026-02-05 14:26:17,SUCCESS
1210,185.0,8535.62,INR,2026-04-07 04:41:57,PENDING
1211,4237.0,9675.42,INR,2026-04-14 04:46:15,FAILED
1212,3495.0,9719.67,INR,2026-02-06 22:58:43,SUCCESS
1213,1794.0,1923.3,INR,2026-02-12 14:54:38,PENDING
1214,1177.0,9337.06,INR,2026-03-31 00:45:47,FAILED
1215,1437.0,6203.93,INR,2026-03-07 04:08:18,FAILED
1216,4501.0,7781.5,INR,2026-05-12 09:40:45,SUCCESS
1217,780.0,4390.1,INR,2026-05-01 16:25:12,PENDING
1218,600.0,5092.16,INR,2026-02-11 03:21:44,FAILED
1219,1088.0,3933.12,INR,2026-01-25 22:21:06,SUCCESS
1220,4074.0,5412.39,INR,2026-01-28 21:04:07,FAILED
1221,3211.0,-9447.06,INR,2026-04-11 05:21:22,PENDING
1222,1281.0,3982.93,INR,2026-06-16 11:23:15,SUCCESS
1223,771.0,9729.04,INR,2026-04-12 02:20:44,SUCCESS
1224,1183.0,5801.79,INR,2026-03-18 16:36:59,SUCCESS
1225,1255.0,338.89,INR,2026-01-21 09:53:03,PENDING
1226,1792.0,8327.27,INR,2026-04-13 02:52:29,SUCCESS
1227,3885.0,6207.14,INR,2026-02-01 09:30:49,SUCCESS
1228,4656.0,247.51,INR,2026-06-05 01:10:55,FAILED
1229,2755.0,5852.19,INR,2026-06-18 20:22:13,SUCCESS
1230,3075.0,9695.87,INR,2026-03-24 20:21:34,FAILED
1231,4048.0,9087.62,INR,invalid_date,SUCCESS
1232,3721.0,4576.89,INR,2026-06-07 03:49:03,SUCCESS
1233,1245.0,2250.35,INR,2026-05-03 20:09:16,FAILED
1234,3042.0,4784.19,INR,2026-03-15 00:48:58,PENDING
1235,836.0,9189.69,INR,2026-05-24 08:42:14,PENDING
1236,1067.0,9302.72,INR,2026-01-29 15:56:46,PENDING
1237,462.0,2226.07,INR,2026-01-14 09:53:48,SUCCESS
1238,1422.0,1220.29,INR,2026-01-29 13:37:48,FAILED
1239,962.0,2265.17,INR,2026-03-04 05:43:34,PENDING
1240,3476.0,1888.93,INR,2026-02-15 17:47:23,SUCCESS
1241,4555.0,9526.15,INR,2026-01-03 10:35:03,PENDING
1242,4695.0,2265.7,INR,2026-03-09 19:48:33,PENDING
1243,3707.0,7370.42,INR,2026-06-05 18:21:36,SUCCESS
1244,97.0,1626.52,INR,2026-01-21 06:25:48,SUCCESS
1245,3717.0,7503.27,INR,2026-04-06 16:29:26,FAILED
1246,4316.0,4806.5,INR,2026-02-18 12:47:47,FAILED
1247,3768.0,3076.3,INR,2026-04-18 03:11:16,PENDING
1248,4649.0,4002.0,INR,2026-06-10 16:41:12,FAILED
1249,1444.0,9968.16,INR,2026-05-18 02:13:43,PENDING
1250,1624.0,4489.32,INR,2026-06-14 10:24:34,SUCCESS
1251,2363.0,5820.33,INR,2026-01-20 09:40:43,FAILED
1252,465.0,6386.03,INR,2026-03-09 00:42:13,FAILED
1253,538.0,6195.58,INR,2026-04-17 06:50:44,FAILED
1254,1672.0,9340.22,INR,2026-05-27 20:11:51,FAILED
1255,,4928.9,INR,2026-03-02 23:19:55,FAILED
1256,2606.0,8607.07,INR,2026-02-21 02:52:11,SUCCESS
1257,2924.0,3853.93,INR,2026-06-17 00:44:26,FAILED
1258,2876.0,4354.07,INR,2026-05-16 01:02:56,SUCCESS
1259,995.0,8540.42,INR,2026-05-08 14:21:40,SUCCESS
1260,2977.0,7668.03,INR,2026-01-09 19:23:38,FAILED
1261,598.0,190.5,INR,2026-06-13 07:41:13,SUCCESS
1262,231.0,9598.37,INR,2026-03-18 06:53:35,PENDING
1263,2326.0,3486.99,INR,2026-02-25 17:10:17,FAILED
1264,1843.0,1972.3,INR,2026-04-09 21:24:31,FAILED
1265,3259.0,6421.55,INR,2026-01-30 14:19:47,PENDING
1266,2837.0,358.85,INR,2026-03-21 05:59:47,PENDING
1267,1837.0,2414.14,INR,2026-02-08 21:45:50,SUCCESS
1268,332.0,5259.39,INR,2026-05-24 07:06:33,FAILED
1269,3323.0,1682.23,INR,2026-03-21 10:50:29,PENDING
1270,1791.0,4914.36,INR,2026-02-21 15:44:01,SUCCESS
1271,3949.0,4649.51,INR,2026-02-14 18:27:09,SUCCESS
1272,4661.0,1464.12,INR,2026-02-11 17:57:33,SUCCESS
1273,731.0,2833.12,INR,2026-03-26 03:36:36,FAILED
1274,,1968.13,INR,2026-04-25 22:42:32,FAILED
1275,2485.0,8672.53,INR,2026-01-13 07:52:40,SUCCESS
1276,2306.0,6074.35,INR,2026-05-18 17:47:52,SUCCESS
1277,1145.0,5429.6,INR,2026-03-23 08:37:11,SUCCESS
1278,4415.0,7941.39,INR,2026-03-13 14:12:41,PENDING
1279,4601.0,1417.01,INR,2026-02-24 06:33:53,FAILED
1280,831.0,6960.76,INR,2026-02-26 11:49:40,FAILED
1281,1681.0,8772.0,INR,2026-01-27 12:10:55,FAILED
1282,3029.0,4429.77,INR,2026-05-05 01:01:12,FAILED
1283,4099.0,4825.09,INR,2026-03-31 14:22:04,PENDING
1284,1067.0,-8311.41,INR,2026-04-18 23:19:25,FAILED
1285,1259.0,9292.88,INR,2026-05-09 16:06:54,PENDING
1286,1511.0,9344.01,INR,2026-06-09 06:20:21,FAILED
1287,2430.0,4998.0,INR,2026-06-02 07:53:51,FAILED
1288,3039.0,9513.72,INR,2026-05-12 17:44:59,SUCCESS
1289,1980.0,4328.17,INR,2026-03-28 19:26:26,FAILED
1290,4128.0,-8598.15,INR,2026-06-10 04:21:01,FAILED
1291,725.0,1542.28,INR,2026-01-15 07:27:35,FAILED
1292,2534.0,2017.02,INR,2026-02-02 03:34:09,PENDING
1293,3631.0,4154.87,INR,2026-04-20 16:35:58,PENDING
1294,1798.0,8363.6,INR,2026-04-10 12:16:06,FAILED
1295,3040.0,564.85,INR,2026-01-27 05:46:39,FAILED
1296,3203.0,3957.96,INR,2026-05-14 13:23:02,FAILED
1297,132.0,4435.52,INR,2026-05-26 05:48:40,FAILED
1298,2673.0,8869.61,INR,2026-05-01 12:45:01,PENDING
1299,475.0,-4918.17,INR,2026-04-14 13:22:50,FAILED
1300,2764.0,5314.39,INR,2026-01-01 20:36:15,FAILED
1301,4466.0,6880.22,INR,2026-03-31 13:07:19,FAILED
1302,122.0,5452.62,INR,2026-02-13 23:42:06,PENDING
1303,3224.0,4674.25,INR,2026-01-04 01:39:28,SUCCESS
1304,4684.0,577.31,INR,2026-01-06 06:11:49,SUCCESS
1305,12.0,308.81,INR,2026-05-30 23:32:01,SUCCESS
1306,2261.0,2636.87,INR,2026-05-26 12:54:30,PENDING
1307,4545.0,819.37,INR,2026-05-29 23:59:42,FAILED
1308,3863.0,4273.16,INR,2026-05-31 04:25:31,FAILED
1309,742.0,516.07,INR,2026-05-14 14:37:41,FAILED
1310,,6472.61,INR,2026-02-12 16:14:20,FAILED
1311,3717.0,7718.67,INR,2026-05-14 15:16:48,PENDING
1312,3915.0,1385.75,INR,2026-03-01 02:43:26,PENDING
1313,3519.0,7762.26,INR,2026-02-24 12:36:15,FAILED
1314,1193.0,9770.78,INR,2026-04-09 07:51:25,PENDING
1315,2489.0,2205.92,INR,2026-02-10 10:43:29,FAILED
1316,1138.0,6367.03,INR,2026-05-02 13:13:37,FAILED
1317,910.0,3611.59,INR,2026-03-02 19:13:26,PENDING
1318,2970.0,302.6,INR,2026-02-02 17:35:02,FAILED
1319,882.0,470.65,INR,2026-02-06 02:01:18,PENDING
1320,4375.0,1227.52,INR,2026-02-07 02:39:19,PENDING
1321,3737.0,8846.96,INR,2026-01-01 01:34:02,SUCCESS
1322,475.0,5345.66,INR,2026-02-27 03:45:37,SUCCESS
1323,4142.0,2858.14,INR,2026-04-17 05:16:50,PENDING
1324,4191.0,6564.54,INR,2026-02-24 07:19:37,SUCCESS
1325,2108.0,2448.02,INR,2026-04-11 06:23:22,FAILED
1326,4435.0,-3717.19,INR,2026-06-05 01:37:30,PENDING
1327,792.0,9605.17,INR,2026-02-01 00:26:30,SUCCESS
1328,,1937.74,INR,2026-02-06 10:48:47,PENDING
1329,624.0,3741.19,INR,2026-03-13 05:24:04,PENDING
1330,287.0,7804.9,INR,2026-06-10 02:28:10,SUCCESS
1331,1476.0,8539.19,INR,2026-02-26 23:58:53,SUCCESS
1332,2319.0,1180.66,INR,2026-05-06 18:29:50,PENDING
1333,3383.0,8792.95,INR,2026-06-04 03:37:37,FAILED
1334,1397.0,90.84,INR,2026-06-06 16:55:28,SUCCESS
1335,4007.0,1084.94,INR,2026-02-24 18:55:26,PENDING
1336,3380.0,1932.33,INR,2026-01-28 00:29:31,PENDING
1337,537.0,3947.77,INR,2026-06-15 12:49:22,SUCCESS
1338,902.0,2622.1,INR,2026-05-21 17:53:36,FAILED
1339,640.0,518.3,INR,2026-05-08 05:59:35,SUCCESS
1340,2441.0,1211.27,INR,2026-02-13 20:22:35,FAILED
1341,3656.0,6258.63,INR,2026-04-16 00:44:44,PENDING
1342,1639.0,1743.77,INR,2026-02-27 20:56:01,FAILED
1343,3511.0,6787.36,INR,2026-03-09 21:56:34,FAILED
1344,2908.0,8192.22,INR,2026-06-14 23:32:41,SUCCESS
1345,102.0,1817.84,INR,2026-03-17 04:45:07,PENDING
1346,543.0,6863.92,INR,2026-02-07 01:15:33,PENDING
1347,1206.0,9805.44,INR,2026-01-28 11:19:54,FAILED
1348,4289.0,1080.02,INR,2026-02-09 09:52:41,FAILED
1349,401.0,6266.72,INR,2026-01-31 03:37:16,SUCCESS
1350,2086.0,1269.51,INR,2026-05-16 00:36:03,PENDING
1351,3430.0,9386.31,INR,2026-04-19 17:35:58,PENDING
1352,2195.0,3842.91,INR,2026-04-08 04:23:55,PENDING
1353,2978.0,2254.73,INR,2026-05-18 15:09:59,FAILED
1354,1001.0,7014.38,INR,invalid_date,FAILED
1355,1330.0,4659.51,INR,2026-06-03 20:36:24,SUCCESS
1356,1913.0,-209.23,INR,2026-06-10 09:20:39,PENDING
1357,1720.0,8780.66,INR,2026-02-28 01:30:42,FAILED
1358,3284.0,6435.0,INR,2026-02-19 09:15:38,SUCCESS
1359,4525.0,5477.31,INR,2026-06-06 04:19:32,SUCCESS
1360,3832.0,5608.53,INR,2026-05-11 08:05:51,PENDING
1361,672.0,7850.32,INR,2026-05-29 17:28:41,FAILED
1362,1193.0,843.89,INR,2026-06-14 11:03:32,PENDING
1363,272.0,598.94,INR,2026-04-07 15:05:20,PENDING
1364,3849.0,3236.16,INR,2026-01-06 16:09:41,PENDING
1365,3623.0,5568.69,INR,2026-03-07 15:30:18,FAILED
1366,1334.0,6623.74,INR,2026-03-22 23:14:45,SUCCESS
1367,4753.0,758.05,INR,2026-03-06 18:55:05,SUCCESS
1368,4167.0,1079.15,INR,2026-04-24 10:06:30,FAILED
1369,1147.0,-7282.38,INR,2026-06-12 12:34:57,SUCCESS
1370,2460.0,-7929.63,INR,2026-05-25 03:45:22,PENDING
1371,3112.0,8995.08,INR,2026-06-07 08:17:45,FAILED
1372,840.0,156.16,INR,2026-04-20 05:02:22,SUCCESS
1373,3814.0,4845.87,INR,2026-04-05 07:10:54,FAILED
1374,2605.0,8935.6,INR,2026-02-04 11:50:52,SUCCESS
1375,4960.0,7178.83,INR,2026-02-13 18:13:54,FAILED
1376,367.0,5909.67,INR,2026-02-20 07:15:30,SUCCESS
1377,2922.0,872.49,INR,2026-03-11 22:30:55,FAILED
1378,1835.0,9738.53,INR,2026-05-14 02:09:09,FAILED
1379,,8758.96,INR,2026-04-05 11:44:28,PENDING
1380,3027.0,8465.26,INR,2026-05-04 19:12:17,PENDING
1381,3038.0,330.53,INR,2026-03-18 13:05:14,PENDING
1382,2310.0,1383.55,INR,2026-02-04 04:09:21,PENDING
1383,2833.0,6415.29,INR,2026-04-19 14:09:25,PENDING
1384,173.0,630.71,INR,2026-06-11 10:48:32,FAILED
1385,4550.0,4447.98,INR,2026-03-01 02:38:50,PENDING
1386,3166.0,4080.27,INR,2026-01-13 04:24:29,PENDING
1387,4094.0,1770.26,INR,2026-03-02 18:10:19,FAILED
1388,3679.0,7471.92,INR,2026-01-28 03:07:24,PENDING
1389,37.0,417.84,INR,2026-02-25 11:14:29,SUCCESS
1390,2181.0,8200.95,INR,2026-02-05 07:17:13,SUCCESS
1391,2876.0,8754.68,INR,2026-05-06 17:20:42,SUCCESS
1392,1830.0,1450.06,INR,2026-06-16 21:03:45,PENDING
1393,2438.0,6988.2,INR,2026-02-09 18:47:05,FAILED
1394,2333.0,9352.55,INR,2026-05-22 21:59:07,FAILED
1395,2369.0,9001.03,INR,invalid_date,SUCCESS
1396,1973.0,8949.94,INR,2026-05-06 04:16:10,FAILED
1397,4413.0,151.54,INR,2026-05-28 21:48:56,SUCCESS
1398,17.0,5684.1,INR,2026-02-16 00:38:19,FAILED
1399,3591.0,140.0,INR,2026-05-08 23:48:14,SUCCESS
1400,1018.0,4617.73,INR,2026-01-05 07:58:01,SUCCESS
1401,3147.0,7061.41,INR,2026-05-01 19:01:47,SUCCESS
1402,1379.0,106.03,INR,2026-03-30 16:35:46,SUCCESS
1403,1852.0,3418.54,INR,2026-06-06 20:46:06,FAILED
1404,906.0,5513.64,INR,2026-01-01 00:30:36,SUCCESS
1405,3461.0,4331.75,INR,2026-01-23 18:05:00,FAILED
1406,2802.0,783.39,INR,2026-04-23 11:28:31,FAILED
1407,2771.0,5277.14,INR,2026-01-14 14:10:34,SUCCESS
1408,3899.0,7929.48,INR,2026-06-18 14:26:45,PENDING
1409,2810.0,8837.08,INR,2026-04-13 04:44:52,FAILED
1410,3592.0,7321.92,INR,2026-04-12 09:27:52,SUCCESS
1411,300.0,4899.6,INR,2026-01-05 21:21:46,PENDING
1412,,9577.55,INR,2026-06-02 00:42:11,PENDING
1413,2213.0,4377.74,INR,2026-02-28 09:50:01,SUCCESS
1414,1085.0,9863.32,INR,2026-02-20 19:04:40,PENDING
1415,3126.0,5143.8,INR,2026-05-25 06:31:30,SUCCESS
1416,3454.0,896.85,INR,2026-01-16 06:46:45,SUCCESS
1417,1381.0,7249.21,INR,2026-01-27 05:08:01,FAILED
1418,2059.0,3030.91,INR,2026-03-16 20:28:58,FAILED
1419,1117.0,8611.5,INR,2026-01-20 23:17:53,SUCCESS
1420,,5853.57,INR,2026-03-21 16:56:40,FAILED
1421,1842.0,7471.99,INR,2026-01-21 02:18:12,FAILED
1422,474.0,6334.61,INR,2026-04-07 23:16:44,SUCCESS
1423,229.0,3722.18,INR,2026-05-06 04:04:18,SUCCESS
1424,838.0,4610.96,INR,2026-02-28 06:40:47,PENDING
1425,2827.0,9022.84,INR,2026-03-31 11:41:47,SUCCESS
1426,3493.0,7517.91,INR,2026-01-24 17:18:15,FAILED
1427,3164.0,2144.31,INR,2026-04-13 13:37:48,PENDING
1428,949.0,1613.31,INR,2026-04-13 14:50:23,SUCCESS
1429,4718.0,-2033.13,INR,2026-01-11 00:01:42,SUCCESS
1430,2793.0,7474.0,INR,2026-03-03 08:41:17,SUCCESS
1431,3162.0,6689.13,INR,2026-01-02 12:16:28,PENDING
1432,1538.0,-8321.92,INR,2026-05-08 17:16:45,SUCCESS
1433,1446.0,1462.25,INR,2026-04-23 06:33:08,PENDING
1434,1483.0,9037.04,INR,2026-03-28 17:35:33,PENDING
1435,559.0,4490.0,INR,2026-02-21 02:49:10,PENDING
1436,978.0,2389.52,INR,2026-05-07 19:25:00,FAILED
1437,1942.0,7797.45,INR,2026-02-24 09:05:46,SUCCESS
1438,1650.0,5635.45,INR,2026-05-27 01:39:09,FAILED
1439,2368.0,4652.59,INR,2026-04-01 16:49:47,FAILED
1440,977.0,4084.37,INR,2026-06-17 04:12:31,SUCCESS
1441,,4691.0,INR,2026-03-18 17:15:29,FAILED
1442,2293.0,3035.42,INR,invalid_date,PENDING
1443,2975.0,1662.23,INR,2026-04-21 18:07:07,SUCCESS
1444,3447.0,3230.15,INR,2026-05-28 17:16:21,FAILED
1445,3091.0,-1846.59,INR,2026-02-09 06:33:15,FAILED
1446,1915.0,2703.11,INR,2026-01-29 10:15:43,FAILED
1447,4949.0,3801.05,INR,2026-04-28 03:01:54,FAILED
1448,4371.0,5818.74,INR,2026-02-12 18:22:10,PENDING
1449,4114.0,2483.86,INR,2026-03-16 21:48:53,SUCCESS
1450,234.0,5488.76,INR,2026-01-11 18:35:22,FAILED
1451,2577.0,7248.78,INR,2026-01-12 02:35:15,SUCCESS
1452,4126.0,8912.33,INR,2026-03-17 19:57:39,PENDING
1453,407.0,7668.76,INR,2026-01-06 04:27:47,FAILED
1454,1740.0,5892.83,INR,2026-01-24 18:22:07,PENDING
1455,2572.0,7902.29,INR,2026-02-10 22:51:02,FAILED
1456,4413.0,73.95,INR,2026-03-24 12:22:57,FAILED
1457,4267.0,9553.61,INR,2026-06-10 10:03:24,PENDING
1458,1343.0,-331.65,INR,2026-05-17 18:58:31,PENDING
1459,4994.0,1745.56,INR,2026-01-06 00:33:33,SUCCESS
1460,3630.0,2663.8,INR,2026-02-03 03:14:15,SUCCESS
1461,211.0,811.99,INR,2026-04-30 10:54:13,SUCCESS
1462,4062.0,2709.26,INR,2026-04-18 02:33:23,PENDING
1463,,6594.13,INR,2026-05-02 15:43:07,PENDING
1464,4891.0,7176.99,INR,2026-03-24 04:33:03,FAILED
1465,1167.0,2178.67,INR,2026-03-05 22:53:39,PENDING
1466,1791.0,1844.05,INR,2026-03-30 08:44:54,PENDING
1467,2386.0,7112.53,INR,2026-06-17 15:34:43,PENDING
1468,1017.0,2185.28,INR,2026-06-10 01:13:27,SUCCESS
1469,4954.0,3924.13,INR,2026-01-16 03:08:12,PENDING
1470,3912.0,2509.24,INR,2026-05-11 02:48:52,FAILED
1471,280.0,1625.72,INR,2026-03-01 09:52:00,SUCCESS
1472,4167.0,79.19,INR,2026-01-30 07:19:06,PENDING
1473,2075.0,8865.1,INR,2026-05-20 23:54:52,FAILED
1474,585.0,1073.69,INR,2026-04-29 07:59:10,PENDING
1475,301.0,2980.6,INR,invalid_date,SUCCESS
1476,1485.0,4870.98,INR,2026-02-08 04:30:33,PENDING
1477,398.0,506.35,INR,2026-04-10 03:36:26,SUCCESS
1478,205.0,9326.22,INR,2026-05-17 04:23:31,PENDING
1479,3028.0,9408.22,INR,invalid_date,PENDING
1480,2798.0,6013.92,INR,2026-06-01 07:14:20,SUCCESS
1481,4639.0,326.61,INR,2026-05-11 16:06:48,FAILED
1482,3348.0,4424.39,INR,2026-03-09 15:51:27,SUCCESS
1483,4533.0,2574.81,INR,2026-05-21 15:49:28,SUCCESS
1484,3494.0,4708.4,INR,2026-02-03 18:38:38,FAILED
1485,325.0,3890.51,INR,2026-01-14 04:51:14,FAILED
1486,1414.0,6781.39,INR,2026-04-23 03:17:22,PENDING
1487,3622.0,6712.98,INR,2026-02-28 08:01:13,FAILED
1488,1389.0,1746.83,INR,2026-04-15 10:25:52,PENDING
1489,656.0,-9655.93,INR,2026-02-01 18:27:04,PENDING
1490,2759.0,3773.38,INR,2026-02-12 02:21:06,FAILED
1491,346.0,3785.7,INR,invalid_date,SUCCESS
1492,3042.0,6908.83,INR,2026-01-23 20:11:45,PENDING
1493,753.0,8675.69,INR,2026-06-08 05:37:30,FAILED
1494,2139.0,2153.11,INR,2026-01-27 04:07:49,FAILED
1495,1769.0,9448.38,INR,2026-04-21 06:45:03,FAILED
1496,3399.0,2416.37,INR,2026-04-14 22:49:52,SUCCESS
1497,3113.0,6829.5,INR,2026-01-29 10:45:58,FAILED
1498,3396.0,7202.96,INR,2026-04-11 01:03:08,PENDING
1499,868.0,4709.08,INR,2026-04-03 21:47:30,SUCCESS
1500,2386.0,4600.31,INR,2026-06-13 03:30:55,SUCCESS
1501,3466.0,3598.42,INR,2026-04-02 19:42:26,FAILED
1502,996.0,8667.24,INR,2026-03-27 04:21:50,PENDING
1503,2782.0,557.43,INR,2026-05-04 21:44:40,FAILED
1504,1982.0,8593.94,INR,2026-01-02 21:01:59,SUCCESS
1505,2276.0,1710.15,INR,2026-02-27 23:35:06,PENDING
1506,1541.0,9697.2,INR,2026-04-07 08:07:12,SUCCESS
1507,4896.0,1742.13,INR,2026-05-21 01:14:55,PENDING
1508,3890.0,8772.45,INR,2026-01-02 18:51:16,SUCCESS
1509,510.0,8923.71,INR,invalid_date,SUCCESS
1510,1035.0,4667.99,INR,2026-02-23 06:32:30,FAILED
1511,2931.0,-7654.98,INR,2026-05-05 23:51:05,FAILED
1512,2817.0,8333.59,INR,2026-02-06 21:22:37,PENDING
1513,1311.0,7699.1,INR,2026-06-02 12:32:36,SUCCESS
1514,4370.0,2408.35,INR,2026-03-25 21:56:23,FAILED
1515,1256.0,2525.37,INR,2026-03-19 03:43:57,SUCCESS
1516,1209.0,4370.87,INR,2026-05-01 20:23:42,SUCCESS
1517,2640.0,5060.17,INR,2026-06-03 01:32:26,PENDING
1518,676.0,4687.35,INR,2026-05-22 09:15:33,SUCCESS
1519,4923.0,3050.98,INR,2026-05-05 17:26:39,SUCCESS
1520,2104.0,6063.21,INR,2026-04-02 03:57:33,SUCCESS
1521,2027.0,2428.57,INR,2026-02-01 22:34:22,PENDING
1522,1669.0,9451.95,INR,2026-02-23 10:54:48,SUCCESS
1523,281.0,9425.62,INR,2026-02-13 09:40:34,PENDING
1524,4198.0,3100.13,INR,2026-01-29 19:05:35,FAILED
1525,4004.0,4334.28,INR,2026-03-26 12:45:14,PENDING
1526,2801.0,7797.0,INR,2026-02-17 19:32:28,SUCCESS
1527,4286.0,3601.24,INR,2026-01-14 08:36:37,FAILED
1528,1183.0,2002.2,INR,2026-05-30 11:56:47,PENDING
1529,4097.0,5070.53,INR,2026-05-13 18:09:32,SUCCESS
1530,4747.0,3460.97,INR,2026-05-24 14:16:26,PENDING
1531,,8149.35,INR,2026-02-14 14:49:54,FAILED
1532,3810.0,5272.0,INR,2026-04-27 13:49:22,SUCCESS
1533,1952.0,-1221.45,INR,2026-01-05 10:39:55,FAILED
1534,3439.0,5239.5,INR,2026-03-25 16:52:26,PENDING
1535,2068.0,9972.14,INR,2026-03-14 03:05:47,SUCCESS
1536,1183.0,6251.47,INR,2026-02-04 09:32:46,SUCCESS
1537,4791.0,8472.44,INR,2026-02-24 07:15:15,FAILED
1538,3432.0,-1511.09,INR,2026-03-15 20:48:11,SUCCESS
1539,304.0,9149.86,INR,2026-02-08 11:03:40,SUCCESS
1540,462.0,4127.78,INR,2026-04-23 16:34:24,FAILED
1541,2065.0,2203.51,INR,2026-02-20 05:44:16,FAILED
1542,2724.0,2040.67,INR,2026-01-17 17:14:42,SUCCESS
1543,3828.0,5120.32,INR,2026-02-05 21:22:04,SUCCESS
1544,4498.0,7843.53,INR,2026-02-16 15:42:03,PENDING
1545,2126.0,9855.17,INR,2026-01-13 01:56:26,SUCCESS
1546,3942.0,1108.34,INR,2026-01-24 07:32:38,FAILED
1547,1914.0,4949.84,INR,2026-04-22 04:54:58,PENDING
1548,418.0,2789.28,INR,2026-01-13 03:10:41,SUCCESS
1549,1740.0,117.83,INR,2026-03-01 13:53:51,FAILED
1550,4975.0,8797.23,INR,2026-04-14 09:25:49,PENDING
1551,4686.0,2256.78,INR,2026-01-12 10:04:52,FAILED
1552,2118.0,9643.11,INR,2026-03-08 16:04:25,PENDING
1553,986.0,-2896.91,INR,2026-02-28 14:08:23,SUCCESS
1554,2846.0,9767.08,INR,2026-01-19 13:44:23,SUCCESS
1555,2291.0,2671.9,INR,2026-06-06 00:39:49,FAILED
1556,3301.0,9450.14,INR,2026-03-18 05:02:06,SUCCESS
1557,4394.0,463.04,INR,2026-01-24 00:03:35,SUCCESS
1558,2513.0,8450.42,INR,2026-04-12 22:41:10,SUCCESS
1559,726.0,112.91,INR,2026-01-28 15:18:12,SUCCESS
1560,2378.0,6607.09,INR,2026-03-26 22:52:05,PENDING
1561,4506.0,9385.88,INR,2026-02-02 14:39:29,FAILED
1562,2905.0,1006.84,INR,2026-01-10 00:40:07,PENDING
1563,3526.0,-3398.69,INR,2026-01-07 00:32:21,FAILED
1564,2457.0,872.94,INR,2026-02-07 18:49:14,FAILED
1565,2735.0,262.63,INR,2026-02-18 15:47:39,SUCCESS
1566,1648.0,9679.67,INR,2026-06-11 12:59:11,FAILED
1567,631.0,724.96,INR,2026-02-17 22:12:57,PENDING
1568,357.0,2389.3,INR,2026-02-04 06:33:49,PENDING
1569,1022.0,7001.74,INR,2026-04-17 19:04:32,PENDING
1570,1865.0,7675.26,INR,2026-03-26 14:21:20,FAILED
1571,3592.0,6467.71,INR,2026-02-22 13:13:12,PENDING
1572,1197.0,4161.3,INR,2026-04-26 06:47:56,SUCCESS
1573,1156.0,1888.27,INR,2026-01-19 04:06:19,PENDING
1574,707.0,1093.48,INR,2026-01-13 02:18:43,FAILED
1575,4607.0,7320.82,INR,2026-02-18 03:55:02,FAILED
1576,1463.0,9680.25,INR,2026-01-08 10:00:56,FAILED
1577,2480.0,5935.09,INR,2026-02-21 05:45:11,FAILED
1578,3799.0,4820.41,INR,2026-01-01 23:21:19,SUCCESS
1579,3255.0,1992.82,INR,2026-05-30 02:05:14,SUCCESS
1580,169.0,3527.07,INR,2026-01-20 08:39:13,PENDING
1581,627.0,5632.65,INR,2026-01-08 17:42:41,SUCCESS
1582,2844.0,2051.15,INR,2026-04-19 20:03:17,PENDING
1583,4934.0,8986.49,INR,invalid_date,PENDING
1584,2476.0,-2524.24,INR,2026-02-26 13:48:31,FAILED
1585,3516.0,813.63,INR,2026-03-05 14:30:35,SUCCESS
1586,1533.0,752.11,INR,2026-01-19 02:48:19,FAILED
1587,3742.0,6245.58,INR,2026-06-06 01:43:28,PENDING
1588,2447.0,1586.59,INR,2026-05-12 22:47:46,SUCCESS
1589,3358.0,9585.65,INR,2026-05-03 18:13:42,FAILED
1590,3625.0,5900.51,INR,2026-02-12 11:06:16,PENDING
1591,646.0,6628.93,INR,2026-05-24 07:37:07,SUCCESS
1592,4716.0,5888.97,INR,2026-04-28 04:18:00,PENDING
1593,4271.0,3486.58,INR,2026-02-26 23:12:24,FAILED
1594,1943.0,4635.14,INR,2026-04-27 13:16:16,SUCCESS
1595,1672.0,2215.5,INR,2026-02-23 22:14:14,PENDING
1596,4829.0,6782.27,INR,2026-03-24 01:00:04,PENDING
1597,740.0,3044.35,INR,2026-03-19 06:42:58,FAILED
1598,3751.0,9310.64,INR,2026-01-28 07:33:21,SUCCESS
1599,2346.0,7317.35,INR,2026-01-29 18:43:34,PENDING
1600,1062.0,3157.75,INR,2026-06-09 21:56:55,FAILED
1601,3529.0,435.8,INR,2026-03-15 06:24:13,PENDING
1602,229.0,3253.19,INR,2026-03-31 17:26:08,PENDING
1603,1928.0,1558.12,INR,2026-05-25 00:58:33,SUCCESS
1604,1738.0,5578.28,INR,2026-05-29 13:23:37,FAILED
1605,2736.0,2756.36,INR,2026-03-08 11:22:59,SUCCESS
1606,4234.0,1698.39,INR,2026-01-06 17:43:04,FAILED
1607,4563.0,9786.76,INR,2026-05-11 10:07:50,FAILED
1608,1600.0,4403.2,INR,2026-03-03 22:20:13,PENDING
1609,1863.0,6356.42,INR,2026-03-09 14:56:58,SUCCESS
1610,84.0,1569.7,INR,2026-03-16 20:14:20,PENDING
1611,1314.0,1156.2,INR,2026-01-28 09:51:22,SUCCESS
1612,3780.0,8294.45,INR,2026-01-17 15:46:43,PENDING
1613,2689.0,3815.13,INR,2026-05-25 05:51:57,PENDING
1614,1138.0,428.47,INR,2026-05-29 17:31:53,PENDING
1615,1339.0,5681.14,INR,2026-03-14 22:37:55,PENDING
1616,3661.0,2749.18,INR,2026-03-05 07:45:35,FAILED
1617,2248.0,957.0,INR,2026-04-25 03:41:50,FAILED
1618,4346.0,1851.0,INR,2026-03-15 06:26:00,SUCCESS
1619,4933.0,2990.42,INR,2026-01-02 05:52:43,SUCCESS
1620,2413.0,848.37,INR,2026-02-09 07:07:18,PENDING
1621,867.0,8757.63,INR,2026-03-29 03:41:40,PENDING
1622,4835.0,212.5,INR,2026-03-23 04:20:12,SUCCESS
1623,,9897.16,INR,2026-01-05 12:00:43,SUCCESS
1624,4752.0,9615.82,INR,2026-02-02 23:35:21,FAILED
1625,3041.0,6955.15,INR,2026-01-09 18:41:59,PENDING
1626,368.0,9325.55,INR,2026-04-20 08:29:24,PENDING
1627,439.0,8800.62,INR,2026-02-08 10:27:54,PENDING
1628,4191.0,2626.17,INR,2026-06-11 07:59:47,FAILED
1629,1518.0,2210.43,INR,2026-01-15 10:13:08,FAILED
1630,3516.0,2661.6,INR,2026-01-09 20:20:51,SUCCESS
1631,4807.0,9962.52,INR,2026-02-27 00:26:31,SUCCESS
1632,1464.0,3589.57,INR,2026-04-11 06:57:03,SUCCESS
1633,2815.0,7213.04,INR,2026-05-11 18:55:24,SUCCESS
1634,2109.0,7465.87,INR,2026-03-27 21:40:14,SUCCESS
1635,4151.0,8898.9,INR,2026-05-05 07:54:48,PENDING
1636,2399.0,595.96,INR,2026-03-19 10:09:27,PENDING
1637,3939.0,2610.54,INR,2026-03-11 23:44:44,SUCCESS
1638,283.0,-4235.98,INR,2026-02-04 20:11:34,PENDING
1639,4533.0,6608.36,INR,2026-03-28 16:14:04,FAILED
1640,4833.0,4612.64,INR,invalid_date,PENDING
1641,168.0,7091.27,INR,2026-03-08 11:49:30,FAILED
1642,598.0,1250.3,INR,2026-01-22 12:32:36,FAILED
1643,3838.0,3884.13,INR,2026-02-23 12:40:04,SUCCESS
1644,123.0,4540.69,INR,2026-05-01 20:25:13,SUCCESS
1645,4506.0,-6860.15,INR,2026-03-26 06:03:49,PENDING
1646,1219.0,3112.06,INR,2026-01-13 00:01:04,PENDING
1647,2234.0,7629.74,INR,2026-04-28 01:06:24,FAILED
1648,3689.0,614.92,INR,2026-04-05 16:43:44,FAILED
1649,1171.0,3511.91,INR,2026-05-02 00:26:28,PENDING
1650,3431.0,5922.99,INR,2026-03-03 06:33:06,PENDING
1651,453.0,1597.18,INR,2026-03-24 16:34:52,PENDING
1652,2136.0,6586.94,INR,2026-04-02 10:05:40,SUCCESS
1653,3125.0,5786.89,INR,2026-02-23 10:49:40,PENDING
1654,3192.0,2361.72,INR,2026-05-24 19:02:52,SUCCESS
1655,4763.0,3338.13,INR,2026-01-09 11:39:57,FAILED
1656,3993.0,3661.42,INR,2026-04-23 07:20:39,PENDING
1657,4222.0,4263.3,INR,2026-03-09 06:19:53,FAILED
1658,4154.0,1875.34,INR,2026-03-17 06:04:14,FAILED
1659,3606.0,1827.95,INR,2026-05-13 18:43:03,FAILED
1660,4747.0,6631.71,INR,2026-05-31 00:39:26,FAILED
1661,1924.0,-4275.79,INR,2026-04-27 06:46:37,SUCCESS
1662,1771.0,6378.27,INR,2026-05-07 07:24:47,PENDING
1663,3466.0,8185.65,INR,2026-02-20 23:22:44,FAILED
1664,890.0,5894.96,INR,2026-03-10 19:53:34,SUCCESS
1665,3077.0,7778.01,INR,2026-06-14 19:09:40,FAILED
1666,3783.0,6728.27,INR,2026-06-16 21:28:16,SUCCESS
1667,2104.0,5216.49,INR,2026-06-09 18:27:15,FAILED
1668,799.0,3628.53,INR,2026-01-09 02:41:39,SUCCESS
1669,1003.0,69.26,INR,2026-01-15 01:47:21,SUCCESS
1670,1439.0,7658.35,INR,2026-01-25 13:42:09,FAILED
1671,990.0,1437.89,INR,2026-05-10 09:30:24,SUCCESS
1672,2322.0,9291.62,INR,2026-01-31 19:06:47,PENDING
1673,3276.0,3491.14,INR,2026-01-27 03:33:20,FAILED
1674,,-4518.32,INR,invalid_date,PENDING
1675,4047.0,3295.42,INR,2026-03-30 09:25:21,SUCCESS
1676,3272.0,9285.65,INR,2026-01-02 16:44:18,FAILED
1677,1467.0,9430.07,INR,2026-02-11 06:10:22,PENDING
1678,3554.0,5700.44,INR,2026-05-18 03:03:46,FAILED
1679,2163.0,237.26,INR,2026-05-16 13:18:36,FAILED
1680,1324.0,5262.26,INR,2026-06-14 15:58:03,FAILED
1681,2243.0,3665.06,INR,2026-05-01 15:39:01,FAILED
1682,4048.0,6847.65,INR,2026-03-07 15:26:44,FAILED
1683,3164.0,36.7,INR,2026-04-08 15:30:11,FAILED
1684,,1851.36,INR,2026-05-12 20:02:33,PENDING
1685,4919.0,7026.6,INR,2026-02-23 14:09:39,FAILED
1686,3238.0,6466.92,INR,2026-05-21 21:05:38,SUCCESS
1687,1422.0,6447.67,INR,2026-04-17 08:57:18,SUCCESS
1688,2751.0,191.6,INR,2026-01-15 03:53:47,PENDING
1689,4545.0,8219.2,INR,2026-01-26 23:48:33,FAILED
1690,2410.0,4405.48,INR,2026-01-26 04:43:41,FAILED
1691,3737.0,2930.23,INR,2026-06-18 03:56:09,FAILED
1692,2717.0,5507.51,INR,2026-05-24 21:52:33,SUCCESS
1693,2884.0,3590.16,INR,2026-04-27 10:27:08,FAILED
1694,4655.0,7027.87,INR,2026-03-21 23:01:14,SUCCESS
1695,3206.0,3086.52,INR,2026-05-18 20:09:05,FAILED
1696,1308.0,5364.41,INR,2026-03-21 23:47:29,SUCCESS
1697,4526.0,6510.26,INR,2026-03-12 02:05:47,SUCCESS
1698,2649.0,9779.22,INR,2026-02-07 05:01:14,FAILED
1699,3367.0,3391.43,INR,2026-04-18 19:01:20,SUCCESS
1700,3748.0,6469.48,INR,2026-06-13 11:43:21,FAILED
1701,2412.0,7360.94,INR,2026-05-21 09:14:42,FAILED
1702,2665.0,17.55,INR,2026-03-02 09:56:12,FAILED
1703,3010.0,9943.19,INR,2026-03-23 02:11:43,SUCCESS
1704,3090.0,8690.56,INR,2026-06-03 17:12:30,PENDING
1705,103.0,8673.92,INR,2026-04-21 11:03:22,PENDING
1706,2212.0,3266.85,INR,2026-05-20 18:22:03,SUCCESS
1707,1353.0,-3684.99,INR,2026-01-18 16:40:45,PENDING
1708,2207.0,4915.59,INR,2026-02-25 20:09:19,FAILED
1709,3160.0,6751.74,INR,2026-04-23 17:08:34,PENDING
1710,796.0,2335.98,INR,2026-06-08 22:20:45,FAILED
1711,4869.0,3004.56,INR,2026-01-14 21:56:49,PENDING
1712,775.0,111.45,INR,2026-05-15 03:30:41,SUCCESS
1713,4241.0,5040.99,INR,2026-05-27 19:50:30,SUCCESS
1714,2934.0,6247.62,INR,2026-05-28 11:06:57,SUCCESS
1715,4957.0,5079.73,INR,2026-03-31 02:26:18,SUCCESS
1716,606.0,8365.78,INR,2026-03-14 09:18:14,PENDING
1717,2936.0,4391.32,INR,2026-02-04 17:00:46,SUCCESS
1718,4828.0,2069.92,INR,2026-04-12 07:49:58,PENDING
1719,1829.0,9879.38,INR,2026-05-24 04:04:25,SUCCESS
1720,2214.0,1450.21,INR,2026-04-21 20:46:58,SUCCESS
1721,4060.0,4885.91,INR,2026-03-20 15:05:45,FAILED
1722,2557.0,257.88,INR,2026-02-02 00:16:42,PENDING
1723,,9171.76,INR,2026-06-13 21:34:04,PENDING
1724,4321.0,4483.67,INR,2026-02-22 00:36:09,FAILED
1725,4933.0,9795.57,INR,2026-01-21 06:32:19,PENDING
1726,,6163.02,INR,2026-03-14 03:41:58,FAILED
1727,4827.0,4078.05,INR,2026-02-02 00:50:54,FAILED
1728,2636.0,9704.45,INR,2026-04-21 01:56:49,SUCCESS
1729,,8743.36,INR,2026-01-02 03:11:41,SUCCESS
1730,1140.0,378.34,INR,2026-03-08 23:42:51,FAILED
1731,3417.0,4497.35,INR,2026-01-07 22:49:59,SUCCESS
1732,4852.0,3871.03,INR,2026-03-29 22:21:26,PENDING
1733,4856.0,6221.6,INR,2026-04-30 18:26:37,PENDING
1734,2311.0,2224.8,INR,2026-05-31 15:53:37,FAILED
1735,3164.0,5249.42,INR,2026-03-29 19:53:44,FAILED
1736,3931.0,409.13,INR,2026-04-04 17:24:02,PENDING
1737,3926.0,9994.02,INR,2026-02-03 03:12:00,SUCCESS
1738,2785.0,9682.09,INR,2026-05-22 01:53:58,PENDING
1739,2917.0,2983.68,INR,2026-02-09 00:02:02,PENDING
1740,666.0,1206.9,INR,2026-04-12 22:37:49,SUCCESS
1741,1040.0,4449.8,INR,2026-04-23 20:43:54,FAILED
1742,3242.0,768.51,INR,2026-06-13 06:50:57,PENDING
1743,3590.0,4789.3,INR,2026-05-23 09:28:25,FAILED
1744,386.0,1252.75,INR,2026-02-01 11:52:07,PENDING
1745,1275.0,5068.0,INR,2026-03-10 13:57:37,FAILED
1746,4563.0,-7460.35,INR,2026-01-31 13:35:05,SUCCESS
1747,2367.0,8899.05,INR,2026-04-23 19:29:27,SUCCESS
1748,1855.0,-5100.95,INR,2026-04-04 20:48:43,FAILED
1749,1752.0,9897.32,INR,2026-03-23 10:56:28,PENDING
1750,2999.0,3690.44,INR,2026-05-12 01:22:36,SUCCESS
1751,2078.0,7030.98,INR,2026-01-08 03:23:17,FAILED
1752,376.0,691.32,INR,2026-03-17 02:10:52,PENDING
1753,3207.0,2040.75,INR,2026-06-17 03:40:42,PENDING
1754,3941.0,7722.84,INR,2026-06-17 19:53:34,PENDING
1755,149.0,3425.77,INR,2026-03-31 10:01:41,FAILED
1756,1242.0,4573.0,INR,2026-03-30 20:20:35,SUCCESS
1757,2263.0,5717.15,INR,2026-06-10 12:01:28,PENDING
1758,3315.0,1342.0,INR,2026-06-11 07:35:26,PENDING
1759,1767.0,131.49,INR,2026-03-12 13:10:00,SUCCESS
1760,1809.0,7312.28,INR,2026-05-16 17:25:09,SUCCESS
1761,526.0,7140.45,INR,2026-04-05 04:24:01,FAILED
1762,164.0,5644.9,INR,2026-06-11 21:34:33,PENDING
1763,4813.0,3899.59,INR,2026-02-20 01:19:01,PENDING
1764,1532.0,3050.92,INR,2026-03-22 05:13:32,SUCCESS
1765,,4305.45,INR,2026-02-07 20:19:15,FAILED
1766,3394.0,9628.34,INR,2026-05-20 06:31:37,SUCCESS
1767,1875.0,3664.17,INR,2026-06-12 14:27:48,PENDING
1768,3477.0,4276.24,INR,2026-01-26 16:13:19,PENDING
1769,2355.0,6311.43,INR,2026-06-15 07:41:43,FAILED
1770,1916.0,8469.62,INR,2026-03-16 16:54:16,PENDING
1771,3812.0,3792.94,INR,2026-05-02 20:36:38,SUCCESS
1772,2680.0,8595.99,INR,2026-03-27 20:49:57,FAILED
1773,193.0,825.63,INR,2026-04-19 09:00:29,FAILED
1774,764.0,2890.43,INR,2026-06-05 22:44:54,FAILED
1775,4943.0,3665.98,INR,2026-05-29 05:15:13,PENDING
1776,3471.0,-4264.51,INR,2026-04-01 23:00:17,FAILED
1777,2139.0,327.94,INR,2026-06-09 01:49:56,FAILED
1778,3212.0,84.87,INR,2026-05-24 15:11:03,SUCCESS
1779,202.0,6363.43,INR,2026-06-08 08:58:24,PENDING
1780,3272.0,8061.75,INR,2026-05-27 23:26:50,SUCCESS
1781,4562.0,2665.84,INR,2026-06-17 23:34:32,FAILED
1782,4099.0,1937.98,INR,2026-02-09 12:06:43,FAILED
1783,4315.0,7535.35,INR,2026-06-05 19:16:11,PENDING
1784,895.0,5644.72,INR,2026-06-19 00:32:02,FAILED
1785,1668.0,5670.43,INR,2026-02-06 03:47:51,SUCCESS
1786,,9452.98,INR,2026-04-11 15:32:58,SUCCESS
1787,2543.0,5410.89,INR,2026-03-04 07:42:23,FAILED
1788,1429.0,7920.18,INR,2026-04-16 21:46:21,FAILED
1789,1402.0,4740.79,INR,2026-01-17 09:23:06,SUCCESS
1790,521.0,-8669.34,INR,2026-05-19 17:45:57,PENDING
1791,3598.0,2042.55,INR,2026-03-01 10:19:06,FAILED
1792,926.0,-1118.21,INR,2026-03-08 10:16:25,FAILED
1793,3333.0,423.38,INR,2026-04-18 03:29:05,PENDING
1794,3259.0,8035.74,INR,2026-02-19 17:20:49,PENDING
1795,2637.0,2567.96,INR,2026-02-03 04:05:15,FAILED
1796,1163.0,9521.82,INR,2026-04-10 15:04:00,SUCCESS
1797,,5246.94,INR,2026-02-25 05:50:47,SUCCESS
1798,1719.0,9650.1,INR,2026-04-09 22:07:12,FAILED
1799,2787.0,9301.7,INR,2026-03-20 08:25:04,SUCCESS
1800,833.0,6731.14,INR,2026-03-25 20:49:02,FAILED
1801,2700.0,5349.63,INR,2026-03-28 06:02:58,FAILED
1802,3261.0,291.72,INR,2026-02-14 19:17:05,SUCCESS
1803,2517.0,1305.09,INR,2026-03-21 12:52:59,SUCCESS
1804,439.0,2279.23,INR,2026-05-01 21:39:24,PENDING
1805,3489.0,-4015.97,INR,2026-02-02 15:27:16,FAILED
1806,532.0,7502.05,INR,2026-03-15 11:22:37,SUCCESS
1807,4851.0,2228.46,INR,2026-03-21 07:35:38,PENDING
1808,4065.0,1573.46,INR,2026-04-12 23:10:12,SUCCESS
1809,1592.0,6913.62,INR,2026-01-26 23:35:24,PENDING
1810,3655.0,7714.19,INR,2026-01-07 21:55:27,SUCCESS
1811,2853.0,2189.79,INR,2026-06-02 12:19:39,PENDING
1812,4316.0,4167.06,INR,2026-04-26 19:03:15,FAILED
1813,976.0,3462.45,INR,2026-05-04 04:10:22,FAILED
1814,715.0,5766.19,INR,2026-05-01 00:10:23,SUCCESS
1815,204.0,5409.93,INR,2026-02-20 20:26:51,FAILED
1816,3463.0,-6397.24,INR,2026-03-03 13:06:02,SUCCESS
1817,2482.0,7464.95,INR,2026-05-06 05:45:16,FAILED
1818,1738.0,9320.28,INR,2026-04-05 18:13:44,PENDING
1819,295.0,3031.96,INR,2026-02-21 04:04:42,PENDING
1820,2873.0,8484.78,INR,2026-05-31 14:05:11,FAILED
1821,3341.0,1749.51,INR,2026-01-19 10:06:46,SUCCESS
1822,2171.0,9300.35,INR,2026-04-08 18:50:15,SUCCESS
1823,896.0,8074.29,INR,2026-03-13 22:27:04,PENDING
1824,534.0,8406.75,INR,2026-01-29 04:45:09,FAILED
1825,2066.0,3510.15,INR,2026-05-13 01:59:44,FAILED
1826,,9229.1,INR,2026-05-21 02:52:28,SUCCESS
1827,1919.0,7712.83,INR,2026-04-08 01:35:54,SUCCESS
1828,1903.0,2001.34,INR,2026-03-15 01:04:28,PENDING
1829,728.0,3321.1,INR,2026-05-31 04:03:26,SUCCESS
1830,4625.0,1438.02,INR,2026-01-22 02:11:24,SUCCESS
1831,1177.0,7568.58,INR,2026-02-10 17:51:00,SUCCESS
1832,1449.0,2960.78,INR,2026-02-10 18:11:36,FAILED
1833,4547.0,962.9,INR,2026-04-08 05:04:22,PENDING
1834,,2161.53,INR,2026-03-05 23:32:52,FAILED
1835,,8303.03,INR,2026-05-11 20:56:40,FAILED
1836,2692.0,2077.91,INR,2026-03-06 20:43:24,FAILED
1837,,2316.96,INR,2026-05-10 03:45:39,PENDING
1838,4919.0,1771.34,INR,2026-05-05 20:37:41,FAILED
1839,2341.0,-9529.05,INR,2026-05-24 07:03:38,SUCCESS
1840,3015.0,8341.72,INR,2026-01-26 11:05:15,FAILED
1841,,9248.36,INR,2026-02-07 00:16:30,SUCCESS
1842,,2256.77,INR,2026-03-30 13:09:55,FAILED
1843,3769.0,33.94,INR,2026-04-23 03:50:19,PENDING
1844,2165.0,1233.49,INR,2026-02-06 06:42:41,FAILED
1845,984.0,7268.87,INR,2026-04-24 06:37:12,SUCCESS
1846,4291.0,4634.15,INR,2026-02-19 03:13:18,PENDING
1847,4646.0,947.42,INR,2026-03-06 20:29:22,FAILED
1848,3867.0,206.34,INR,2026-06-18 09:19:17,PENDING
1849,2062.0,2601.01,INR,2026-05-15 04:05:30,SUCCESS
1850,4662.0,4731.05,INR,2026-01-29 20:58:53,PENDING
1851,2766.0,8190.82,INR,2026-06-18 11:00:26,FAILED
1852,2938.0,9481.83,INR,2026-02-07 19:20:16,SUCCESS
1853,4898.0,7509.58,INR,2026-03-17 06:20:23,SUCCESS
1854,2282.0,9636.28,INR,2026-01-20 04:33:14,SUCCESS
1855,2787.0,3128.01,INR,2026-01-30 09:55:09,PENDING
1856,1523.0,1977.65,INR,2026-03-16 22:52:31,PENDING
1857,1152.0,-9287.82,INR,2026-06-13 03:49:08,PENDING
1858,3645.0,6917.56,INR,2026-04-13 11:22:03,SUCCESS
1859,,4456.13,INR,2026-03-13 13:57:34,SUCCESS
1860,4710.0,570.06,INR,2026-04-23 16:10:23,FAILED
1861,2449.0,7626.58,INR,2026-05-27 22:54:24,SUCCESS
1862,1429.0,9962.44,INR,2026-05-22 16:59:20,FAILED
1863,4950.0,1622.0,INR,2026-05-06 21:53:35,FAILED
1864,258.0,3060.55,INR,2026-05-21 17:56:27,SUCCESS
1865,502.0,5983.37,INR,2026-03-02 22:59:25,PENDING
1866,2503.0,4331.21,INR,2026-05-29 05:59:09,FAILED
1867,712.0,-8536.27,INR,2026-02-19 10:05:38,SUCCESS
1868,3791.0,6245.33,INR,2026-04-30 23:40:37,FAILED
1869,3495.0,8460.26,INR,2026-04-14 13:05:22,FAILED
1870,270.0,8758.12,INR,2026-03-20 13:19:10,FAILED
1871,3936.0,7267.7,INR,2026-02-28 10:13:17,PENDING
1872,1985.0,5782.54,INR,2026-02-22 22:44:13,SUCCESS
1873,1626.0,2350.32,INR,2026-02-06 21:48:04,PENDING
1874,3817.0,8351.14,INR,2026-03-12 08:04:59,SUCCESS
1875,4072.0,7704.7,INR,2026-04-30 20:29:22,SUCCESS
1876,1677.0,415.28,INR,2026-03-12 04:45:51,SUCCESS
1877,2954.0,6137.63,INR,2026-02-02 10:59:37,PENDING
1878,1316.0,128.21,INR,2026-04-30 16:02:54,FAILED
1879,3419.0,3243.05,INR,2026-01-29 05:07:44,SUCCESS
1880,1685.0,2965.42,INR,2026-03-02 03:52:11,PENDING
1881,3880.0,2707.98,INR,2026-06-15 04:37:06,PENDING
1882,2451.0,6457.49,INR,2026-05-14 03:38:08,FAILED
1883,2485.0,8111.26,INR,2026-01-20 03:09:56,SUCCESS
1884,3997.0,9929.57,INR,2026-04-22 03:03:23,PENDING
1885,1037.0,7277.12,INR,2026-02-11 07:33:53,PENDING
1886,2543.0,8331.53,INR,2026-04-07 21:22:01,FAILED
1887,1821.0,-2194.95,INR,2026-03-11 05:51:05,SUCCESS
1888,4714.0,7237.62,INR,2026-02-17 16:31:29,PENDING
1889,3551.0,5291.05,INR,2026-02-12 22:49:43,FAILED
1890,1984.0,6558.28,INR,2026-05-23 03:39:49,FAILED
1891,1403.0,5479.06,INR,2026-01-16 23:30:43,PENDING
1892,1367.0,9019.11,INR,2026-03-18 23:16:04,SUCCESS
1893,429.0,8469.23,INR,2026-03-15 19:24:25,SUCCESS
1894,329.0,3014.82,INR,2026-01-28 13:43:40,PENDING
1895,1939.0,7487.59,INR,2026-01-23 19:10:33,SUCCESS
1896,2703.0,2228.12,INR,2026-01-19 16:04:43,FAILED
1897,774.0,9776.44,INR,2026-05-10 15:43:26,PENDING
1898,3580.0,2593.84,INR,2026-03-22 02:55:25,PENDING
1899,4762.0,7911.07,INR,2026-05-06 03:21:23,SUCCESS
1900,4889.0,6411.29,INR,2026-03-16 15:04:08,FAILED
1901,2738.0,6296.66,INR,2026-01-28 00:14:51,PENDING
1902,1285.0,564.19,INR,2026-03-16 18:18:44,FAILED
1903,292.0,1888.72,INR,2026-05-01 02:18:47,FAILED
1904,1447.0,8641.05,INR,2026-05-09 19:12:47,SUCCESS
1905,1817.0,-4076.63,INR,2026-06-19 03:36:37,FAILED
1906,2932.0,3472.87,INR,2026-01-17 13:17:27,FAILED
1907,3739.0,3006.47,INR,invalid_date,SUCCESS
1908,2810.0,9533.78,INR,2026-05-17 23:38:23,PENDING
1909,2141.0,6295.97,INR,2026-04-22 01:14:50,SUCCESS
1910,2104.0,8083.48,INR,2026-01-09 06:12:05,PENDING
1911,2063.0,7821.73,INR,2026-03-22 16:13:12,FAILED
1912,4919.0,6107.38,INR,2026-05-12 23:50:55,PENDING
1913,2887.0,731.43,INR,2026-01-10 11:44:15,PENDING
1914,282.0,2224.65,INR,2026-06-03 15:31:57,PENDING
1915,1057.0,8274.81,INR,2026-03-22 02:33:40,PENDING
1916,782.0,3676.95,INR,invalid_date,FAILED
1917,2314.0,8779.34,INR,2026-06-16 16:23:56,SUCCESS
1918,,7032.07,INR,2026-02-02 18:01:32,FAILED
1919,1457.0,972.41,INR,2026-04-26 17:21:38,PENDING
1920,3858.0,4213.22,INR,2026-05-07 00:37:41,PENDING
1921,69.0,652.68,INR,2026-05-17 12:46:36,SUCCESS
1922,1010.0,7941.5,INR,2026-04-11 18:43:59,SUCCESS
1923,,9767.87,INR,2026-01-08 07:26:54,PENDING
1924,2317.0,9328.76,INR,2026-05-01 23:41:54,SUCCESS
1925,3012.0,8351.05,INR,invalid_date,FAILED
1926,1283.0,2455.29,INR,2026-05-06 22:13:43,PENDING
1927,3715.0,2967.35,INR,2026-04-09 16:52:28,FAILED
1928,2995.0,989.32,INR,2026-01-05 20:30:53,SUCCESS
1929,1826.0,7724.24,INR,2026-03-25 15:54:41,PENDING
1930,1913.0,8027.98,INR,2026-03-13 23:39:49,FAILED
1931,4190.0,6794.03,INR,2026-01-25 00:43:06,SUCCESS
1932,1697.0,2366.26,INR,2026-06-09 05:14:57,SUCCESS
1933,3895.0,2404.9,INR,2026-04-05 03:44:39,FAILED
1934,1225.0,1890.8,INR,2026-03-29 19:56:32,PENDING
1935,3681.0,6913.69,INR,2026-03-28 11:42:47,PENDING
1936,3258.0,6098.48,INR,2026-05-04 21:24:01,PENDING
1937,860.0,1750.15,INR,2026-02-15 08:41:40,SUCCESS
1938,2266.0,3569.22,INR,2026-03-29 20:56:14,SUCCESS
1939,4334.0,5004.72,INR,2026-03-17 07:29:51,FAILED
1940,1669.0,5153.48,INR,2026-02-09 22:44:41,SUCCESS
1941,1613.0,8727.8,INR,2026-01-18 04:19:32,SUCCESS
1942,2888.0,5981.07,INR,2026-01-04 03:40:10,FAILED
1943,2959.0,4019.05,INR,2026-03-05 14:44:05,FAILED
1944,1203.0,3306.95,INR,2026-06-13 12:41:43,SUCCESS
1945,3018.0,8732.96,INR,2026-02-02 18:06:49,FAILED
1946,844.0,3034.31,INR,2026-03-19 06:56:28,FAILED
1947,1662.0,3756.41,INR,2026-01-03 08:26:20,PENDING
1948,,7831.09,INR,2026-03-04 11:16:24,SUCCESS
1949,2621.0,1480.58,INR,2026-05-09 04:14:50,PENDING
1950,3728.0,7804.94,INR,2026-03-17 14:14:13,SUCCESS
1951,3723.0,6489.3,INR,2026-02-12 22:58:09,FAILED
1952,,5057.67,INR,2026-05-26 08:06:35,FAILED
1953,3298.0,140.36,INR,2026-02-07 15:05:42,PENDING
1954,368.0,9829.37,INR,2026-06-15 11:27:10,FAILED
1955,3997.0,1993.49,INR,2026-04-08 05:10:44,SUCCESS
1956,4094.0,9710.81,INR,2026-04-16 17:23:19,SUCCESS
1957,2651.0,5275.83,INR,2026-06-04 12:08:26,PENDING
1958,3932.0,8501.17,INR,2026-01-14 08:54:32,PENDING
1959,4542.0,7442.18,INR,2026-04-26 07:32:01,PENDING
1960,4153.0,9897.78,INR,2026-05-02 11:02:26,SUCCESS
1961,1719.0,662.3,INR,2026-04-10 12:28:58,PENDING
1962,1402.0,9741.52,INR,2026-02-08 15:31:09,SUCCESS
1963,3331.0,2495.58,INR,2026-03-17 10:28:27,PENDING
1964,4860.0,6861.74,INR,2026-01-18 21:32:50,PENDING
1965,,971.33,INR,2026-05-16 03:35:29,SUCCESS
1966,4692.0,7007.32,INR,2026-05-25 11:46:34,PENDING
1967,2337.0,1953.91,INR,2026-02-23 04:41:06,SUCCESS
1968,2837.0,-389.7,INR,2026-02-08 00:24:36,FAILED
1969,4735.0,5038.89,INR,2026-01-30 08:09:54,SUCCESS
1970,2673.0,8828.69,INR,2026-06-08 17:40:52,SUCCESS
1971,1010.0,8096.16,INR,2026-01-27 09:41:20,PENDING
1972,913.0,4607.65,INR,2026-05-03 21:14:45,SUCCESS
1973,2925.0,7520.25,INR,2026-04-12 11:26:22,PENDING
1974,3876.0,3129.04,INR,invalid_date,PENDING
1975,2358.0,-3551.99,INR,2026-02-28 03:29:44,PENDING
1976,4965.0,3765.89,INR,2026-04-04 10:12:34,FAILED
1977,2428.0,2004.44,INR,2026-03-27 09:04:27,SUCCESS
1978,4904.0,7877.06,INR,2026-01-09 07:48:18,SUCCESS
1979,,3860.27,INR,2026-04-17 17:17:20,PENDING
1980,862.0,3152.09,INR,2026-03-01 07:35:28,PENDING
1981,3883.0,7718.78,INR,2026-04-06 09:25:26,PENDING
1982,,4073.19,INR,2026-04-10 18:17:16,PENDING
1983,1429.0,5975.49,INR,2026-01-08 16:07:02,SUCCESS
1984,1030.0,3626.01,INR,2026-06-11 09:07:33,SUCCESS
1985,1834.0,1837.46,INR,2026-03-27 02:21:44,FAILED
1986,2923.0,7653.82,INR,2026-02-07 15:33:59,SUCCESS
1987,4657.0,3720.94,INR,2026-02-28 20:26:48,SUCCESS
1988,1255.0,-4178.49,INR,2026-05-10 22:17:32,PENDING
1989,996.0,1407.53,INR,2026-01-09 11:40:20,FAILED
1990,1625.0,6271.22,INR,2026-04-13 00:15:21,FAILED
1991,3840.0,5399.89,INR,2026-06-01 22:34:03,SUCCESS
1992,86.0,9428.67,INR,2026-04-01 09:22:17,SUCCESS
1993,2678.0,9064.56,INR,2026-04-12 22:53:46,FAILED
1994,1141.0,6153.92,INR,2026-01-24 17:12:11,PENDING
1995,3855.0,2143.16,INR,2026-06-04 11:58:46,SUCCESS
1996,2739.0,6667.08,INR,2026-01-13 11:15:53,PENDING
1997,3184.0,3476.61,INR,2026-01-16 17:00:55,SUCCESS
1998,3401.0,5024.31,INR,2026-02-17 12:11:10,FAILED
1999,1118.0,4094.64,INR,2026-01-08 00:45:14,FAILED
2000,2767.0,154.19,INR,2026-04-10 20:44:12,FAILED
2001,4534.0,-9341.92,INR,2026-04-25 01:17:06,FAILED
2002,761.0,9780.16,INR,2026-03-31 01:00:55,FAILED
2003,1525.0,9371.44,INR,2026-01-05 08:28:48,SUCCESS
2004,779.0,5911.35,INR,2026-05-03 07:20:16,FAILED
2005,2419.0,4013.33,INR,2026-01-23 08:20:09,PENDING
2006,3349.0,3657.54,INR,2026-04-16 20:45:06,PENDING
2007,848.0,5320.74,INR,2026-02-20 19:18:59,FAILED
2008,3399.0,4617.43,INR,2026-02-28 10:46:04,SUCCESS
2009,4151.0,4339.37,INR,2026-02-06 03:07:19,SUCCESS
2010,423.0,7009.86,INR,2026-03-05 08:14:57,PENDING
2011,2806.0,2575.18,INR,2026-05-16 22:41:32,PENDING
2012,1506.0,2397.68,INR,2026-03-19 21:13:45,SUCCESS
2013,4807.0,2797.71,INR,2026-01-05 17:04:23,PENDING
2014,1970.0,-8528.76,INR,2026-04-23 09:02:53,FAILED
2015,233.0,6363.47,INR,2026-05-01 16:29:26,PENDING
2016,2522.0,2331.68,INR,2026-06-04 01:51:30,PENDING
2017,2070.0,-6236.87,INR,2026-05-18 09:26:50,SUCCESS
2018,3417.0,7775.47,INR,2026-01-16 08:38:39,FAILED
2019,4147.0,-4973.23,INR,2026-01-10 13:45:11,PENDING
2020,1137.0,2171.95,INR,2026-02-09 12:43:53,SUCCESS
2021,2811.0,9296.64,INR,2026-05-09 11:31:50,FAILED
2022,2488.0,3471.93,INR,2026-05-20 11:06:02,FAILED
2023,2827.0,9656.53,INR,2026-02-06 17:29:15,FAILED
2024,4147.0,3005.62,INR,2026-04-14 13:24:35,SUCCESS
2025,3956.0,8506.63,INR,2026-02-12 07:02:22,SUCCESS
2026,4665.0,7784.66,INR,2026-01-26 17:43:10,SUCCESS
2027,3397.0,6413.76,INR,2026-01-28 13:47:40,SUCCESS
2028,153.0,9302.08,INR,2026-05-05 13:47:13,SUCCESS
2029,1207.0,3277.56,INR,2026-04-27 11:18:31,FAILED
2030,4813.0,7984.91,INR,2026-01-23 10:25:21,SUCCESS
2031,4411.0,3108.58,INR,2026-05-13 05:49:25,PENDING
2032,2187.0,9283.99,INR,2026-05-13 21:03:10,FAILED
2033,4378.0,7276.2,INR,2026-01-11 22:08:04,SUCCESS
2034,3024.0,7281.36,INR,2026-01-12 03:04:26,PENDING
2035,130.0,9634.09,INR,2026-01-01 21:51:54,FAILED
2036,3241.0,9951.88,INR,2026-05-07 05:24:55,SUCCESS
2037,1882.0,5739.04,INR,2026-05-31 21:53:09,FAILED
2038,2935.0,-2635.6,INR,2026-01-21 11:45:59,PENDING
2039,4870.0,4171.7,INR,2026-01-31 19:58:57,PENDING
2040,3613.0,4842.3,INR,2026-05-06 02:22:33,SUCCESS
2041,4239.0,2237.31,INR,2026-05-19 01:41:04,FAILED
2042,3389.0,4394.2,INR,2026-05-14 11:30:55,PENDING
2043,3904.0,2095.37,INR,2026-03-17 12:20:49,FAILED
2044,3824.0,7251.42,INR,2026-02-20 17:52:38,FAILED
2045,2867.0,2444.79,INR,2026-04-13 02:14:17,SUCCESS
2046,4766.0,8305.92,INR,2026-05-23 10:06:14,SUCCESS
2047,1616.0,-7465.67,INR,2026-03-24 08:29:56,PENDING
2048,31.0,3001.38,INR,2026-02-20 05:26:38,FAILED
2049,817.0,8141.9,INR,2026-03-24 21:05:00,PENDING
2050,3381.0,3478.69,INR,invalid_date,FAILED
2051,4841.0,618.12,INR,2026-02-28 07:03:38,FAILED
2052,3424.0,6941.96,INR,2026-06-11 09:40:10,FAILED
2053,230.0,8228.84,INR,2026-02-04 23:45:16,FAILED
2054,1432.0,4573.52,INR,2026-01-29 11:58:01,PENDING
2055,1447.0,7804.98,INR,2026-06-01 10:21:15,SUCCESS
2056,1773.0,4348.34,INR,2026-02-06 10:40:17,SUCCESS
2057,1236.0,355.76,INR,2026-01-03 05:44:26,FAILED
2058,2865.0,2829.56,INR,2026-01-26 01:43:26,FAILED
2059,4027.0,8385.6,INR,2026-05-05 17:29:55,PENDING
2060,2825.0,3919.02,INR,2026-04-09 20:47:00,SUCCESS
2061,1859.0,8376.24,INR,2026-01-22 12:06:29,SUCCESS
2062,2167.0,9488.74,INR,2026-03-25 16:31:58,PENDING
2063,4927.0,2689.13,INR,2026-02-22 07:06:59,PENDING
2064,4392.0,8021.05,INR,2026-01-03 23:07:19,PENDING
2065,625.0,8064.64,INR,2026-03-24 06:37:59,FAILED
2066,908.0,8470.79,INR,2026-05-18 22:17:35,FAILED
2067,3866.0,9147.44,INR,2026-04-20 23:50:15,FAILED
2068,179.0,6598.38,INR,2026-05-11 03:26:34,FAILED
2069,2108.0,6689.13,INR,2026-04-21 22:49:15,SUCCESS
2070,399.0,7129.84,INR,2026-03-24 23:04:56,PENDING
2071,1134.0,9411.26,INR,2026-05-22 06:33:13,PENDING
2072,2160.0,1721.32,INR,2026-01-25 03:21:22,SUCCESS
2073,2956.0,1330.36,INR,2026-05-24 02:55:17,PENDING
2074,266.0,9628.8,INR,2026-05-25 21:15:14,FAILED
2075,1153.0,6103.4,INR,2026-06-12 21:01:36,FAILED
2076,3468.0,9845.97,INR,2026-05-01 15:06:50,PENDING
2077,3020.0,2407.74,INR,2026-02-25 06:19:37,PENDING
2078,2780.0,3634.04,INR,2026-04-25 09:42:40,SUCCESS
2079,3812.0,1233.1,INR,2026-03-29 03:33:08,PENDING
2080,710.0,1266.41,INR,2026-01-26 18:53:27,PENDING
2081,3724.0,6006.93,INR,2026-02-06 18:13:46,FAILED
2082,3126.0,3938.65,INR,2026-04-28 13:36:00,FAILED
2083,3419.0,4425.12,INR,2026-06-02 23:55:06,FAILED
2084,1541.0,9689.81,INR,2026-06-13 02:24:51,SUCCESS
2085,,920.37,INR,2026-01-26 16:02:38,PENDING
2086,4708.0,8024.53,INR,2026-03-07 08:02:29,SUCCESS
2087,,4147.71,INR,2026-01-28 10:21:37,PENDING
2088,4366.0,7261.08,INR,2026-02-27 15:29:47,FAILED
2089,3048.0,6032.45,INR,2026-06-12 15:22:09,FAILED
2090,1923.0,5472.03,INR,2026-05-25 16:42:17,PENDING
2091,2858.0,5454.39,INR,2026-01-10 04:12:45,FAILED
2092,4858.0,1961.76,INR,2026-04-10 06:14:37,SUCCESS
2093,,3975.99,INR,2026-03-23 18:36:29,SUCCESS
2094,3836.0,3990.89,INR,2026-05-20 09:42:18,FAILED
2095,2492.0,3644.32,INR,2026-01-10 05:35:20,PENDING
2096,4895.0,5985.23,INR,2026-03-19 16:48:40,SUCCESS
2097,2034.0,2253.37,INR,2026-03-04 08:20:51,PENDING
2098,926.0,5887.64,INR,2026-02-08 22:40:14,SUCCESS
2099,3460.0,9855.67,INR,2026-03-26 22:51:53,FAILED
2100,2333.0,2035.7,INR,2026-04-26 21:57:47,FAILED
2101,2963.0,7346.24,INR,2026-06-03 04:24:47,SUCCESS
2102,2135.0,7487.59,INR,2026-01-26 13:38:37,PENDING
2103,1538.0,8594.86,INR,2026-05-10 01:10:36,SUCCESS
2104,2318.0,8920.03,INR,2026-03-07 05:28:21,PENDING
2105,2118.0,-1590.41,INR,2026-01-09 11:25:54,PENDING
2106,1276.0,1398.09,INR,2026-04-05 02:25:26,SUCCESS
2107,4625.0,4199.96,INR,2026-03-31 20:59:11,FAILED
2108,292.0,1938.2,INR,2026-01-15 17:51:20,FAILED
2109,1806.0,1499.93,INR,2026-03-18 04:41:57,PENDING
2110,2124.0,4753.92,INR,2026-05-03 04:25:31,PENDING
2111,3377.0,2578.92,INR,2026-04-22 09:08:25,FAILED
2112,4117.0,3636.65,INR,2026-04-25 06:23:49,SUCCESS
2113,1672.0,9101.43,INR,2026-01-07 18:14:51,PENDING
2114,4163.0,4322.55,INR,2026-05-30 16:30:50,PENDING
2115,4287.0,2654.15,INR,2026-01-07 08:40:29,FAILED
2116,2850.0,375.73,INR,2026-03-19 02:39:40,FAILED
2117,4656.0,7829.59,INR,2026-05-03 01:10:58,FAILED
2118,4513.0,1240.3,INR,2026-02-16 12:07:24,SUCCESS
2119,195.0,9449.05,INR,2026-03-24 09:45:03,FAILED
2120,4848.0,1762.89,INR,2026-03-24 08:39:48,SUCCESS
2121,138.0,3979.98,INR,2026-03-01 05:07:35,SUCCESS
2122,160.0,1513.4,INR,2026-04-14 19:53:43,SUCCESS
2123,3009.0,1894.27,INR,2026-06-13 14:52:19,SUCCESS
2124,3814.0,765.36,INR,2026-04-10 07:00:58,FAILED
2125,,-4007.28,INR,2026-02-08 01:20:28,PENDING
2126,1628.0,8566.05,INR,2026-04-01 10:50:01,FAILED
2127,4605.0,2040.2,INR,2026-01-22 21:56:49,PENDING
2128,3952.0,9865.8,INR,2026-04-01 10:17:54,PENDING
2129,1561.0,9626.63,INR,2026-04-08 10:30:17,FAILED
2130,4084.0,6535.24,INR,2026-04-29 10:14:13,FAILED
2131,1973.0,5472.77,INR,2026-02-05 06:43:34,PENDING
2132,1809.0,4957.53,INR,invalid_date,PENDING
2133,2911.0,9508.71,INR,2026-02-12 01:34:07,SUCCESS
2134,2391.0,9919.83,INR,2026-04-16 10:58:25,SUCCESS
2135,1858.0,-8924.31,INR,2026-04-29 13:19:18,SUCCESS
2136,2759.0,9118.54,INR,2026-02-04 10:23:56,SUCCESS
2137,1816.0,2363.24,INR,2026-06-09 10:16:08,PENDING
2138,1908.0,5573.9,INR,2026-05-25 08:39:59,SUCCESS
2139,2865.0,3699.4,INR,2026-03-01 05:15:17,SUCCESS
2140,2356.0,4840.42,INR,2026-03-13 03:46:05,SUCCESS
2141,4363.0,2234.89,INR,2026-02-15 13:48:17,FAILED
2142,880.0,3320.6,INR,2026-01-08 00:54:30,SUCCESS
2143,133.0,3834.67,INR,2026-05-23 17:03:17,SUCCESS
2144,2613.0,2493.35,INR,2026-01-01 14:26:38,FAILED
2145,4384.0,700.37,INR,2026-03-30 20:19:50,FAILED
2146,1405.0,3040.82,INR,2026-02-05 18:26:38,SUCCESS
2147,3255.0,4642.96,INR,2026-01-24 01:56:38,SUCCESS
2148,1295.0,9564.75,INR,2026-05-08 19:53:30,PENDING
2149,3170.0,6167.78,INR,2026-01-29 23:08:22,PENDING
2150,923.0,9430.29,INR,2026-03-15 13:26:56,SUCCESS
2151,1462.0,8777.11,INR,2026-04-09 23:05:59,PENDING
2152,4299.0,5257.54,INR,2026-05-02 04:30:00,SUCCESS
2153,1197.0,7710.54,INR,2026-03-20 05:08:28,SUCCESS
2154,1953.0,7779.16,INR,2026-06-11 02:18:59,SUCCESS
2155,593.0,7447.25,INR,2026-06-12 11:25:26,SUCCESS
2156,4041.0,8523.65,INR,2026-01-13 01:53:05,FAILED
2157,2843.0,1693.63,INR,2026-02-04 21:30:54,FAILED
2158,3506.0,2266.21,INR,2026-03-07 18:15:55,SUCCESS
2159,2514.0,7655.68,INR,2026-04-03 14:22:50,FAILED
2160,3504.0,869.31,INR,2026-01-13 04:36:21,SUCCESS
2161,2020.0,9691.86,INR,2026-04-16 03:19:20,FAILED
2162,4346.0,8732.12,INR,2026-02-08 11:18:45,SUCCESS
2163,667.0,5990.26,INR,2026-02-28 18:08:56,FAILED
2164,2813.0,9873.45,INR,2026-06-12 13:14:48,FAILED
2165,700.0,1637.09,INR,2026-01-21 07:18:38,FAILED
2166,2533.0,8382.73,INR,2026-06-14 11:48:23,SUCCESS
2167,3049.0,5321.94,INR,2026-05-05 23:48:31,FAILED
2168,1276.0,1910.06,INR,2026-01-12 07:30:32,PENDING
2169,,2845.71,INR,2026-05-16 13:56:11,SUCCESS
2170,1560.0,233.03,INR,2026-05-26 23:53:25,SUCCESS
2171,3415.0,-7039.27,INR,2026-03-22 18:58:42,FAILED
2172,4571.0,8664.38,INR,2026-04-08 08:24:39,FAILED
2173,2726.0,1443.9,INR,invalid_date,SUCCESS
2174,34.0,3826.97,INR,2026-03-09 07:23:51,SUCCESS
2175,3304.0,2571.25,INR,2026-02-10 12:41:17,PENDING
2176,2771.0,7889.36,INR,2026-04-07 03:33:46,PENDING
2177,1676.0,8310.09,INR,2026-01-06 07:39:12,FAILED
2178,3077.0,2209.35,INR,2026-03-23 10:15:38,PENDING
2179,2101.0,9686.52,INR,2026-01-07 16:16:14,FAILED
2180,2339.0,6451.91,INR,2026-06-08 14:28:25,FAILED
2181,4060.0,6929.91,INR,2026-05-04 09:44:08,SUCCESS
2182,3755.0,9885.25,INR,2026-05-07 11:20:29,FAILED
2183,1941.0,-8202.47,INR,2026-05-26 11:55:42,PENDING
2184,173.0,8059.69,INR,2026-04-19 13:50:47,SUCCESS
2185,3467.0,7004.64,INR,2026-02-12 19:49:05,SUCCESS
2186,2973.0,8167.46,INR,2026-04-13 08:27:01,SUCCESS
2187,2925.0,8433.71,INR,2026-06-02 17:02:34,SUCCESS
2188,2570.0,3558.49,INR,2026-04-15 21:26:37,PENDING
2189,3429.0,4720.8,INR,2026-02-10 19:25:33,PENDING
2190,1380.0,7971.37,INR,2026-03-21 15:40:28,PENDING
2191,4446.0,1234.85,INR,2026-01-18 13:18:45,FAILED
2192,953.0,5327.01,INR,2026-04-10 01:10:51,PENDING
2193,2321.0,5349.78,INR,2026-01-06 02:28:09,SUCCESS
2194,1301.0,8879.19,INR,2026-01-27 23:11:41,SUCCESS
2195,3246.0,176.63,INR,2026-01-09 13:06:59,PENDING
2196,4553.0,2049.83,INR,2026-05-27 21:55:19,PENDING
2197,620.0,1586.74,INR,2026-05-09 14:01:22,FAILED
2198,875.0,1640.51,INR,2026-05-30 07:44:51,PENDING
2199,2781.0,2812.2,INR,2026-04-22 01:47:50,FAILED
2200,2237.0,2178.21,INR,2026-04-30 14:43:02,SUCCESS
2201,4849.0,1441.74,INR,2026-05-24 06:09:57,FAILED
2202,3068.0,3149.42,INR,2026-03-31 07:46:27,PENDING
2203,2059.0,5838.6,INR,2026-01-22 08:03:49,PENDING
2204,,9731.87,INR,2026-06-04 16:08:04,PENDING
2205,1275.0,1604.62,INR,2026-03-06 20:05:06,SUCCESS
2206,2022.0,8512.28,INR,2026-01-09 07:35:46,SUCCESS
2207,4816.0,2585.38,INR,2026-03-05 06:22:54,SUCCESS
2208,4067.0,9620.45,INR,2026-04-04 01:13:06,SUCCESS
2209,4782.0,5269.58,INR,2026-01-29 03:11:08,PENDING
2210,968.0,3579.24,INR,2026-02-01 03:56:39,PENDING
2211,2394.0,1625.51,INR,2026-02-27 12:16:54,SUCCESS
2212,1896.0,5483.07,INR,2026-02-19 10:40:35,FAILED
2213,351.0,118.29,INR,2026-03-08 14:59:05,FAILED
2214,483.0,9549.25,INR,2026-01-12 08:39:29,PENDING
2215,1556.0,8973.57,INR,2026-06-08 04:51:55,FAILED
2216,3358.0,9921.38,INR,2026-06-19 09:18:47,FAILED
2217,4936.0,5394.49,INR,2026-02-10 00:37:38,SUCCESS
2218,326.0,5471.27,INR,2026-04-25 00:12:25,FAILED
2219,4935.0,9812.02,INR,2026-05-06 20:19:22,FAILED
2220,2828.0,1605.5,INR,2026-01-15 05:51:55,PENDING
2221,1762.0,6094.33,INR,2026-01-13 21:39:15,PENDING
2222,1681.0,3779.16,INR,2026-02-28 07:38:33,PENDING
2223,3436.0,6199.69,INR,2026-05-25 17:30:01,SUCCESS
2224,1443.0,8516.52,INR,2026-01-14 04:31:58,FAILED
2225,851.0,8872.55,INR,2026-03-07 10:32:48,FAILED
2226,1845.0,1341.1,INR,2026-04-01 13:17:07,FAILED
2227,1501.0,9558.2,INR,2026-04-10 14:34:51,FAILED
2228,2627.0,7862.74,INR,2026-03-24 14:07:32,PENDING
2229,2807.0,3498.78,INR,2026-01-25 21:47:42,FAILED
2230,1194.0,7224.77,INR,2026-05-27 12:07:34,PENDING
2231,2825.0,8652.59,INR,2026-02-14 02:46:51,SUCCESS
2232,1309.0,7850.2,INR,2026-03-21 01:38:51,PENDING
2233,2019.0,1244.18,INR,2026-04-12 21:58:56,PENDING
2234,4380.0,1320.26,INR,2026-02-18 10:54:01,FAILED
2235,2547.0,8187.38,INR,2026-06-04 10:52:36,PENDING
2236,4791.0,5615.3,INR,2026-03-15 05:47:10,PENDING
2237,1896.0,2073.16,INR,2026-04-09 18:19:19,SUCCESS
2238,983.0,5121.38,INR,2026-04-30 15:43:41,PENDING
2239,3499.0,2284.79,INR,2026-05-01 17:33:52,SUCCESS
2240,1945.0,4734.3,INR,2026-02-11 00:30:07,SUCCESS
2241,3162.0,6442.36,INR,2026-02-16 12:37:04,SUCCESS
2242,188.0,2855.62,INR,2026-03-08 08:52:39,FAILED
2243,1862.0,8043.83,INR,2026-02-21 01:45:46,FAILED
2244,184.0,8053.23,INR,2026-02-05 09:15:12,FAILED
2245,80.0,6009.16,INR,2026-03-19 22:31:26,PENDING
2246,4601.0,170.37,INR,2026-06-03 20:49:55,SUCCESS
2247,1225.0,6895.93,INR,2026-02-20 08:49:40,SUCCESS
2248,4450.0,3333.0,INR,2026-06-12 15:11:05,PENDING
2249,1831.0,283.53,INR,2026-03-16 14:01:58,FAILED
2250,1228.0,-3477.28,INR,2026-02-20 15:29:25,SUCCESS
2251,1484.0,4430.43,INR,2026-04-14 14:15:15,PENDING
2252,3946.0,6842.75,INR,2026-06-02 10:33:33,PENDING
2253,3947.0,6832.1,INR,2026-04-02 23:38:41,PENDING
2254,,8252.45,INR,2026-03-08 07:27:42,PENDING
2255,148.0,5671.92,INR,2026-03-29 18:58:06,FAILED
2256,4499.0,978.82,INR,2026-04-26 22:01:15,SUCCESS
2257,,5550.18,INR,2026-01-31 15:31:22,SUCCESS
2258,4597.0,5002.37,INR,2026-01-01 12:03:03,PENDING
2259,3228.0,9762.26,INR,2026-02-17 13:36:55,PENDING
2260,2771.0,3949.68,INR,2026-03-22 06:21:31,PENDING
2261,129.0,9498.6,INR,2026-04-03 09:22:59,PENDING
2262,4832.0,6737.22,INR,2026-02-10 05:10:16,PENDING
2263,1966.0,3989.69,INR,2026-06-15 22:58:14,SUCCESS
2264,4238.0,6885.65,INR,2026-05-16 11:36:41,FAILED
2265,968.0,477.52,INR,2026-04-20 02:11:44,PENDING
2266,3770.0,2730.69,INR,2026-01-05 22:49:05,FAILED
2267,3171.0,1032.11,INR,2026-01-12 02:29:09,SUCCESS
2268,3838.0,1269.18,INR,2026-05-21 01:14:32,SUCCESS
2269,1512.0,7287.92,INR,2026-04-21 15:26:10,FAILED
2270,4729.0,2191.29,INR,2026-05-29 21:10:29,PENDING
2271,4519.0,4507.23,INR,2026-03-17 00:49:17,SUCCESS
2272,1368.0,4413.92,INR,2026-01-14 23:52:48,PENDING
2273,2320.0,3839.22,INR,2026-02-03 07:35:34,PENDING
2274,4840.0,4821.25,INR,2026-04-16 16:15:17,FAILED
2275,2087.0,2699.2,INR,invalid_date,FAILED
2276,2207.0,9718.97,INR,2026-03-22 07:58:56,FAILED
2277,4636.0,8335.2,INR,2026-01-19 08:25:40,SUCCESS
2278,3198.0,1229.64,INR,2026-04-14 06:12:51,SUCCESS
2279,211.0,6144.7,INR,2026-05-18 02:02:27,FAILED
2280,2272.0,5561.46,INR,2026-02-18 21:17:34,PENDING
2281,2951.0,6987.81,INR,2026-04-05 10:19:10,PENDING
2282,,8386.27,INR,2026-06-19 02:09:18,SUCCESS
2283,290.0,8473.14,INR,2026-01-30 07:25:36,SUCCESS
2284,1819.0,4603.69,INR,2026-05-24 09:33:09,SUCCESS
2285,2795.0,1304.26,INR,2026-03-26 15:02:20,FAILED
2286,2583.0,9259.63,INR,2026-02-25 12:24:55,SUCCESS
2287,4440.0,6361.44,INR,2026-02-23 11:39:48,PENDING
2288,3447.0,5418.62,INR,2026-01-07 21:17:03,FAILED
2289,2772.0,7955.48,INR,2026-05-12 01:29:15,PENDING
2290,344.0,6281.06,INR,2026-01-25 14:59:05,FAILED
2291,3289.0,2865.85,INR,2026-01-02 03:09:04,FAILED
2292,2048.0,915.32,INR,2026-05-26 13:20:00,SUCCESS
2293,3805.0,3304.38,INR,2026-01-22 19:12:16,FAILED
2294,152.0,7008.88,INR,2026-04-01 17:23:59,FAILED
2295,1045.0,-646.99,INR,2026-03-22 11:26:34,PENDING
2296,905.0,3512.48,INR,2026-03-19 17:16:11,PENDING
2297,2925.0,2029.25,INR,2026-02-21 13:33:09,SUCCESS
2298,1129.0,-7243.21,INR,2026-02-01 03:54:13,FAILED
2299,3072.0,7100.82,INR,2026-05-14 01:50:45,FAILED
2300,2704.0,1253.16,INR,2026-03-01 19:32:22,FAILED
2301,1913.0,2293.01,INR,2026-02-10 09:24:19,FAILED
2302,,9344.0,INR,2026-03-29 15:12:33,SUCCESS
2303,2240.0,5024.63,INR,2026-05-06 02:17:38,PENDING
2304,1649.0,7178.61,INR,2026-01-01 23:03:10,FAILED
2305,1873.0,2502.65,INR,2026-03-08 05:06:17,SUCCESS
2306,3982.0,1073.27,INR,2026-03-05 22:45:35,PENDING
2307,3576.0,4598.57,INR,2026-04-09 02:39:07,PENDING
2308,3620.0,1957.59,INR,2026-01-13 08:55:27,SUCCESS
2309,4133.0,4353.41,INR,2026-05-04 23:13:06,FAILED
2310,4239.0,6948.18,INR,2026-02-23 04:32:22,FAILED
2311,81.0,4196.13,INR,2026-05-15 21:00:17,PENDING
2312,2125.0,7580.09,INR,2026-05-21 11:52:04,FAILED
2313,3513.0,6884.74,INR,2026-05-27 23:45:43,SUCCESS
2314,879.0,9268.35,INR,2026-01-11 09:59:50,FAILED
2315,3672.0,6278.59,INR,2026-04-11 11:01:37,SUCCESS
2316,4321.0,3852.8,INR,2026-05-24 00:30:46,SUCCESS
2317,4591.0,367.96,INR,2026-05-29 02:27:31,FAILED
2318,333.0,619.46,INR,2026-03-18 03:35:52,FAILED
2319,359.0,7742.6,INR,2026-04-25 21:30:49,SUCCESS
2320,950.0,5598.48,INR,2026-02-19 16:25:20,PENDING
2321,4244.0,962.45,INR,2026-02-16 07:10:12,FAILED
2322,273.0,7423.62,INR,2026-01-05 20:13:28,FAILED
2323,,6353.38,INR,2026-06-12 07:08:58,PENDING
2324,4354.0,4450.12,INR,2026-02-13 02:22:21,FAILED
2325,4427.0,5040.81,INR,2026-05-17 07:46:41,PENDING
2326,3340.0,7390.72,INR,2026-03-28 22:51:20,FAILED
2327,1001.0,1971.24,INR,2026-03-24 09:50:55,PENDING
2328,1341.0,2135.47,INR,invalid_date,PENDING
2329,3329.0,58.65,INR,2026-03-11 18:53:51,SUCCESS
2330,4581.0,2939.02,INR,2026-03-15 18:53:27,SUCCESS
2331,2348.0,6693.34,INR,2026-03-31 12:45:44,PENDING
2332,1012.0,6919.99,INR,2026-04-28 00:32:53,SUCCESS
2333,4313.0,272.01,INR,2026-02-06 02:39:56,FAILED
2334,4631.0,1995.75,INR,2026-05-28 16:14:16,FAILED
2335,2551.0,8105.52,INR,2026-01-20 16:43:28,PENDING
2336,461.0,253.95,INR,2026-03-22 12:47:38,FAILED
2337,1052.0,8771.71,INR,2026-03-31 08:45:52,PENDING
2338,583.0,5716.68,INR,2026-03-03 00:35:41,FAILED
2339,4063.0,5875.99,INR,2026-04-18 23:20:17,FAILED
2340,761.0,2784.77,INR,2026-05-19 01:36:59,SUCCESS
2341,2207.0,9783.88,INR,2026-05-03 17:42:31,SUCCESS
2342,2164.0,8334.6,INR,2026-05-29 10:34:25,FAILED
2343,713.0,7061.46,INR,2026-02-18 06:48:49,SUCCESS
2344,2291.0,-4115.4,INR,2026-01-26 09:17:03,SUCCESS
2345,1622.0,3996.05,INR,2026-03-10 05:02:33,PENDING
2346,167.0,6391.49,INR,2026-04-22 16:38:44,FAILED
2347,1785.0,6310.0,INR,2026-06-01 00:59:54,PENDING
2348,3716.0,7177.73,INR,2026-01-08 23:44:06,PENDING
2349,1920.0,512.62,INR,invalid_date,PENDING
2350,,7680.07,INR,2026-04-05 11:50:22,FAILED
2351,1277.0,6777.58,INR,2026-03-07 03:47:42,PENDING
2352,477.0,8843.39,INR,2026-02-19 06:11:09,FAILED
2353,,2652.55,INR,2026-01-30 09:42:04,SUCCESS
2354,1799.0,9390.83,INR,2026-05-31 17:57:20,FAILED
2355,3835.0,4378.67,INR,2026-01-15 10:26:07,SUCCESS
2356,4938.0,6616.46,INR,2026-02-26 22:56:26,PENDING
2357,4764.0,6601.55,INR,2026-05-12 19:13:28,SUCCESS
2358,2826.0,1838.57,INR,2026-03-25 23:05:42,SUCCESS
2359,1900.0,5273.82,INR,2026-01-21 02:47:14,PENDING
2360,397.0,8257.74,INR,2026-06-15 09:18:05,PENDING
2361,3834.0,3588.44,INR,2026-04-07 16:50:22,PENDING
2362,1294.0,1458.92,INR,2026-03-28 12:52:46,SUCCESS
2363,4246.0,3569.35,INR,2026-01-18 07:54:55,SUCCESS
2364,1958.0,4198.97,INR,invalid_date,FAILED
2365,3691.0,3542.2,INR,2026-01-11 07:35:35,FAILED
2366,855.0,4919.13,INR,2026-02-17 17:25:00,FAILED
2367,2141.0,8886.13,INR,2026-03-29 04:37:26,SUCCESS
2368,62.0,6141.71,INR,2026-03-05 21:13:06,FAILED
2369,2270.0,6929.48,INR,2026-02-13 06:38:20,PENDING
2370,610.0,6489.72,INR,2026-01-21 03:11:06,SUCCESS
2371,2766.0,3817.58,INR,2026-04-19 17:50:24,PENDING
2372,1209.0,4349.53,INR,2026-01-01 00:25:53,FAILED
2373,,6492.73,INR,2026-02-27 20:22:49,SUCCESS
2374,1779.0,-4279.23,INR,2026-02-28 21:01:45,FAILED
2375,3663.0,3518.65,INR,2026-05-31 02:03:34,PENDING
2376,3970.0,6725.65,INR,2026-01-17 08:43:55,PENDING
2377,4158.0,4902.99,INR,2026-05-15 22:28:20,SUCCESS
2378,1753.0,9316.93,INR,2026-03-11 19:06:01,FAILED
2379,382.0,1486.45,INR,2026-04-16 04:43:54,SUCCESS
2380,3670.0,-8692.95,INR,2026-02-27 16:59:52,SUCCESS
2381,2901.0,6369.92,INR,2026-02-15 00:01:05,PENDING
2382,3843.0,-4489.56,INR,2026-05-09 12:02:58,SUCCESS
2383,3993.0,1886.95,INR,2026-02-23 09:05:57,FAILED
2384,4702.0,4501.37,INR,2026-06-10 12:24:07,SUCCESS
2385,1821.0,9533.08,INR,2026-04-27 15:09:51,FAILED
2386,,711.07,INR,2026-02-05 05:15:04,FAILED
2387,4465.0,4157.41,INR,2026-03-15 18:34:04,PENDING
2388,160.0,4194.64,INR,2026-02-10 10:47:49,PENDING
2389,2458.0,7883.12,INR,2026-06-01 03:39:55,SUCCESS
2390,766.0,5901.9,INR,invalid_date,FAILED
2391,3154.0,8129.26,INR,2026-01-17 14:16:31,FAILED
2392,2620.0,-5854.74,INR,2026-05-22 07:27:47,SUCCESS
2393,3361.0,1786.34,INR,2026-06-10 01:06:53,FAILED
2394,184.0,-7720.2,INR,2026-02-21 03:27:55,PENDING
2395,3774.0,3978.26,INR,2026-03-03 23:28:01,FAILED
2396,3010.0,9672.19,INR,2026-03-13 01:03:00,FAILED
2397,2754.0,845.88,INR,2026-02-02 09:40:42,SUCCESS
2398,1721.0,3231.85,INR,2026-03-06 06:51:23,PENDING
2399,634.0,6832.14,INR,2026-06-17 20:48:20,SUCCESS
2400,701.0,2428.09,INR,2026-05-15 03:40:31,FAILED
2401,4346.0,2420.48,INR,2026-04-21 13:52:55,SUCCESS
2402,3110.0,3391.29,INR,2026-05-29 19:45:01,FAILED
2403,195.0,5788.8,INR,2026-05-12 02:17:44,PENDING
2404,4466.0,1320.99,INR,2026-03-07 22:43:14,SUCCESS
2405,815.0,-6918.2,INR,2026-03-31 19:42:31,FAILED
2406,2956.0,-2420.74,INR,2026-06-16 04:38:24,PENDING
2407,3979.0,4482.05,INR,2026-03-27 21:52:08,FAILED
2408,416.0,1708.47,INR,2026-01-06 23:28:02,FAILED
2409,2158.0,8140.29,INR,2026-02-04 06:04:56,SUCCESS
2410,2246.0,1455.05,INR,2026-01-09 17:08:20,SUCCESS
2411,3465.0,5355.66,INR,2026-05-06 00:13:22,FAILED
2412,3806.0,6804.45,INR,2026-04-13 20:36:57,SUCCESS
2413,3959.0,86.63,INR,2026-04-15 20:09:04,PENDING
2414,2971.0,8876.43,INR,2026-01-03 00:24:51,FAILED
2415,3517.0,9504.06,INR,2026-05-15 17:28:44,SUCCESS
2416,2966.0,1713.53,INR,2026-03-14 05:00:40,SUCCESS
2417,1114.0,4742.77,INR,2026-04-11 16:25:53,SUCCESS
2418,1007.0,-4085.27,INR,2026-02-22 05:52:22,PENDING
2419,4300.0,6051.35,INR,2026-03-19 10:47:55,FAILED
2420,3345.0,7876.51,INR,2026-01-08 04:25:31,PENDING
2421,4285.0,5153.78,INR,2026-05-26 16:35:04,FAILED
2422,3639.0,9435.8,INR,2026-01-21 14:43:57,FAILED
2423,2968.0,3683.19,INR,2026-05-24 21:21:34,SUCCESS
2424,3555.0,7829.22,INR,invalid_date,SUCCESS
2425,4180.0,6792.83,INR,2026-04-02 01:28:22,SUCCESS
2426,149.0,6406.85,INR,2026-06-10 07:06:30,FAILED
2427,941.0,2849.14,INR,2026-06-07 17:26:51,SUCCESS
2428,1093.0,3863.22,INR,2026-01-23 17:38:38,FAILED
2429,4245.0,2301.21,INR,2026-02-09 09:49:15,FAILED
2430,3761.0,6004.19,INR,2026-02-25 06:09:42,PENDING
2431,3320.0,5943.44,INR,2026-02-28 03:33:40,SUCCESS
2432,3863.0,1403.95,INR,2026-04-10 11:01:25,FAILED
2433,3110.0,6049.11,INR,2026-03-08 14:33:55,SUCCESS
2434,1447.0,757.63,INR,2026-04-15 06:48:10,FAILED
2435,2341.0,8050.4,INR,2026-06-12 18:05:20,PENDING
2436,3867.0,3080.19,INR,2026-04-11 06:08:34,FAILED
2437,2025.0,6471.09,INR,2026-06-08 22:51:49,FAILED
2438,4337.0,4730.08,INR,2026-04-04 13:03:40,PENDING
2439,1143.0,2669.14,INR,2026-01-15 11:59:43,PENDING
2440,2836.0,7725.01,INR,2026-05-06 09:45:49,PENDING
2441,4778.0,7490.64,INR,2026-03-11 13:28:38,SUCCESS
2442,3660.0,7260.41,INR,2026-02-02 01:07:47,SUCCESS
2443,,9444.43,INR,2026-03-16 11:54:43,SUCCESS
2444,3700.0,8275.26,INR,2026-05-02 18:24:56,SUCCESS
2445,3031.0,7359.7,INR,2026-01-30 20:27:26,PENDING
2446,1230.0,8451.83,INR,2026-04-04 22:38:48,SUCCESS
2447,4793.0,8629.9,INR,2026-01-28 01:20:25,FAILED
2448,3751.0,9566.57,INR,2026-04-30 11:19:02,FAILED
2449,1447.0,1157.85,INR,2026-05-06 20:23:28,FAILED
2450,142.0,4671.26,INR,2026-02-27 09:12:24,FAILED
2451,2613.0,5979.64,INR,2026-03-13 20:12:20,SUCCESS
2452,494.0,4299.09,INR,2026-06-14 11:55:29,SUCCESS
2453,2745.0,2155.81,INR,2026-03-26 12:41:58,FAILED
2454,1598.0,7943.69,INR,2026-03-26 21:52:38,PENDING
2455,890.0,2249.17,INR,2026-06-10 02:18:16,SUCCESS
2456,3157.0,3719.27,INR,2026-01-30 22:44:48,SUCCESS
2457,1433.0,685.64,INR,2026-01-23 03:21:25,PENDING
2458,4734.0,7161.95,INR,2026-02-28 07:39:55,FAILED
2459,769.0,2987.46,INR,invalid_date,PENDING
2460,3358.0,154.35,INR,2026-04-02 13:14:27,SUCCESS
2461,3508.0,5167.24,INR,2026-05-28 07:55:46,SUCCESS
2462,3661.0,3036.74,INR,2026-05-18 00:14:31,FAILED
2463,3544.0,3986.47,INR,2026-03-26 03:12:33,FAILED
2464,3118.0,7842.06,INR,invalid_date,FAILED
2465,4783.0,2718.5,INR,2026-02-12 01:13:31,SUCCESS
2466,2753.0,9393.21,INR,2026-01-26 03:39:01,PENDING
2467,651.0,3191.22,INR,2026-03-09 15:38:23,SUCCESS
2468,1041.0,8817.33,INR,2026-05-30 17:56:57,PENDING
2469,378.0,8485.63,INR,2026-03-25 23:58:06,PENDING
2470,3037.0,4096.0,INR,2026-01-25 03:44:02,FAILED
2471,4550.0,6935.08,INR,2026-02-03 08:51:41,PENDING
2472,1502.0,9808.03,INR,2026-03-03 07:23:37,FAILED
2473,4722.0,2493.23,INR,2026-05-13 07:34:47,FAILED
2474,2768.0,6728.54,INR,2026-03-06 14:22:33,PENDING
2475,,5002.91,INR,2026-06-07 07:18:03,SUCCESS
2476,99.0,9549.95,INR,2026-01-20 22:13:12,PENDING
2477,2883.0,1070.86,INR,2026-01-15 06:21:57,PENDING
2478,,8895.77,INR,2026-04-12 13:56:10,PENDING
2479,1182.0,7228.91,INR,2026-03-30 12:28:04,PENDING
2480,4358.0,1605.37,INR,2026-05-16 20:26:43,SUCCESS
2481,3961.0,3342.26,INR,2026-03-17 15:28:41,PENDING
2482,1.0,4092.34,INR,2026-04-24 18:09:05,SUCCESS
2483,1236.0,6931.53,INR,2026-06-01 03:33:50,PENDING
2484,192.0,3855.16,INR,2026-04-17 12:17:18,SUCCESS
2485,4581.0,6678.72,INR,2026-04-04 13:38:44,SUCCESS
2486,1828.0,-6244.53,INR,2026-05-13 02:26:57,FAILED
2487,2077.0,8420.16,INR,2026-04-24 07:31:00,FAILED
2488,33.0,8134.56,INR,2026-05-07 13:49:11,PENDING
2489,3143.0,-4299.23,INR,2026-05-23 04:41:49,SUCCESS
2490,2968.0,8145.88,INR,2026-05-06 08:10:51,FAILED
2491,1147.0,9801.69,INR,2026-05-07 06:02:45,PENDING
2492,803.0,1618.86,INR,2026-01-01 15:10:17,SUCCESS
2493,2436.0,6989.35,INR,2026-04-27 13:49:12,FAILED
2494,1256.0,8044.3,INR,2026-01-08 04:43:24,PENDING
2495,3515.0,4622.66,INR,2026-02-18 19:12:22,FAILED
2496,3097.0,9311.78,INR,2026-05-21 12:11:14,FAILED
2497,4885.0,3914.79,INR,2026-04-21 17:04:01,PENDING
2498,2166.0,7633.04,INR,2026-01-11 20:02:57,SUCCESS
2499,3106.0,5052.86,INR,2026-05-31 19:40:17,PENDING
2500,1592.0,8862.83,INR,2026-02-05 03:12:01,PENDING
2501,4992.0,5942.51,INR,2026-01-01 21:58:59,SUCCESS
2502,2125.0,267.73,INR,2026-02-10 08:18:49,FAILED
2503,1301.0,3954.46,INR,invalid_date,FAILED
2504,518.0,1041.36,INR,2026-06-18 13:40:38,FAILED
2505,4889.0,6242.75,INR,2026-04-06 06:05:51,FAILED
2506,3095.0,9581.73,INR,2026-06-06 13:59:10,PENDING
2507,2750.0,9676.84,INR,2026-05-10 03:34:29,SUCCESS
2508,2898.0,7233.44,INR,2026-05-09 21:15:00,FAILED
2509,4543.0,-4591.79,INR,2026-06-12 02:13:21,SUCCESS
2510,4423.0,-3804.22,INR,2026-03-02 06:21:00,FAILED
2511,3499.0,7032.74,INR,2026-06-05 18:18:25,SUCCESS
2512,3486.0,6317.32,INR,2026-01-29 05:27:07,PENDING
2513,2623.0,656.54,INR,2026-01-26 02:25:46,PENDING
2514,,598.16,INR,2026-06-18 17:57:38,FAILED
2515,2994.0,4548.44,INR,2026-02-03 17:45:41,SUCCESS
2516,1695.0,7450.12,INR,2026-02-12 08:42:40,FAILED
2517,70.0,9799.4,INR,2026-03-15 14:36:54,SUCCESS
2518,,7072.8,INR,2026-05-04 14:32:56,FAILED
2519,2221.0,5536.03,INR,2026-04-05 10:33:27,PENDING
2520,2523.0,6859.55,INR,2026-02-23 08:41:07,FAILED
2521,422.0,-6311.18,INR,2026-01-16 00:49:24,FAILED
2522,1485.0,7441.44,INR,2026-03-16 05:26:44,PENDING
2523,789.0,7100.47,INR,2026-06-18 02:58:52,PENDING
2524,2549.0,9962.82,INR,2026-03-09 13:02:58,FAILED
2525,2754.0,8322.0,INR,2026-05-01 22:44:47,PENDING
2526,4743.0,3235.16,INR,2026-01-08 05:10:20,FAILED
2527,4965.0,1771.27,INR,2026-04-19 08:24:41,FAILED
2528,3950.0,6732.29,INR,2026-01-27 11:07:40,PENDING
2529,4621.0,5301.86,INR,2026-02-04 03:31:18,SUCCESS
2530,4934.0,610.04,INR,2026-06-03 06:51:23,PENDING
2531,828.0,661.59,INR,2026-03-03 09:49:58,PENDING
2532,1860.0,9527.0,INR,2026-03-29 08:11:25,FAILED
2533,180.0,-1838.11,INR,2026-06-07 07:30:27,SUCCESS
2534,3550.0,3795.34,INR,2026-04-22 11:48:36,FAILED
2535,3605.0,9867.75,INR,2026-01-09 04:03:57,SUCCESS
2536,3483.0,6110.31,INR,2026-04-13 00:14:19,SUCCESS
2537,2923.0,9840.92,INR,2026-04-11 13:15:51,SUCCESS
2538,311.0,1449.44,INR,2026-05-26 15:26:16,PENDING
2539,1654.0,8389.94,INR,2026-05-31 21:56:05,FAILED
2540,2621.0,8949.9,INR,2026-06-09 01:13:09,SUCCESS
2541,2642.0,9756.13,INR,2026-04-21 17:18:43,SUCCESS
2542,425.0,1207.94,INR,2026-02-24 05:21:02,PENDING
2543,2834.0,6479.42,INR,2026-02-17 08:01:18,SUCCESS
2544,430.0,7850.49,INR,2026-04-22 14:49:57,SUCCESS
2545,857.0,3371.45,INR,2026-02-20 19:17:21,FAILED
2546,3963.0,1207.57,INR,2026-01-06 02:07:48,SUCCESS
2547,2409.0,3292.38,INR,2026-04-13 03:00:43,SUCCESS
2548,3809.0,316.73,INR,2026-06-09 15:25:06,SUCCESS
2549,2119.0,2028.31,INR,2026-03-03 12:58:18,FAILED
2550,2079.0,9123.75,INR,2026-01-30 04:10:11,SUCCESS
2551,3797.0,5749.49,INR,2026-05-05 17:39:58,SUCCESS
2552,1306.0,4370.76,INR,2026-02-01 23:37:06,PENDING
2553,4796.0,8187.16,INR,2026-03-12 04:09:53,PENDING
2554,2796.0,7853.53,INR,2026-03-28 21:09:14,PENDING
2555,181.0,6661.14,INR,2026-01-25 17:10:26,SUCCESS
2556,878.0,1542.17,INR,2026-06-04 04:13:30,SUCCESS
2557,3846.0,7073.26,INR,2026-03-18 04:41:03,FAILED
2558,4361.0,4678.18,INR,2026-03-21 19:31:53,SUCCESS
2559,1644.0,-5334.82,INR,2026-05-23 20:56:25,PENDING
2560,1961.0,2006.59,INR,2026-06-16 14:06:01,FAILED
2561,759.0,9425.52,INR,2026-03-12 20:56:27,FAILED
2562,4348.0,-6022.3,INR,2026-05-28 03:15:05,PENDING
2563,1756.0,2130.37,INR,2026-05-11 19:45:06,PENDING
2564,2668.0,4972.86,INR,2026-05-21 05:05:39,SUCCESS
2565,1351.0,-2046.82,INR,2026-03-11 02:50:39,SUCCESS
2566,2101.0,315.73,INR,2026-04-06 04:23:24,SUCCESS
2567,4846.0,1163.3,INR,2026-04-12 11:51:03,FAILED
2568,1553.0,3561.67,INR,2026-06-18 17:39:50,FAILED
2569,1903.0,9002.91,INR,2026-04-29 10:32:31,PENDING
2570,2628.0,3256.96,INR,2026-03-10 09:12:34,PENDING
2571,1055.0,3189.46,INR,2026-05-09 09:09:40,FAILED
2572,3901.0,5655.15,INR,2026-04-07 10:45:27,FAILED
2573,2999.0,6899.53,INR,2026-02-08 10:33:58,SUCCESS
2574,2625.0,4976.08,INR,2026-02-23 07:49:03,PENDING
2575,1266.0,8978.14,INR,2026-06-05 00:43:06,FAILED
2576,1100.0,9622.6,INR,2026-05-02 23:28:58,FAILED
2577,1118.0,3744.43,INR,2026-05-31 21:40:22,FAILED
2578,2648.0,5927.01,INR,2026-03-11 18:44:39,FAILED
2579,2164.0,3078.28,INR,2026-03-15 04:30:23,FAILED
2580,1667.0,-5889.02,INR,2026-01-17 13:25:08,PENDING
2581,4570.0,3572.67,INR,2026-01-02 10:14:51,PENDING
2582,974.0,450.74,INR,2026-03-17 01:36:51,SUCCESS
2583,1058.0,6152.02,INR,2026-03-03 03:31:22,FAILED
2584,891.0,-7575.43,INR,2026-06-05 06:17:51,PENDING
2585,3367.0,9634.82,INR,2026-04-28 14:36:08,FAILED
2586,20.0,9643.28,INR,2026-01-17 01:08:05,PENDING
2587,961.0,4832.72,INR,2026-06-05 07:44:03,PENDING
2588,4541.0,4173.55,INR,2026-01-04 12:30:57,SUCCESS
2589,1985.0,-9735.36,INR,2026-06-02 00:10:57,SUCCESS
2590,3691.0,6622.3,INR,2026-04-04 02:27:12,PENDING
2591,4536.0,1247.17,INR,2026-04-04 09:37:02,FAILED
2592,5.0,1365.38,INR,2026-03-28 18:54:00,FAILED
2593,4154.0,-9500.67,INR,2026-01-17 00:41:26,PENDING
2594,182.0,6720.23,INR,2026-04-25 13:52:09,FAILED
2595,4756.0,7054.45,INR,2026-04-24 15:05:13,FAILED
2596,2244.0,-9014.14,INR,2026-01-18 09:48:57,FAILED
2597,1592.0,3719.44,INR,2026-05-27 08:24:04,SUCCESS
2598,2658.0,9570.73,INR,2026-04-02 15:09:25,FAILED
2599,666.0,5023.69,INR,2026-05-27 06:02:11,PENDING
2600,2548.0,6211.68,INR,2026-02-16 14:08:33,PENDING
2601,3123.0,3140.4,INR,2026-04-03 17:39:09,SUCCESS
2602,2746.0,7922.32,INR,invalid_date,PENDING
2603,3003.0,1822.52,INR,2026-06-18 04:13:41,PENDING
2604,2685.0,6229.05,INR,2026-03-15 18:01:56,PENDING
2605,4178.0,6843.27,INR,2026-03-06 04:55:12,SUCCESS
2606,334.0,1690.78,INR,2026-05-04 23:01:32,SUCCESS
2607,1192.0,6979.61,INR,2026-01-16 00:09:27,PENDING
2608,4735.0,3691.12,INR,2026-05-25 08:29:43,SUCCESS
2609,1869.0,7123.29,INR,2026-03-19 10:48:08,PENDING
2610,3164.0,3944.03,INR,2026-03-27 21:15:07,FAILED
2611,4573.0,1960.12,INR,2026-06-09 22:18:46,PENDING
2612,650.0,5748.33,INR,2026-06-17 18:07:35,PENDING
2613,4303.0,5952.37,INR,2026-05-12 15:10:19,FAILED
2614,2879.0,8602.89,INR,2026-03-28 20:45:18,PENDING
2615,2298.0,3775.58,INR,2026-05-09 18:45:03,SUCCESS
2616,2316.0,4478.52,INR,2026-02-28 00:16:33,PENDING
2617,2062.0,1600.45,INR,2026-06-16 19:13:46,FAILED
2618,544.0,1580.14,INR,2026-03-16 19:55:26,SUCCESS
2619,331.0,8172.23,INR,2026-02-25 07:22:09,FAILED
2620,2253.0,7274.32,INR,2026-04-10 08:14:50,SUCCESS
2621,3008.0,7086.65,INR,2026-02-27 17:21:05,SUCCESS
2622,560.0,5519.36,INR,2026-02-21 03:23:39,FAILED
2623,4885.0,6601.08,INR,2026-04-04 13:59:40,FAILED
2624,2064.0,3228.19,INR,2026-05-21 19:20:52,PENDING
2625,1826.0,8061.63,INR,2026-02-17 04:35:04,PENDING
2626,1330.0,-1037.62,INR,2026-02-19 03:15:32,FAILED
2627,4987.0,3754.12,INR,2026-02-14 03:33:20,SUCCESS
2628,3065.0,4219.94,INR,2026-06-02 03:31:19,SUCCESS
2629,648.0,6157.3,INR,2026-04-22 03:19:22,FAILED
2630,1087.0,680.25,INR,2026-03-21 17:45:52,PENDING
2631,3844.0,2319.16,INR,2026-03-30 17:45:22,FAILED
2632,121.0,9670.45,INR,2026-03-03 03:53:27,SUCCESS
2633,1393.0,9965.4,INR,2026-06-11 03:45:07,FAILED
2634,,6212.97,INR,2026-04-23 16:46:41,FAILED
2635,1411.0,8487.58,INR,2026-03-16 04:49:44,FAILED
2636,877.0,5551.53,INR,2026-05-26 16:07:49,PENDING
2637,4256.0,2800.55,INR,2026-01-23 22:24:36,PENDING
2638,1189.0,2213.63,INR,2026-02-19 04:30:20,PENDING
2639,223.0,4988.59,INR,2026-03-14 11:01:51,FAILED
2640,696.0,8763.01,INR,invalid_date,PENDING
2641,4308.0,9251.92,INR,2026-02-02 13:41:18,SUCCESS
2642,3268.0,5031.88,INR,2026-01-23 00:46:26,FAILED
2643,1476.0,4093.72,INR,2026-02-04 04:52:22,PENDING
2644,60.0,881.24,INR,2026-03-31 22:11:39,SUCCESS
2645,378.0,2318.1,INR,invalid_date,SUCCESS
2646,3177.0,6550.61,INR,2026-01-23 09:23:03,FAILED
2647,2984.0,7742.65,INR,2026-05-07 03:52:27,PENDING
2648,24.0,5886.75,INR,2026-06-09 08:28:30,FAILED
2649,1657.0,3329.81,INR,2026-02-20 01:14:16,FAILED
2650,3726.0,8567.28,INR,2026-05-20 13:14:30,FAILED
2651,3168.0,9103.83,INR,2026-06-08 00:43:01,FAILED
2652,1679.0,831.67,INR,2026-06-08 01:58:44,SUCCESS
2653,254.0,5051.92,INR,2026-05-30 07:20:52,SUCCESS
2654,4566.0,3392.95,INR,2026-04-01 20:37:38,FAILED
2655,1227.0,848.16,INR,2026-05-14 06:19:40,PENDING
2656,3993.0,9935.23,INR,2026-04-30 15:16:39,SUCCESS
2657,2435.0,299.11,INR,2026-03-16 09:02:24,PENDING
2658,237.0,7403.22,INR,2026-03-11 22:05:34,PENDING
2659,980.0,-6409.85,INR,2026-05-03 10:04:29,PENDING
2660,3029.0,5111.08,INR,2026-03-22 01:05:23,SUCCESS
2661,3727.0,3688.05,INR,2026-03-08 14:13:12,SUCCESS
2662,,1458.91,INR,2026-02-22 23:35:51,FAILED
2663,4619.0,510.58,INR,2026-05-01 15:17:11,SUCCESS
2664,2846.0,4606.11,INR,2026-05-02 14:41:03,PENDING
2665,4787.0,3999.19,INR,2026-04-26 07:42:12,PENDING
2666,1111.0,3986.56,INR,2026-05-08 19:27:32,SUCCESS
2667,2717.0,21.68,INR,2026-01-17 19:49:12,SUCCESS
2668,776.0,138.51,INR,2026-04-10 10:02:27,SUCCESS
2669,1143.0,1204.6,INR,2026-02-06 17:19:10,FAILED
2670,4013.0,4639.97,INR,2026-02-25 03:03:38,FAILED
2671,713.0,9489.72,INR,2026-03-03 23:14:28,SUCCESS
2672,486.0,2697.01,INR,2026-01-10 01:00:05,PENDING
2673,2276.0,5982.49,INR,2026-05-16 04:06:52,FAILED
2674,1006.0,9889.86,INR,2026-02-14 15:13:30,FAILED
2675,2558.0,9881.14,INR,2026-01-13 22:41:08,SUCCESS
2676,4221.0,6961.95,INR,2026-03-13 05:27:00,FAILED
2677,6.0,6529.01,INR,2026-01-21 11:30:40,SUCCESS
2678,777.0,-5555.45,INR,2026-05-03 09:18:01,FAILED
2679,3919.0,8570.36,INR,2026-04-29 18:07:16,PENDING
2680,2914.0,5536.35,INR,2026-03-11 21:56:59,PENDING
2681,974.0,564.17,INR,2026-01-01 17:06:21,SUCCESS
2682,4015.0,3560.08,INR,2026-01-10 12:32:57,PENDING
2683,,7285.67,INR,2026-03-28 18:48:49,SUCCESS
2684,3668.0,5697.47,INR,2026-02-16 12:51:29,FAILED
2685,4206.0,9925.44,INR,2026-01-27 18:30:31,PENDING
2686,375.0,9479.02,INR,2026-04-27 11:08:45,SUCCESS
2687,2739.0,4726.15,INR,2026-04-20 12:44:24,PENDING
2688,4859.0,7205.92,INR,2026-06-15 21:36:25,PENDING
2689,852.0,3022.07,INR,2026-05-04 12:05:01,SUCCESS
2690,1548.0,2534.38,INR,2026-05-10 18:11:24,SUCCESS
2691,1127.0,1455.96,INR,2026-06-05 11:32:33,SUCCESS
2692,2822.0,530.4,INR,2026-05-09 02:28:54,FAILED
2693,1081.0,4578.57,INR,2026-01-01 20:33:16,PENDING
2694,,9317.18,INR,2026-03-15 12:53:58,FAILED
2695,2185.0,1483.8,INR,2026-06-11 10:44:07,FAILED
2696,3904.0,1503.1,INR,2026-05-09 07:12:17,SUCCESS
2697,4160.0,5579.1,INR,2026-05-05 13:06:22,SUCCESS
2698,218.0,8747.71,INR,2026-03-03 11:08:09,FAILED
2699,4690.0,5220.83,INR,2026-02-13 19:02:50,FAILED
2700,4150.0,9035.55,INR,2026-03-07 10:31:50,FAILED
2701,561.0,2561.79,INR,2026-01-28 06:28:51,SUCCESS
2702,3123.0,9304.56,INR,2026-02-22 06:39:26,PENDING
2703,4495.0,1620.19,INR,2026-01-03 09:02:50,PENDING
2704,1012.0,283.01,INR,2026-04-14 09:27:52,SUCCESS
2705,3085.0,55.47,INR,2026-06-16 11:05:17,SUCCESS
2706,4026.0,-7484.61,INR,2026-05-25 01:07:47,FAILED
2707,3986.0,9548.0,INR,2026-04-04 20:46:56,PENDING
2708,1327.0,1832.64,INR,2026-03-11 14:51:35,PENDING
2709,4347.0,3019.99,INR,2026-04-13 15:34:01,SUCCESS
2710,4570.0,4181.5,INR,2026-04-01 06:30:00,SUCCESS
2711,2589.0,6247.64,INR,2026-03-23 11:55:14,FAILED
2712,717.0,7733.5,INR,2026-04-16 14:44:11,SUCCESS
2713,2582.0,5358.84,INR,2026-03-22 15:00:51,FAILED
2714,4034.0,9809.08,INR,2026-05-17 05:02:45,PENDING
2715,3270.0,3168.52,INR,2026-03-19 00:56:16,SUCCESS
2716,3684.0,5782.69,INR,2026-02-19 02:49:20,FAILED
2717,2776.0,131.79,INR,2026-06-07 04:30:23,FAILED
2718,3929.0,6666.2,INR,2026-02-09 22:48:01,FAILED
2719,4867.0,6161.12,INR,2026-02-24 23:28:19,FAILED
2720,1290.0,3853.59,INR,2026-02-01 03:24:13,FAILED
2721,1814.0,7276.43,INR,2026-01-04 22:27:37,PENDING
2722,4541.0,734.35,INR,2026-06-15 11:18:55,SUCCESS
2723,2161.0,9049.98,INR,2026-05-09 11:50:06,PENDING
2724,2039.0,3079.61,INR,2026-02-16 08:13:28,FAILED
2725,1229.0,9901.71,INR,2026-05-26 21:21:52,PENDING
2726,2861.0,7614.75,INR,2026-01-22 22:10:28,FAILED
2727,3332.0,9262.62,INR,2026-04-12 18:46:59,PENDING
2728,159.0,3313.84,INR,2026-05-03 21:05:24,FAILED
2729,1822.0,2897.17,INR,2026-05-23 17:03:11,PENDING
2730,3995.0,886.92,INR,2026-01-09 04:56:41,SUCCESS
2731,3905.0,6303.08,INR,2026-02-16 07:29:45,FAILED
2732,2393.0,711.07,INR,2026-02-11 09:53:01,SUCCESS
2733,4459.0,3136.07,INR,2026-01-16 23:13:14,SUCCESS
2734,4007.0,6960.19,INR,2026-04-04 07:53:06,PENDING
2735,3959.0,9645.53,INR,2026-06-10 16:51:10,FAILED
2736,903.0,2226.97,INR,2026-05-29 09:51:09,PENDING
2737,3746.0,2522.35,INR,2026-03-31 20:01:57,SUCCESS
2738,186.0,8529.67,INR,2026-06-05 01:45:21,PENDING
2739,,4275.22,INR,2026-04-14 01:50:06,PENDING
2740,1361.0,7399.39,INR,2026-04-05 19:45:05,PENDING
2741,3505.0,3982.69,INR,2026-03-03 14:07:14,PENDING
2742,4099.0,6536.01,INR,2026-05-09 19:54:01,SUCCESS
2743,1685.0,222.21,INR,2026-03-31 06:28:49,PENDING
2744,1178.0,4112.58,INR,2026-04-09 06:39:51,FAILED
2745,2751.0,4995.66,INR,2026-03-21 12:30:58,FAILED
2746,795.0,3316.38,INR,2026-02-18 00:53:30,FAILED
2747,3129.0,5310.75,INR,2026-04-10 20:34:28,FAILED
2748,,4113.07,INR,2026-05-18 23:18:13,FAILED
2749,4278.0,7094.72,INR,2026-05-15 19:20:25,PENDING
2750,1045.0,9176.15,INR,2026-06-06 01:19:40,SUCCESS
2751,541.0,-8312.26,INR,2026-05-28 20:03:35,FAILED
2752,2575.0,6149.52,INR,2026-06-04 14:55:18,PENDING
2753,,871.32,INR,2026-05-05 23:10:30,FAILED
2754,1784.0,5668.88,INR,2026-01-31 17:26:52,FAILED
2755,701.0,-4085.85,INR,2026-06-08 05:27:32,FAILED
2756,214.0,1733.53,INR,2026-05-09 02:22:21,FAILED
2757,3532.0,5429.33,INR,2026-01-06 09:51:35,FAILED
2758,,9111.06,INR,2026-06-14 02:38:09,SUCCESS
2759,4422.0,2310.58,INR,invalid_date,SUCCESS
2760,3631.0,8368.74,INR,2026-02-10 09:24:27,PENDING
2761,3136.0,8235.86,INR,2026-04-10 05:25:10,SUCCESS
2762,4852.0,7465.79,INR,2026-01-16 09:25:54,PENDING
2763,4812.0,8113.53,INR,2026-04-08 02:43:21,PENDING
2764,4862.0,8384.94,INR,2026-02-14 21:56:11,FAILED
2765,3792.0,335.6,INR,2026-03-27 14:50:59,PENDING
2766,2775.0,1548.86,INR,2026-06-07 20:11:17,FAILED
2767,602.0,7551.96,INR,2026-05-29 08:16:53,PENDING
2768,3058.0,6582.37,INR,2026-01-13 00:19:46,SUCCESS
2769,2600.0,-2136.3,INR,2026-03-22 02:34:05,PENDING
2770,2224.0,1663.93,INR,2026-03-19 18:13:22,PENDING
2771,4509.0,6493.02,INR,2026-05-15 16:09:51,FAILED
2772,1825.0,2286.94,INR,2026-03-12 00:04:58,FAILED
2773,2954.0,1657.33,INR,2026-05-30 03:27:06,SUCCESS
2774,1887.0,8951.79,INR,2026-05-19 14:12:00,PENDING
2775,1407.0,9038.99,INR,2026-04-16 18:40:00,PENDING
2776,1141.0,1018.08,INR,2026-01-29 17:37:09,PENDING
2777,4023.0,2919.97,INR,2026-03-04 15:14:49,PENDING
2778,1149.0,4282.62,INR,2026-01-26 11:15:04,PENDING
2779,2973.0,586.64,INR,2026-05-16 04:22:37,FAILED
2780,4833.0,410.97,INR,2026-04-16 20:56:49,PENDING
2781,177.0,4088.63,INR,2026-05-28 04:55:29,SUCCESS
2782,3765.0,4186.45,INR,2026-04-25 02:21:48,PENDING
2783,824.0,5825.92,INR,2026-01-02 02:59:42,SUCCESS
2784,503.0,1266.59,INR,2026-06-13 07:48:33,FAILED
2785,24.0,8144.43,INR,2026-05-01 03:45:22,PENDING
2786,2605.0,3457.23,INR,2026-04-19 13:55:42,FAILED
2787,1696.0,9161.28,INR,2026-03-22 05:57:21,FAILED
2788,2720.0,4777.9,INR,2026-01-19 18:05:07,PENDING
2789,637.0,2609.6,INR,2026-05-14 07:33:12,PENDING
2790,79.0,196.07,INR,2026-03-31 23:39:40,FAILED
2791,2689.0,2117.69,INR,2026-03-22 17:34:38,PENDING
2792,1408.0,6047.57,INR,2026-05-29 10:21:24,FAILED
2793,3543.0,7906.6,INR,2026-04-06 00:38:28,FAILED
2794,4269.0,5562.4,INR,2026-05-25 07:05:32,FAILED
2795,1565.0,1556.33,INR,2026-05-24 15:22:18,FAILED
2796,,8752.66,INR,2026-03-28 03:12:46,SUCCESS
2797,4760.0,7595.67,INR,2026-06-17 06:03:44,SUCCESS
2798,1769.0,2377.25,INR,2026-02-25 08:14:10,PENDING
2799,3003.0,567.34,INR,2026-02-24 17:52:53,SUCCESS
2800,964.0,9125.08,INR,2026-05-05 09:56:50,PENDING
2801,4638.0,4595.16,INR,invalid_date,FAILED
2802,3342.0,-181.04,INR,2026-06-04 11:40:22,FAILED
2803,4188.0,9009.57,INR,2026-05-22 18:27:54,PENDING
2804,4268.0,8493.35,INR,2026-04-27 21:28:13,FAILED
2805,4881.0,-4933.77,INR,2026-04-26 01:31:49,SUCCESS
2806,3799.0,7808.82,INR,2026-01-28 14:29:34,SUCCESS
2807,4030.0,3048.97,INR,2026-03-30 06:28:31,PENDING
2808,4655.0,4072.1,INR,2026-05-27 13:09:35,SUCCESS
2809,2985.0,6047.2,INR,2026-05-01 01:29:15,FAILED
2810,2198.0,3021.07,INR,2026-06-09 00:12:31,SUCCESS
2811,707.0,770.24,INR,2026-04-05 05:35:42,FAILED
2812,636.0,592.11,INR,2026-02-28 12:47:07,FAILED
2813,2916.0,9905.04,INR,2026-06-02 17:44:46,SUCCESS
2814,4024.0,6965.94,INR,2026-04-26 03:25:27,PENDING
2815,1713.0,8411.83,INR,2026-03-18 12:04:10,PENDING
2816,239.0,7567.07,INR,2026-01-23 03:24:25,FAILED
2817,1815.0,9411.61,INR,2026-04-22 10:30:30,SUCCESS
2818,4317.0,2800.37,INR,2026-03-02 02:25:13,PENDING
2819,362.0,7994.63,INR,2026-02-01 09:46:50,SUCCESS
2820,1155.0,6971.14,INR,2026-06-03 07:31:37,PENDING
2821,3247.0,3480.34,INR,invalid_date,SUCCESS
2822,1547.0,7447.66,INR,2026-01-06 19:20:51,FAILED
2823,2088.0,926.99,INR,2026-06-04 07:35:54,FAILED
2824,2678.0,-6598.47,INR,2026-02-01 19:33:23,FAILED
2825,4613.0,7234.34,INR,2026-01-13 01:09:13,FAILED
2826,1478.0,7036.77,INR,2026-01-01 08:48:52,PENDING
2827,946.0,1296.48,INR,2026-02-12 09:40:08,SUCCESS
2828,2186.0,711.87,INR,2026-02-24 12:55:29,SUCCESS
2829,3610.0,1525.97,INR,2026-01-19 13:57:33,SUCCESS
2830,2808.0,4516.3,INR,invalid_date,PENDING
2831,2473.0,363.53,INR,2026-06-15 11:50:47,SUCCESS
2832,4543.0,2060.45,INR,2026-04-14 04:44:14,FAILED
2833,2330.0,3498.3,INR,2026-04-23 13:42:56,PENDING
2834,1620.0,9371.18,INR,2026-01-02 22:26:21,FAILED
2835,943.0,5538.76,INR,2026-04-30 11:08:22,FAILED
2836,4328.0,1611.57,INR,2026-04-29 06:17:42,PENDING
2837,2977.0,5302.21,INR,2026-04-13 15:11:29,PENDING
2838,3653.0,1673.88,INR,2026-05-02 18:41:22,PENDING
2839,1736.0,345.46,INR,2026-03-19 18:34:26,FAILED
2840,1848.0,8359.78,INR,2026-01-12 21:42:43,FAILED
2841,503.0,60.03,INR,2026-03-27 05:03:28,PENDING
2842,3978.0,-6471.06,INR,2026-03-18 21:19:17,SUCCESS
2843,2193.0,4973.3,INR,2026-02-06 02:27:35,FAILED
2844,3982.0,1887.11,INR,2026-05-03 10:14:58,FAILED
2845,4832.0,8728.12,INR,2026-04-06 07:19:44,FAILED
2846,1226.0,9411.24,INR,2026-02-14 12:29:31,SUCCESS
2847,,5535.42,INR,2026-03-20 15:41:11,FAILED
2848,3461.0,6587.95,INR,2026-02-10 15:01:51,FAILED
2849,1961.0,6888.83,INR,2026-02-25 07:04:14,FAILED
2850,1190.0,7852.84,INR,2026-02-01 01:35:00,SUCCESS
2851,2837.0,6461.3,INR,2026-04-28 02:12:17,PENDING
2852,3407.0,8622.18,INR,2026-04-30 16:59:17,PENDING
2853,8.0,5787.2,INR,2026-04-07 02:48:00,FAILED
2854,1627.0,1934.47,INR,2026-02-26 18:18:16,PENDING
2855,3844.0,1915.84,INR,2026-01-12 01:46:50,FAILED
2856,2268.0,6500.24,INR,2026-06-13 22:26:57,PENDING
2857,2688.0,4352.6,INR,2026-06-05 19:16:26,PENDING
2858,4448.0,-5606.32,INR,2026-02-16 18:55:32,FAILED
2859,2964.0,9578.75,INR,2026-01-07 14:45:05,FAILED
2860,2090.0,1191.02,INR,2026-02-09 07:36:00,SUCCESS
2861,841.0,3474.02,INR,2026-05-12 06:40:56,FAILED
2862,1842.0,8201.71,INR,2026-02-17 17:10:22,SUCCESS
2863,4160.0,3143.77,INR,2026-01-31 12:56:18,PENDING
2864,1849.0,7026.55,INR,2026-03-08 09:09:22,SUCCESS
2865,2025.0,734.13,INR,2026-05-13 09:40:09,PENDING
2866,2431.0,5770.65,INR,2026-02-13 07:10:07,PENDING
2867,3950.0,1923.19,INR,2026-03-12 18:54:25,SUCCESS
2868,2767.0,-1036.87,INR,2026-01-17 09:38:54,SUCCESS
2869,1745.0,9087.25,INR,2026-06-08 10:56:27,SUCCESS
2870,2816.0,9660.37,INR,2026-03-02 18:35:23,SUCCESS
2871,4777.0,5583.53,INR,2026-02-14 22:05:55,PENDING
2872,648.0,5794.93,INR,2026-02-27 20:36:03,SUCCESS
2873,1552.0,8256.74,INR,2026-06-05 08:22:23,SUCCESS
2874,4546.0,3496.82,INR,2026-01-19 08:40:26,SUCCESS
2875,592.0,4390.57,INR,2026-03-12 04:10:04,FAILED
2876,1589.0,1024.65,INR,2026-01-20 12:02:23,FAILED
2877,3635.0,6271.82,INR,2026-05-28 02:17:57,SUCCESS
2878,2562.0,6762.94,INR,2026-01-23 05:10:31,FAILED
2879,3214.0,9691.73,INR,2026-01-21 00:49:16,FAILED
2880,549.0,8112.74,INR,2026-04-16 20:47:44,PENDING
2881,294.0,420.84,INR,2026-05-27 10:31:54,SUCCESS
2882,1950.0,6985.8,INR,2026-04-13 09:54:30,SUCCESS
2883,4419.0,-5921.4,INR,2026-01-21 22:24:07,SUCCESS
2884,571.0,7841.64,INR,2026-06-16 05:02:26,SUCCESS
2885,1353.0,2311.11,INR,invalid_date,PENDING
2886,1857.0,7210.51,INR,2026-01-02 22:58:01,FAILED
2887,1581.0,821.62,INR,2026-05-10 05:21:49,SUCCESS
2888,3975.0,4113.99,INR,2026-04-11 16:39:33,PENDING
2889,4841.0,772.42,INR,2026-05-23 09:19:08,PENDING
2890,3477.0,2095.94,INR,2026-01-13 21:01:50,PENDING
2891,,-731.78,INR,2026-03-25 15:33:45,PENDING
2892,,3410.39,INR,2026-01-20 02:56:21,FAILED
2893,2143.0,2758.58,INR,2026-02-04 16:55:51,PENDING
2894,4058.0,5278.51,INR,2026-01-30 09:42:59,FAILED
2895,849.0,6560.69,INR,2026-03-20 09:15:55,FAILED
2896,2733.0,5431.02,INR,2026-02-20 16:01:31,PENDING
2897,4264.0,1431.76,INR,2026-03-15 18:28:06,FAILED
2898,3511.0,5809.4,INR,2026-04-23 14:23:52,FAILED
2899,418.0,-3029.54,INR,2026-01-25 05:21:55,SUCCESS
2900,,7785.32,INR,2026-05-29 12:18:22,SUCCESS
2901,112.0,2701.05,INR,2026-01-08 08:11:02,PENDING
2902,4485.0,6979.82,INR,2026-05-06 16:08:29,PENDING
2903,2762.0,9935.53,INR,2026-05-01 12:11:43,SUCCESS
2904,304.0,2593.08,INR,2026-01-21 14:06:03,PENDING
2905,51.0,2963.46,INR,2026-01-05 06:59:46,SUCCESS
2906,4572.0,129.1,INR,2026-04-19 07:57:02,FAILED
2907,3126.0,5917.77,INR,2026-03-14 04:50:09,SUCCESS
2908,1654.0,4728.98,INR,2026-06-08 06:51:49,SUCCESS
2909,1786.0,2586.56,INR,2026-03-23 20:12:13,SUCCESS
2910,3575.0,8298.26,INR,2026-02-20 21:50:05,FAILED
2911,1524.0,6300.9,INR,2026-01-29 20:13:51,SUCCESS
2912,4282.0,669.35,INR,2026-03-27 17:48:13,PENDING
2913,4230.0,1583.77,INR,2026-04-15 14:50:14,FAILED
2914,3121.0,-488.43,INR,2026-04-08 02:01:16,PENDING
2915,3387.0,7479.54,INR,2026-04-23 02:59:17,FAILED
2916,954.0,4373.38,INR,2026-05-07 12:50:47,FAILED
2917,1591.0,7989.14,INR,2026-04-13 06:12:42,SUCCESS
2918,4031.0,7315.19,INR,invalid_date,PENDING
2919,2316.0,5413.3,INR,2026-06-14 18:30:22,PENDING
2920,1153.0,4648.51,INR,2026-03-15 00:57:03,SUCCESS
2921,4586.0,5789.25,INR,2026-03-19 08:28:55,PENDING
2922,3996.0,7218.83,INR,2026-05-27 04:21:02,PENDING
2923,2199.0,66.55,INR,invalid_date,SUCCESS
2924,,4569.7,INR,2026-02-28 17:04:58,FAILED
2925,,6923.9,INR,2026-02-21 19:12:40,FAILED
2926,2783.0,3807.37,INR,2026-04-02 11:52:43,PENDING
2927,2425.0,539.76,INR,2026-04-15 23:12:18,SUCCESS
2928,2257.0,4334.05,INR,2026-01-28 07:28:17,SUCCESS
2929,3468.0,7699.63,INR,2026-04-17 11:21:59,PENDING
2930,4480.0,-9970.7,INR,2026-03-09 20:23:52,SUCCESS
2931,2767.0,5054.68,INR,2026-03-05 15:00:47,SUCCESS
2932,2738.0,2726.01,INR,2026-05-23 08:59:41,SUCCESS
2933,1924.0,9122.67,INR,2026-04-01 01:18:00,PENDING
2934,4556.0,18.9,INR,2026-01-22 05:17:04,PENDING
2935,1037.0,4029.87,INR,2026-05-07 21:24:32,PENDING
2936,3734.0,7396.9,INR,2026-04-20 05:50:01,PENDING
2937,1455.0,330.58,INR,2026-01-25 16:11:19,PENDING
2938,4914.0,6424.34,INR,2026-01-21 00:37:55,SUCCESS
2939,4579.0,9937.27,INR,2026-04-28 08:09:36,FAILED
2940,3000.0,8743.36,INR,2026-02-18 11:52:03,FAILED
2941,2671.0,2645.8,INR,2026-02-18 11:26:49,SUCCESS
2942,2909.0,3609.27,INR,2026-05-16 09:35:04,SUCCESS
2943,1894.0,3358.33,INR,2026-02-02 05:48:22,FAILED
2944,492.0,5513.35,INR,2026-06-02 00:58:59,FAILED
2945,1446.0,6846.07,INR,2026-01-26 22:23:17,SUCCESS
2946,1237.0,3567.76,INR,2026-02-22 11:26:10,FAILED
2947,3610.0,7350.38,INR,2026-01-04 10:36:49,SUCCESS
2948,3709.0,1668.9,INR,2026-03-13 10:13:21,PENDING
2949,4714.0,8321.96,INR,2026-05-15 14:11:00,PENDING
2950,4859.0,9640.38,INR,2026-06-01 14:46:55,PENDING
2951,1799.0,5485.14,INR,2026-06-06 00:10:20,PENDING
2952,3081.0,7576.22,INR,2026-03-26 17:58:16,SUCCESS
2953,4880.0,6895.11,INR,2026-03-30 07:22:06,PENDING
2954,887.0,-5564.9,INR,2026-03-15 00:38:03,PENDING
2955,3391.0,2130.32,INR,2026-03-02 17:35:29,FAILED
2956,3221.0,1008.22,INR,2026-02-02 01:15:01,SUCCESS
2957,512.0,3198.39,INR,2026-04-27 19:36:12,FAILED
2958,1246.0,7767.15,INR,2026-04-25 16:59:02,PENDING
2959,2141.0,3044.9,INR,2026-04-12 17:03:01,FAILED
2960,1449.0,4350.94,INR,2026-06-03 02:04:34,PENDING
2961,4249.0,-6791.05,INR,2026-04-16 03:41:01,PENDING
2962,1005.0,1094.47,INR,2026-06-11 20:57:12,SUCCESS
2963,2780.0,843.73,INR,2026-01-10 06:50:03,PENDING
2964,4320.0,5190.54,INR,2026-02-13 02:55:04,FAILED
2965,921.0,789.41,INR,2026-04-24 05:28:21,PENDING
2966,3180.0,7961.16,INR,2026-05-04 01:00:23,PENDING
2967,3893.0,428.86,INR,2026-02-26 07:23:04,FAILED
2968,4685.0,4186.21,INR,2026-05-03 17:05:55,PENDING
2969,4343.0,5928.56,INR,2026-05-14 20:07:57,FAILED
2970,4018.0,5070.7,INR,2026-04-08 19:06:39,FAILED
2971,3889.0,7146.08,INR,2026-03-21 05:10:42,FAILED
2972,4212.0,1514.38,INR,2026-02-11 01:54:51,FAILED
2973,4435.0,4080.04,INR,2026-01-23 22:21:14,SUCCESS
2974,1010.0,6863.71,INR,2026-01-09 11:07:47,SUCCESS
2975,1020.0,2178.29,INR,2026-03-02 07:59:57,FAILED
2976,3320.0,9892.1,INR,2026-03-07 02:42:50,FAILED
2977,3985.0,9791.07,INR,2026-03-17 12:41:36,FAILED
2978,1992.0,8872.78,INR,2026-06-16 06:59:31,PENDING
2979,4469.0,588.12,INR,2026-05-16 09:01:50,PENDING
2980,1334.0,8967.74,INR,2026-05-07 07:04:41,FAILED
2981,4416.0,19.65,INR,2026-03-25 00:53:29,FAILED
2982,205.0,9031.55,INR,2026-04-05 13:01:48,FAILED
2983,1183.0,7073.3,INR,2026-04-30 11:00:26,SUCCESS
2984,2430.0,9813.66,INR,2026-06-17 10:12:43,SUCCESS
2985,3822.0,7558.87,INR,2026-03-14 13:51:28,FAILED
2986,2702.0,7120.37,INR,2026-03-30 17:49:43,PENDING
2987,1728.0,3901.97,INR,2026-02-14 01:55:54,SUCCESS
2988,4011.0,2060.64,INR,2026-05-06 19:55:00,SUCCESS
2989,2974.0,-9210.7,INR,invalid_date,PENDING
2990,753.0,2030.28,INR,2026-05-15 21:18:32,PENDING
2991,,6888.86,INR,2026-04-02 19:27:30,PENDING
2992,900.0,9465.71,INR,2026-02-03 07:21:40,SUCCESS
2993,4584.0,4619.32,INR,2026-04-13 17:45:21,PENDING
2994,839.0,3916.64,INR,2026-01-22 14:57:05,SUCCESS
2995,1534.0,6184.82,INR,2026-01-08 09:41:48,PENDING
2996,1960.0,974.68,INR,2026-01-26 05:41:10,PENDING
2997,3860.0,7876.95,INR,2026-01-29 05:33:44,PENDING
2998,4149.0,3296.4,INR,2026-03-29 05:27:35,SUCCESS
2999,1768.0,1278.85,INR,2026-02-01 16:35:50,FAILED
3000,1478.0,5857.18,INR,2026-01-06 13:27:19,PENDING
3001,3918.0,9600.46,INR,2026-04-09 07:00:13,FAILED
3002,1765.0,6953.46,INR,2026-06-04 07:48:15,SUCCESS
3003,1824.0,6129.43,INR,2026-06-06 14:15:59,SUCCESS
3004,1995.0,4165.28,INR,2026-02-27 07:19:30,SUCCESS
3005,1896.0,5461.22,INR,2026-01-01 03:20:35,SUCCESS
3006,1185.0,9921.84,INR,2026-01-05 10:02:49,FAILED
3007,3258.0,8461.16,INR,2026-03-17 17:32:45,PENDING
3008,3544.0,-6271.25,INR,2026-01-08 22:08:45,FAILED
3009,2935.0,1403.76,INR,2026-02-01 16:58:50,FAILED
3010,520.0,2513.65,INR,2026-06-16 23:57:46,PENDING
3011,3467.0,9354.99,INR,2026-04-07 22:50:38,PENDING
3012,3927.0,8944.5,INR,2026-05-23 03:07:04,PENDING
3013,4952.0,887.03,INR,2026-03-15 16:31:34,FAILED
3014,974.0,6106.07,INR,2026-01-30 01:40:33,PENDING
3015,716.0,6772.48,INR,2026-01-04 03:42:14,SUCCESS
3016,4993.0,6898.05,INR,2026-02-21 10:50:10,FAILED
3017,3469.0,1324.06,INR,2026-03-16 13:02:24,SUCCESS
3018,146.0,1589.06,INR,2026-03-23 09:56:42,PENDING
3019,241.0,9612.21,INR,2026-04-30 17:07:19,PENDING
3020,3254.0,8002.26,INR,2026-03-09 17:09:04,FAILED
3021,370.0,-6300.55,INR,2026-04-16 06:37:28,FAILED
3022,1064.0,4295.3,INR,2026-06-06 13:25:50,FAILED
3023,3757.0,8157.83,INR,2026-02-04 09:08:43,FAILED
3024,2894.0,3591.27,INR,2026-04-02 19:35:05,FAILED
3025,2765.0,1360.09,INR,2026-06-01 15:21:10,SUCCESS
3026,924.0,5669.08,INR,2026-03-24 22:28:34,FAILED
3027,1469.0,1744.63,INR,2026-04-08 06:06:40,SUCCESS
3028,2720.0,9388.55,INR,2026-03-18 15:08:42,PENDING
3029,3774.0,170.27,INR,2026-03-01 07:05:00,PENDING
3030,2594.0,8219.91,INR,2026-04-20 14:38:28,SUCCESS
3031,20.0,9770.16,INR,2026-02-23 20:31:46,SUCCESS
3032,1720.0,123.31,INR,2026-04-16 14:57:04,PENDING
3033,4584.0,8394.24,INR,2026-03-26 13:27:45,PENDING
3034,4337.0,3303.05,INR,2026-03-28 09:11:07,PENDING
3035,280.0,2819.23,INR,2026-03-03 22:31:45,SUCCESS
3036,3781.0,765.86,INR,2026-05-01 12:40:07,FAILED
3037,1610.0,6514.87,INR,2026-06-06 02:35:07,FAILED
3038,361.0,9846.86,INR,2026-06-09 12:48:25,FAILED
3039,1408.0,589.51,INR,2026-03-11 12:45:22,PENDING
3040,3148.0,9791.56,INR,2026-01-20 00:49:33,FAILED
3041,2101.0,5969.76,INR,2026-06-18 22:09:31,SUCCESS
3042,1124.0,189.74,INR,2026-01-03 03:14:40,PENDING
3043,3610.0,1930.06,INR,2026-02-08 22:13:57,PENDING
3044,2739.0,6351.37,INR,2026-01-14 23:43:07,PENDING
3045,2929.0,8690.38,INR,2026-05-15 16:12:44,PENDING
3046,4098.0,6626.78,INR,2026-02-14 09:29:11,FAILED
3047,1663.0,2373.07,INR,2026-04-28 22:14:39,PENDING
3048,,7132.37,INR,2026-05-07 09:48:18,PENDING
3049,694.0,1219.86,INR,2026-04-03 01:41:34,PENDING
3050,57.0,6466.58,INR,2026-06-04 03:42:31,FAILED
3051,3900.0,1321.34,INR,2026-03-29 16:18:03,FAILED
3052,,5532.32,INR,2026-01-07 04:16:14,SUCCESS
3053,2031.0,4193.88,INR,2026-05-06 21:13:18,FAILED
3054,3360.0,7614.74,INR,2026-03-14 08:02:25,PENDING
3055,2645.0,8305.88,INR,2026-03-31 18:43:47,SUCCESS
3056,4268.0,5281.49,INR,2026-05-22 14:33:39,SUCCESS
3057,3579.0,4878.94,INR,2026-04-14 00:14:09,SUCCESS
3058,2520.0,5594.43,INR,invalid_date,SUCCESS
3059,4013.0,682.99,INR,2026-03-01 13:16:14,PENDING
3060,,-8702.23,INR,2026-01-10 06:08:47,SUCCESS
3061,1174.0,22.83,INR,2026-02-20 20:30:18,FAILED
3062,3103.0,9691.7,INR,2026-02-01 05:09:29,SUCCESS
3063,3682.0,8157.84,INR,2026-05-15 14:08:34,SUCCESS
3064,527.0,5088.13,INR,2026-01-24 18:08:31,PENDING
3065,2942.0,5933.43,INR,2026-02-22 01:36:08,SUCCESS
3066,4577.0,1544.2,INR,2026-04-19 09:46:07,FAILED
3067,1076.0,9415.74,INR,2026-03-04 11:31:11,FAILED
3068,3319.0,8654.63,INR,2026-02-11 17:59:41,SUCCESS
3069,4087.0,3598.13,INR,2026-03-27 03:46:31,SUCCESS
3070,814.0,5676.06,INR,2026-04-26 19:11:49,SUCCESS
3071,3198.0,2536.39,INR,2026-04-25 18:01:44,PENDING
3072,1471.0,-7539.18,INR,2026-03-21 11:14:27,PENDING
3073,4161.0,575.13,INR,2026-05-18 09:32:24,PENDING
3074,288.0,9419.15,INR,2026-05-14 00:06:45,SUCCESS
3075,3570.0,8769.11,INR,2026-04-06 00:42:04,PENDING
3076,998.0,911.78,INR,2026-01-01 21:21:50,PENDING
3077,3443.0,5342.08,INR,2026-01-08 09:52:14,PENDING
3078,132.0,1419.89,INR,2026-04-22 16:00:41,PENDING
3079,425.0,742.43,INR,2026-03-04 11:28:54,PENDING
3080,2630.0,8027.01,INR,2026-06-02 08:19:06,SUCCESS
3081,3966.0,3143.97,INR,2026-05-20 02:57:59,PENDING
3082,2129.0,1320.33,INR,2026-04-01 03:40:04,SUCCESS
3083,833.0,8175.89,INR,2026-02-02 03:14:37,FAILED
3084,3882.0,3792.6,INR,2026-05-18 05:37:52,FAILED
3085,162.0,-4954.07,INR,2026-06-03 23:12:20,FAILED
3086,510.0,4699.08,INR,2026-04-25 04:04:27,PENDING
3087,4673.0,9647.8,INR,invalid_date,SUCCESS
3088,1964.0,2244.1,INR,2026-03-30 06:03:10,FAILED
3089,4753.0,7028.41,INR,2026-05-30 21:51:34,PENDING
3090,1076.0,2371.8,INR,2026-03-24 09:08:33,PENDING
3091,2428.0,1312.83,INR,2026-03-13 09:55:18,FAILED
3092,2367.0,9471.23,INR,2026-05-26 10:21:42,SUCCESS
3093,3853.0,5469.53,INR,2026-06-01 20:07:34,PENDING
3094,1693.0,5456.04,INR,2026-04-02 01:05:01,PENDING
3095,1603.0,-3810.49,INR,2026-04-17 13:31:56,PENDING
3096,475.0,672.11,INR,2026-03-19 02:02:05,PENDING
3097,4215.0,7122.58,INR,2026-05-29 08:32:28,SUCCESS
3098,657.0,7551.77,INR,2026-06-14 05:26:14,PENDING
3099,3593.0,5763.27,INR,2026-02-09 03:26:36,SUCCESS
3100,3905.0,8532.76,INR,2026-02-21 04:26:28,FAILED
3101,4146.0,7960.77,INR,2026-02-06 21:36:38,SUCCESS
3102,3661.0,5309.06,INR,2026-01-07 14:18:37,FAILED
3103,1879.0,4339.43,INR,2026-02-24 12:19:36,SUCCESS
3104,3860.0,9017.18,INR,2026-05-31 21:52:27,SUCCESS
3105,1205.0,81.82,INR,2026-05-04 04:29:09,FAILED
3106,3875.0,2769.22,INR,2026-01-10 00:44:02,FAILED
3107,798.0,3395.77,INR,2026-03-14 08:04:16,FAILED
3108,3823.0,4699.8,INR,2026-03-28 04:18:14,FAILED
3109,3379.0,1695.34,INR,invalid_date,SUCCESS
3110,287.0,5345.94,INR,2026-05-21 15:46:03,FAILED
3111,3078.0,434.28,INR,2026-05-12 09:36:18,SUCCESS
3112,198.0,4629.4,INR,2026-04-25 20:03:41,PENDING
3113,2177.0,4109.39,INR,2026-03-20 00:34:47,FAILED
3114,385.0,3161.7,INR,2026-01-03 06:19:55,FAILED
3115,746.0,7234.11,INR,2026-02-08 08:32:13,PENDING
3116,2575.0,847.35,INR,2026-05-17 12:35:28,FAILED
3117,3566.0,2316.59,INR,2026-04-10 13:03:05,FAILED
3118,1473.0,5283.63,INR,2026-04-08 06:19:08,FAILED
3119,1269.0,4274.17,INR,2026-01-04 23:21:34,SUCCESS
3120,4465.0,9725.03,INR,2026-05-20 07:27:55,FAILED
3121,2157.0,2393.07,INR,2026-06-09 19:27:20,SUCCESS
3122,,1565.76,INR,2026-03-28 00:41:27,SUCCESS
3123,99.0,1466.69,INR,2026-03-18 13:29:01,SUCCESS
3124,4570.0,535.62,INR,2026-04-18 09:43:59,FAILED
3125,4369.0,9700.43,INR,2026-04-24 18:21:41,PENDING
3126,4698.0,1925.99,INR,2026-03-13 15:23:20,SUCCESS
3127,847.0,3133.88,INR,2026-06-06 05:38:47,PENDING
3128,927.0,7964.46,INR,2026-02-12 14:27:51,SUCCESS
3129,3819.0,388.52,INR,2026-04-03 07:36:22,PENDING
3130,1184.0,-1241.73,INR,2026-03-22 14:14:19,FAILED
3131,4941.0,3999.24,INR,2026-01-14 00:57:32,FAILED
3132,2557.0,2646.73,INR,2026-03-14 03:49:58,PENDING
3133,2433.0,8938.5,INR,2026-01-15 09:01:42,SUCCESS
3134,1845.0,9442.97,INR,2026-02-22 10:59:12,SUCCESS
3135,4633.0,8142.67,INR,2026-02-11 16:05:38,FAILED
3136,4357.0,1604.19,INR,2026-04-01 17:48:01,SUCCESS
3137,4978.0,6786.52,INR,2026-02-28 05:57:47,PENDING
3138,4678.0,3539.06,INR,2026-02-24 06:45:10,SUCCESS
3139,4939.0,5079.78,INR,2026-02-18 16:03:14,SUCCESS
3140,1867.0,1079.14,INR,2026-03-28 16:36:17,PENDING
3141,2331.0,3238.03,INR,2026-05-31 22:31:12,FAILED
3142,2266.0,3844.54,INR,2026-05-11 15:20:19,SUCCESS
3143,1738.0,7125.12,INR,2026-06-12 18:28:38,FAILED
3144,2632.0,9201.53,INR,2026-04-09 10:18:28,FAILED
3145,1500.0,-9452.95,INR,2026-02-24 12:35:27,FAILED
3146,408.0,8232.56,INR,2026-05-17 11:26:26,FAILED
3147,806.0,5807.68,INR,2026-04-04 16:42:01,FAILED
3148,2147.0,724.48,INR,2026-04-24 02:11:11,PENDING
3149,2108.0,2036.93,INR,2026-04-19 05:20:55,FAILED
3150,4037.0,7959.24,INR,2026-05-13 08:07:00,SUCCESS
3151,1591.0,1909.72,INR,2026-06-10 01:22:48,PENDING
3152,1147.0,9473.99,INR,2026-04-28 05:39:47,SUCCESS
3153,4116.0,7031.11,INR,2026-05-31 07:17:22,PENDING
3154,3777.0,6034.22,INR,2026-04-05 02:44:20,FAILED
3155,785.0,266.73,INR,2026-03-23 01:22:26,PENDING
3156,3403.0,7382.21,INR,2026-05-27 13:27:26,SUCCESS
3157,4545.0,1280.08,INR,2026-02-24 20:02:54,SUCCESS
3158,3924.0,9583.44,INR,2026-01-14 22:55:51,PENDING
3159,1710.0,23.56,INR,2026-03-11 13:31:53,FAILED
3160,1740.0,338.88,INR,2026-06-04 02:28:13,PENDING
3161,4955.0,453.86,INR,2026-01-13 00:03:02,SUCCESS
3162,4561.0,4052.32,INR,2026-03-04 12:01:23,SUCCESS
3163,965.0,2944.07,INR,2026-06-19 04:31:44,FAILED
3164,3033.0,7311.95,INR,invalid_date,PENDING
3165,477.0,7053.72,INR,2026-04-19 20:45:59,SUCCESS
3166,1618.0,673.92,INR,2026-05-07 02:59:20,SUCCESS
3167,,6781.55,INR,2026-02-07 17:57:45,FAILED
3168,460.0,9690.63,INR,2026-02-15 23:55:52,FAILED
3169,3407.0,9850.95,INR,2026-01-31 02:27:16,PENDING
3170,3747.0,3964.98,INR,2026-05-04 18:31:50,FAILED
3171,4238.0,5598.86,INR,2026-03-23 00:35:54,FAILED
3172,4694.0,7208.5,INR,2026-04-16 13:36:35,SUCCESS
3173,2034.0,4880.6,INR,2026-01-25 11:03:31,PENDING
3174,1881.0,1497.33,INR,2026-05-04 23:14:36,FAILED
3175,807.0,7880.83,INR,2026-01-26 22:38:27,PENDING
3176,371.0,2722.06,INR,2026-05-21 09:22:00,FAILED
3177,2861.0,5132.24,INR,2026-06-14 11:35:14,FAILED
3178,,8856.55,INR,2026-04-01 19:07:34,FAILED
3179,3910.0,8204.15,INR,2026-02-08 13:04:02,SUCCESS
3180,1310.0,7673.42,INR,2026-03-20 22:09:50,FAILED
3181,3535.0,498.7,INR,2026-04-17 03:17:17,SUCCESS
3182,961.0,2835.24,INR,2026-02-07 10:09:01,SUCCESS
3183,3409.0,2838.54,INR,2026-02-28 23:48:35,FAILED
3184,4281.0,1063.35,INR,2026-04-20 10:47:32,FAILED
3185,198.0,2647.9,INR,2026-04-21 13:29:51,SUCCESS
3186,3010.0,5661.08,INR,2026-01-03 13:45:11,PENDING
3187,3308.0,5132.83,INR,2026-03-21 08:01:15,PENDING
3188,4434.0,1938.88,INR,2026-06-16 15:57:10,FAILED
3189,4247.0,-2995.84,INR,2026-03-09 11:12:34,FAILED
3190,3013.0,6842.82,INR,2026-01-30 13:34:07,SUCCESS
3191,2880.0,1938.37,INR,2026-01-07 11:44:18,SUCCESS
3192,1740.0,602.23,INR,2026-03-14 12:22:24,PENDING
3193,3293.0,2884.07,INR,2026-05-27 07:12:25,SUCCESS
3194,3968.0,9367.85,INR,2026-02-02 14:03:08,PENDING
3195,1642.0,221.51,INR,2026-02-23 21:13:01,SUCCESS
3196,596.0,3557.98,INR,2026-03-19 14:43:41,FAILED
3197,1179.0,2824.73,INR,2026-01-28 23:12:47,SUCCESS
3198,461.0,2807.23,INR,2026-03-24 15:50:55,PENDING
3199,2982.0,8986.73,INR,2026-02-14 09:04:04,PENDING
3200,2129.0,4147.07,INR,2026-02-26 23:20:15,SUCCESS
3201,3510.0,3509.15,INR,2026-02-11 10:19:30,SUCCESS
3202,3107.0,7569.26,INR,2026-04-12 08:32:19,PENDING
3203,2712.0,4621.74,INR,2026-01-11 15:26:50,SUCCESS
3204,109.0,7184.66,INR,2026-03-13 05:23:11,SUCCESS
3205,4221.0,6442.26,INR,2026-03-06 17:32:43,SUCCESS
3206,3121.0,3781.24,INR,2026-04-19 13:33:44,SUCCESS
3207,3247.0,4997.33,INR,2026-05-01 18:53:28,PENDING
3208,3754.0,3460.38,INR,2026-04-12 05:13:20,SUCCESS
3209,1383.0,6652.4,INR,2026-05-29 02:35:49,PENDING
3210,667.0,-3119.47,INR,2026-05-26 12:45:42,PENDING
3211,561.0,7387.01,INR,2026-04-18 01:37:01,SUCCESS
3212,166.0,9298.18,INR,2026-05-31 23:15:54,SUCCESS
3213,1498.0,2342.12,INR,2026-02-23 23:53:45,PENDING
3214,4325.0,125.61,INR,2026-04-07 02:40:21,SUCCESS
3215,987.0,7768.74,INR,2026-05-16 07:34:48,SUCCESS
3216,438.0,1048.49,INR,2026-03-06 23:13:16,PENDING
3217,4502.0,5091.65,INR,2026-06-12 16:32:59,PENDING
3218,2352.0,6303.23,INR,2026-03-03 23:58:42,FAILED
3219,4873.0,-9787.92,INR,2026-01-11 19:21:23,PENDING
3220,1476.0,5877.69,INR,2026-04-21 09:05:08,FAILED
3221,3156.0,5326.48,INR,2026-05-29 18:44:43,FAILED
3222,2755.0,5617.8,INR,2026-06-16 06:57:02,FAILED
3223,1476.0,5156.55,INR,2026-02-18 10:41:28,PENDING
3224,1777.0,2091.63,INR,2026-06-08 10:05:46,SUCCESS
3225,,435.32,INR,2026-02-16 04:22:16,PENDING
3226,1684.0,5627.95,INR,2026-03-05 08:40:53,SUCCESS
3227,487.0,3927.1,INR,2026-06-03 22:16:16,SUCCESS
3228,3408.0,8565.4,INR,2026-04-13 21:53:02,PENDING
3229,388.0,4369.93,INR,2026-06-06 12:34:39,FAILED
3230,,3640.0,INR,2026-02-28 20:50:30,SUCCESS
3231,633.0,9828.36,INR,2026-01-30 19:35:09,PENDING
3232,589.0,4201.8,INR,2026-03-08 03:16:26,PENDING
3233,2642.0,8080.95,INR,2026-03-12 05:07:06,FAILED
3234,2654.0,3348.13,INR,2026-04-26 15:42:27,PENDING
3235,4862.0,7918.41,INR,2026-03-03 13:11:37,SUCCESS
3236,2713.0,3639.45,INR,2026-05-12 19:56:37,PENDING
3237,596.0,-807.54,INR,2026-03-06 18:15:03,PENDING
3238,2767.0,3180.37,INR,2026-04-02 23:17:48,PENDING
3239,3607.0,5082.77,INR,2026-02-23 01:32:52,PENDING
3240,2404.0,9515.53,INR,2026-05-29 21:41:38,SUCCESS
3241,1692.0,-9741.31,INR,2026-06-19 10:54:49,SUCCESS
3242,901.0,-3682.05,INR,2026-01-22 10:01:17,PENDING
3243,4591.0,2807.86,INR,2026-01-13 00:46:01,SUCCESS
3244,3862.0,7696.12,INR,2026-05-17 15:20:14,FAILED
3245,1205.0,289.79,INR,2026-02-17 22:44:29,FAILED
3246,2059.0,8080.02,INR,2026-06-05 16:43:06,PENDING
3247,1142.0,1933.4,INR,2026-04-16 04:46:03,SUCCESS
3248,3620.0,2923.78,INR,2026-03-13 22:32:34,SUCCESS
3249,2057.0,337.0,INR,2026-02-08 03:04:22,SUCCESS
3250,548.0,8141.14,INR,2026-05-20 16:44:17,SUCCESS
3251,4858.0,5619.01,INR,2026-02-06 04:40:19,FAILED
3252,1991.0,5936.06,INR,2026-04-11 21:26:39,SUCCESS
3253,660.0,3435.57,INR,2026-01-11 00:27:32,SUCCESS
3254,2290.0,1764.86,INR,2026-04-03 22:09:45,SUCCESS
3255,4534.0,1550.82,INR,2026-06-03 09:16:36,SUCCESS
3256,4431.0,6965.33,INR,2026-01-22 11:20:33,SUCCESS
3257,2505.0,1033.39,INR,2026-01-20 00:22:36,PENDING
3258,4327.0,3931.15,INR,2026-05-28 17:16:05,SUCCESS
3259,3156.0,624.08,INR,2026-06-17 01:31:31,SUCCESS
3260,949.0,6718.2,INR,2026-03-01 05:27:39,SUCCESS
3261,4214.0,2975.59,INR,2026-03-08 06:36:07,SUCCESS
3262,3117.0,9817.4,INR,2026-04-22 21:51:17,SUCCESS
3263,3192.0,7471.51,INR,2026-05-16 14:14:55,SUCCESS
3264,7.0,8494.19,INR,2026-05-01 17:57:46,SUCCESS
3265,3845.0,8935.04,INR,2026-05-04 04:32:13,FAILED
3266,1698.0,2661.74,INR,2026-01-05 13:20:40,FAILED
3267,2779.0,3573.85,INR,2026-03-22 15:36:37,SUCCESS
3268,2485.0,-3437.86,INR,2026-06-07 06:52:39,PENDING
3269,3414.0,3260.31,INR,2026-04-01 18:10:57,FAILED
3270,1719.0,6492.18,INR,2026-02-22 00:52:30,FAILED
3271,3546.0,4343.79,INR,2026-06-10 07:30:58,SUCCESS
3272,3036.0,5952.89,INR,2026-02-16 20:01:25,FAILED
3273,282.0,3821.91,INR,2026-04-06 23:04:10,PENDING
3274,490.0,2834.23,INR,2026-01-14 20:18:20,FAILED
3275,,5525.67,INR,2026-03-06 03:15:45,PENDING
3276,2416.0,8913.0,INR,2026-05-27 06:48:31,PENDING
3277,153.0,1482.21,INR,2026-05-06 17:09:16,FAILED
3278,58.0,3902.44,INR,2026-06-05 04:15:58,PENDING
3279,2522.0,772.42,INR,2026-01-08 05:09:18,FAILED
3280,,1867.28,INR,2026-04-18 21:12:33,SUCCESS
3281,280.0,8989.14,INR,2026-02-01 22:02:29,PENDING
3282,177.0,3582.98,INR,2026-01-30 16:10:41,SUCCESS
3283,2062.0,355.78,INR,2026-04-10 20:43:22,FAILED
3284,962.0,2145.72,INR,2026-06-12 03:35:23,PENDING
3285,3726.0,976.68,INR,2026-01-17 07:17:37,SUCCESS
3286,1624.0,7088.07,INR,2026-05-29 11:42:38,FAILED
3287,2158.0,1707.56,INR,2026-03-24 04:39:55,PENDING
3288,4736.0,7241.55,INR,2026-02-06 17:24:40,PENDING
3289,1315.0,1085.87,INR,2026-04-09 18:16:22,SUCCESS
3290,3236.0,2379.64,INR,2026-03-04 19:59:14,PENDING
3291,4139.0,950.5,INR,2026-05-19 21:07:09,PENDING
3292,3133.0,708.21,INR,invalid_date,FAILED
3293,4838.0,4373.76,INR,2026-01-06 18:20:01,PENDING
3294,815.0,1282.93,INR,2026-01-26 00:54:06,PENDING
3295,4018.0,6920.15,INR,2026-03-18 03:14:02,FAILED
3296,3876.0,4503.23,INR,2026-03-28 20:02:22,PENDING
3297,3170.0,9121.79,INR,2026-02-01 17:38:01,SUCCESS
3298,4225.0,8408.06,INR,2026-03-12 04:44:56,PENDING
3299,2676.0,2903.77,INR,2026-01-05 02:08:23,PENDING
3300,4745.0,-7335.9,INR,2026-06-07 23:04:20,PENDING
3301,4413.0,4135.01,INR,2026-05-22 16:44:06,SUCCESS
3302,26.0,3732.83,INR,2026-03-29 10:06:43,SUCCESS
3303,4422.0,9134.89,INR,2026-02-10 21:48:41,PENDING
3304,4907.0,2327.58,INR,2026-06-10 19:23:26,PENDING
3305,1777.0,7153.36,INR,2026-05-30 23:45:41,PENDING
3306,3937.0,1037.94,INR,2026-01-20 22:56:07,FAILED
3307,2064.0,6949.68,INR,2026-05-16 08:48:06,FAILED
3308,4973.0,148.87,INR,2026-02-06 19:03:06,FAILED
3309,3072.0,158.0,INR,2026-06-06 18:03:26,SUCCESS
3310,4038.0,2106.44,INR,2026-05-08 05:54:32,PENDING
3311,1702.0,9652.37,INR,2026-05-30 03:03:21,PENDING
3312,4243.0,5962.81,INR,2026-03-22 11:12:23,SUCCESS
3313,1925.0,5678.35,INR,2026-02-13 13:02:34,FAILED
3314,1019.0,8155.42,INR,2026-06-14 03:48:45,FAILED
3315,394.0,6336.54,INR,2026-04-28 23:29:31,FAILED
3316,2760.0,4833.65,INR,2026-06-17 09:34:21,FAILED
3317,3635.0,7880.82,INR,2026-01-02 09:17:35,SUCCESS
3318,1727.0,-5730.18,INR,2026-04-14 08:44:09,PENDING
3319,692.0,-3939.79,INR,2026-05-21 17:32:27,PENDING
3320,1158.0,6055.91,INR,2026-03-15 09:26:02,FAILED
3321,3916.0,1807.79,INR,2026-04-15 09:35:55,FAILED
3322,293.0,1389.89,INR,invalid_date,SUCCESS
3323,,-3014.23,INR,2026-05-07 14:44:56,PENDING
3324,857.0,-8416.85,INR,2026-03-14 15:54:24,FAILED
3325,4684.0,3613.65,INR,2026-02-16 12:56:45,SUCCESS
3326,3575.0,9317.7,INR,2026-06-06 09:51:42,FAILED
3327,1733.0,9429.51,INR,2026-01-14 03:34:22,PENDING
3328,3976.0,5853.14,INR,2026-04-20 21:41:15,FAILED
3329,3200.0,4155.64,INR,2026-01-02 11:55:36,SUCCESS
3330,497.0,8749.36,INR,2026-01-08 20:07:16,PENDING
3331,2131.0,4742.07,INR,2026-02-14 00:11:30,PENDING
3332,328.0,3069.8,INR,2026-06-15 13:51:15,PENDING
3333,2814.0,1068.19,INR,2026-04-26 03:19:06,FAILED
3334,1499.0,6731.66,INR,2026-01-14 21:37:15,SUCCESS
3335,650.0,3359.04,INR,2026-04-28 07:38:17,SUCCESS
3336,2707.0,9865.22,INR,2026-01-10 08:34:54,FAILED
3337,3919.0,7817.22,INR,2026-04-21 13:47:49,PENDING
3338,2087.0,7624.34,INR,2026-03-01 09:59:07,FAILED
3339,1954.0,3287.76,INR,2026-02-14 05:02:37,SUCCESS
3340,621.0,5701.25,INR,2026-02-14 03:02:05,PENDING
3341,3171.0,183.65,INR,2026-06-06 20:48:02,SUCCESS
3342,2204.0,417.32,INR,2026-01-06 06:42:56,FAILED
3343,702.0,9031.57,INR,2026-02-12 11:52:59,FAILED
3344,3556.0,1449.99,INR,2026-04-17 00:16:02,SUCCESS
3345,2203.0,166.52,INR,2026-05-17 06:47:14,PENDING
3346,1769.0,6267.56,INR,2026-01-24 15:04:19,FAILED
3347,3011.0,9210.69,INR,2026-04-18 22:22:19,PENDING
3348,50.0,9745.76,INR,2026-02-09 23:40:24,FAILED
3349,3796.0,9982.48,INR,2026-01-31 15:13:10,PENDING
3350,165.0,6496.64,INR,2026-02-13 16:21:52,PENDING
3351,3237.0,3328.99,INR,2026-05-18 03:42:41,PENDING
3352,4402.0,5187.46,INR,2026-03-02 01:27:07,FAILED
3353,4396.0,9679.94,INR,2026-01-17 17:28:28,FAILED
3354,4358.0,3960.81,INR,2026-01-03 03:29:58,FAILED
3355,4262.0,2687.24,INR,2026-03-23 15:24:49,SUCCESS
3356,4023.0,4020.75,INR,2026-06-01 17:05:40,PENDING
3357,1039.0,8149.29,INR,2026-05-14 15:35:42,SUCCESS
3358,2126.0,4554.82,INR,invalid_date,PENDING
3359,1345.0,7144.67,INR,2026-04-01 22:12:08,PENDING
3360,186.0,2342.14,INR,2026-06-15 20:04:14,PENDING
3361,2156.0,2806.71,INR,2026-01-26 08:45:31,SUCCESS
3362,3798.0,1093.38,INR,2026-04-19 21:56:28,SUCCESS
3363,4331.0,9957.45,INR,2026-03-18 18:22:35,PENDING
3364,1818.0,5310.66,INR,2026-05-23 10:57:41,FAILED
3365,2644.0,3380.79,INR,2026-02-28 13:06:06,FAILED
3366,2990.0,1394.98,INR,2026-05-17 10:03:59,FAILED
3367,2328.0,7785.09,INR,2026-02-21 15:51:40,SUCCESS
3368,3278.0,6812.69,INR,2026-01-22 02:35:30,PENDING
3369,4594.0,1878.6,INR,2026-04-07 17:54:28,PENDING
3370,265.0,4245.24,INR,2026-06-07 16:16:39,PENDING
3371,,1594.07,INR,2026-05-11 09:30:28,SUCCESS
3372,712.0,5230.84,INR,2026-04-24 00:27:13,SUCCESS
3373,2888.0,5415.6,INR,2026-04-13 21:22:15,FAILED
3374,,9854.88,INR,2026-03-18 15:14:31,FAILED
3375,4451.0,8255.92,INR,2026-02-14 21:26:06,SUCCESS
3376,1008.0,1616.78,INR,2026-04-16 23:55:42,PENDING
3377,3931.0,2751.68,INR,2026-02-08 01:07:55,PENDING
3378,1893.0,7223.19,INR,2026-01-16 04:34:59,SUCCESS
3379,2903.0,1509.86,INR,2026-05-14 08:16:01,SUCCESS
3380,2728.0,1887.04,INR,2026-06-01 12:36:53,PENDING
3381,,6858.17,INR,2026-05-22 01:07:26,FAILED
3382,2208.0,6399.92,INR,2026-05-08 22:53:16,SUCCESS
3383,1136.0,8301.5,INR,2026-02-12 09:25:36,PENDING
3384,4004.0,4081.7,INR,2026-01-17 15:20:37,PENDING
3385,3075.0,8921.15,INR,2026-02-01 12:41:38,PENDING
3386,4540.0,5515.55,INR,2026-03-30 05:02:21,SUCCESS
3387,2138.0,8349.51,INR,2026-03-10 18:47:29,PENDING
3388,71.0,3108.02,INR,2026-02-26 22:36:18,SUCCESS
3389,1748.0,7945.75,INR,2026-03-01 13:04:53,PENDING
3390,3439.0,7137.54,INR,2026-05-26 03:16:18,PENDING
3391,315.0,1750.88,INR,2026-05-12 08:42:02,SUCCESS
3392,323.0,8647.05,INR,2026-01-09 23:25:05,FAILED
3393,3553.0,4460.36,INR,2026-03-11 10:49:45,FAILED
3394,2592.0,4392.59,INR,2026-02-19 23:17:40,SUCCESS
3395,4070.0,7091.9,INR,2026-05-11 22:19:00,FAILED
3396,2641.0,9323.7,INR,2026-04-03 06:11:20,SUCCESS
3397,4509.0,1247.26,INR,2026-01-08 10:05:28,PENDING
3398,3394.0,4546.83,INR,2026-04-22 14:33:23,SUCCESS
3399,2239.0,1646.88,INR,2026-01-25 23:49:01,SUCCESS
3400,32.0,5222.0,INR,2026-06-06 06:26:54,SUCCESS
3401,3744.0,3570.45,INR,2026-05-27 12:16:22,FAILED
3402,1885.0,174.58,INR,2026-05-12 19:09:02,FAILED
3403,105.0,2760.44,INR,2026-01-31 06:03:10,PENDING
3404,1924.0,1013.75,INR,2026-03-18 18:25:54,SUCCESS
3405,4920.0,3772.98,INR,2026-03-13 20:00:38,PENDING
3406,4515.0,9172.21,INR,2026-06-18 12:44:51,PENDING
3407,2288.0,907.06,INR,2026-04-02 02:03:51,SUCCESS
3408,3728.0,9480.52,INR,2026-04-18 00:24:35,SUCCESS
3409,55.0,5509.96,INR,2026-05-12 19:36:10,PENDING
3410,2051.0,2603.65,INR,2026-03-16 21:41:07,FAILED
3411,2324.0,9415.49,INR,2026-05-13 21:34:20,PENDING
3412,3515.0,5960.47,INR,2026-05-01 12:07:03,PENDING
3413,4379.0,1178.73,INR,2026-03-08 14:24:53,PENDING
3414,52.0,9795.74,INR,2026-06-15 05:19:12,FAILED
3415,213.0,7564.67,INR,2026-03-23 01:26:32,SUCCESS
3416,3437.0,8612.84,INR,2026-02-09 06:32:26,SUCCESS
3417,1145.0,3488.58,INR,2026-05-31 20:24:21,SUCCESS
3418,3510.0,9077.51,INR,2026-03-17 17:01:06,SUCCESS
3419,1843.0,3600.83,INR,2026-04-12 15:35:00,SUCCESS
3420,3182.0,3200.25,INR,2026-06-01 17:09:37,FAILED
3421,2597.0,1246.27,INR,2026-05-05 15:37:59,FAILED
3422,2072.0,1235.06,INR,2026-04-18 17:06:12,FAILED
3423,3269.0,7751.08,INR,2026-05-18 06:41:29,FAILED
3424,2852.0,4711.49,INR,2026-04-22 12:49:57,PENDING
3425,541.0,455.77,INR,2026-03-30 12:21:08,FAILED
3426,3820.0,2721.91,INR,2026-04-20 19:55:41,SUCCESS
3427,2960.0,-5454.47,INR,2026-01-12 18:03:52,FAILED
3428,2840.0,4096.65,INR,2026-06-13 00:09:01,SUCCESS
3429,3639.0,5673.85,INR,2026-01-30 03:44:28,SUCCESS
3430,2441.0,2628.69,INR,2026-04-03 18:06:27,PENDING
3431,4277.0,9706.02,INR,2026-02-03 09:29:08,FAILED
3432,4756.0,957.84,INR,2026-05-12 19:18:23,FAILED
3433,4827.0,2732.72,INR,2026-01-07 02:37:27,SUCCESS
3434,1523.0,5183.59,INR,2026-02-14 06:25:15,FAILED
3435,811.0,5527.53,INR,2026-06-05 05:49:41,FAILED
3436,238.0,5102.6,INR,2026-02-25 21:29:44,PENDING
3437,4565.0,4912.0,INR,2026-02-25 14:06:21,FAILED
3438,615.0,6774.64,INR,2026-03-25 20:12:55,FAILED
3439,481.0,5617.13,INR,2026-05-17 02:23:33,PENDING
3440,1596.0,1595.1,INR,2026-05-11 00:24:36,FAILED
3441,4838.0,6959.79,INR,2026-06-14 16:52:02,SUCCESS
3442,3103.0,3783.86,INR,2026-03-26 14:07:14,PENDING
3443,1412.0,6463.77,INR,2026-01-08 08:17:06,PENDING
3444,3956.0,5030.92,INR,2026-05-16 19:10:34,PENDING
3445,1751.0,8625.21,INR,2026-02-08 14:10:30,PENDING
3446,1750.0,3067.18,INR,2026-01-01 21:54:51,FAILED
3447,4717.0,8886.95,INR,2026-05-11 08:04:30,FAILED
3448,2750.0,5764.55,INR,2026-04-16 20:06:45,PENDING
3449,4022.0,3297.57,INR,2026-05-15 02:44:33,FAILED
3450,574.0,-6115.62,INR,2026-06-16 12:05:18,PENDING
3451,3638.0,-6461.8,INR,2026-06-05 08:21:18,PENDING
3452,4284.0,2085.5,INR,2026-06-10 11:36:02,SUCCESS
3453,2104.0,-3144.58,INR,2026-01-04 17:54:08,SUCCESS
3454,2175.0,9885.26,INR,2026-03-24 14:46:15,PENDING
3455,759.0,509.38,INR,2026-04-18 22:12:11,PENDING
3456,4214.0,815.36,INR,2026-04-24 09:03:25,PENDING
3457,4134.0,8828.56,INR,2026-03-24 08:47:53,PENDING
3458,3717.0,6440.41,INR,2026-03-17 22:35:56,SUCCESS
3459,2274.0,7631.15,INR,2026-01-04 15:26:17,PENDING
3460,1101.0,5278.95,INR,2026-03-07 17:51:06,FAILED
3461,865.0,6013.45,INR,2026-04-30 06:45:15,FAILED
3462,807.0,4865.56,INR,2026-01-17 11:39:22,SUCCESS
3463,2187.0,2619.33,INR,2026-02-03 05:05:51,SUCCESS
3464,135.0,2964.78,INR,2026-02-23 18:56:53,SUCCESS
3465,,5192.65,INR,2026-04-29 11:41:42,FAILED
3466,2775.0,472.34,INR,2026-03-01 16:04:06,SUCCESS
3467,1381.0,2243.69,INR,2026-04-14 23:17:31,PENDING
3468,3052.0,7142.83,INR,2026-05-14 09:07:26,PENDING
3469,3413.0,1700.97,INR,2026-05-15 14:17:32,FAILED
3470,4980.0,-7663.36,INR,2026-03-03 03:42:40,SUCCESS
3471,4837.0,9586.94,INR,2026-04-05 06:38:42,PENDING
3472,342.0,5150.22,INR,2026-04-10 13:30:05,PENDING
3473,4136.0,8017.98,INR,2026-01-24 07:36:59,SUCCESS
3474,196.0,6085.44,INR,2026-03-10 17:03:43,FAILED
3475,2501.0,576.37,INR,invalid_date,PENDING
3476,3638.0,7066.11,INR,2026-03-24 19:33:57,FAILED
3477,1400.0,1538.77,INR,2026-06-10 14:52:48,PENDING
3478,3693.0,7203.36,INR,2026-01-16 16:16:06,FAILED
3479,270.0,7849.28,INR,2026-01-05 11:55:33,SUCCESS
3480,817.0,2456.33,INR,2026-04-08 02:45:47,FAILED
3481,4821.0,689.25,INR,2026-02-19 03:46:26,SUCCESS
3482,4174.0,1898.69,INR,2026-06-13 06:05:26,FAILED
3483,3530.0,1019.16,INR,2026-04-17 17:48:55,FAILED
3484,1832.0,7243.3,INR,2026-03-08 06:35:57,PENDING
3485,1578.0,1953.97,INR,2026-06-14 21:14:03,PENDING
3486,2097.0,-9807.24,INR,2026-04-25 09:06:37,PENDING
3487,3661.0,8773.01,INR,2026-05-24 08:01:10,SUCCESS
3488,127.0,9410.37,INR,2026-06-03 05:17:53,SUCCESS
3489,4457.0,3004.34,INR,2026-03-26 16:58:56,PENDING
3490,4120.0,2600.76,INR,2026-04-04 23:20:45,SUCCESS
3491,2154.0,4716.4,INR,2026-03-08 17:56:50,SUCCESS
3492,437.0,9109.78,INR,2026-03-16 04:11:00,SUCCESS
3493,2004.0,4320.11,INR,2026-01-02 23:25:25,PENDING
3494,319.0,4989.03,INR,2026-01-16 22:10:56,PENDING
3495,2346.0,8632.95,INR,2026-01-23 22:43:01,SUCCESS
3496,546.0,8586.01,INR,2026-01-13 19:44:54,PENDING
3497,3492.0,2125.09,INR,2026-02-23 14:51:11,FAILED
3498,80.0,4835.21,INR,2026-03-21 13:27:31,SUCCESS
3499,4000.0,493.25,INR,2026-05-22 06:25:17,PENDING
3500,1036.0,493.38,INR,2026-06-15 08:39:40,FAILED
3501,806.0,4738.38,INR,2026-02-19 23:17:21,FAILED
3502,2822.0,-7618.12,INR,2026-03-22 17:59:09,PENDING
3503,1732.0,1603.92,INR,2026-06-03 22:27:56,PENDING
3504,180.0,6604.49,INR,2026-05-22 04:03:29,PENDING
3505,947.0,3232.38,INR,2026-04-13 08:01:16,PENDING
3506,1606.0,6470.47,INR,2026-03-12 23:51:01,FAILED
3507,1099.0,4060.57,INR,2026-04-30 16:48:32,PENDING
3508,363.0,7345.72,INR,2026-02-17 05:45:53,FAILED
3509,1897.0,3225.01,INR,2026-03-25 17:47:24,PENDING
3510,761.0,8535.55,INR,2026-02-01 01:45:02,SUCCESS
3511,,1343.22,INR,2026-01-01 13:45:56,FAILED
3512,235.0,5542.95,INR,2026-02-16 12:18:20,FAILED
3513,796.0,3708.61,INR,2026-05-20 23:43:23,SUCCESS
3514,4704.0,7112.74,INR,2026-01-31 01:52:32,FAILED
3515,1027.0,9089.64,INR,2026-03-14 00:59:26,SUCCESS
3516,465.0,8992.75,INR,2026-03-14 12:48:03,FAILED
3517,4469.0,3269.38,INR,2026-01-19 16:59:07,SUCCESS
3518,2750.0,-9305.12,INR,2026-03-02 12:20:25,FAILED
3519,2406.0,7435.27,INR,2026-05-08 06:15:26,SUCCESS
3520,4281.0,9403.22,INR,2026-02-08 08:40:55,PENDING
3521,3864.0,2174.46,INR,2026-03-22 23:15:46,FAILED
3522,4538.0,8777.62,INR,2026-04-09 22:57:53,PENDING
3523,1737.0,6596.7,INR,2026-01-10 11:16:40,FAILED
3524,,3238.1,INR,2026-06-11 06:46:34,PENDING
3525,3031.0,3698.52,INR,2026-03-21 05:27:03,PENDING
3526,3494.0,6095.18,INR,2026-06-16 00:31:55,SUCCESS
3527,4071.0,1920.8,INR,2026-03-28 05:00:45,PENDING
3528,2570.0,6904.71,INR,2026-01-02 23:41:39,PENDING
3529,,6907.49,INR,2026-05-21 19:07:08,SUCCESS
3530,4513.0,7997.12,INR,2026-01-03 02:55:30,PENDING
3531,345.0,2770.56,INR,2026-02-26 06:56:17,FAILED
3532,2922.0,6333.46,INR,2026-06-18 22:23:58,PENDING
3533,928.0,4900.58,INR,2026-01-27 04:06:45,SUCCESS
3534,4853.0,6475.26,INR,2026-06-07 20:51:55,SUCCESS
3535,4855.0,6734.16,INR,2026-03-15 15:00:27,SUCCESS
3536,1262.0,9846.04,INR,2026-01-19 03:45:59,FAILED
3537,2950.0,5095.04,INR,2026-06-12 11:43:30,SUCCESS
3538,2400.0,8196.84,INR,2026-06-09 17:17:18,SUCCESS
3539,2314.0,3114.34,INR,2026-01-17 15:07:52,SUCCESS
3540,158.0,7917.89,INR,2026-03-06 13:00:03,SUCCESS
3541,2535.0,9692.15,INR,2026-03-20 21:04:39,SUCCESS
3542,2016.0,3999.69,INR,2026-04-16 17:10:52,FAILED
3543,4365.0,753.15,INR,invalid_date,SUCCESS
3544,1847.0,9006.4,INR,2026-04-08 08:38:18,SUCCESS
3545,3358.0,4085.99,INR,2026-04-29 12:43:04,SUCCESS
3546,3059.0,302.46,INR,2026-06-15 16:38:13,PENDING
3547,2138.0,84.03,INR,2026-01-24 15:23:13,SUCCESS
3548,3552.0,4840.48,INR,2026-02-12 17:31:42,FAILED
3549,4105.0,9955.09,INR,2026-03-01 19:00:45,PENDING
3550,161.0,7208.48,INR,2026-02-02 02:26:31,FAILED
3551,2054.0,4854.63,INR,2026-01-10 22:53:43,FAILED
3552,4349.0,7614.17,INR,2026-02-11 21:23:15,SUCCESS
3553,2119.0,1648.26,INR,2026-02-11 17:18:30,SUCCESS
3554,3748.0,1475.82,INR,2026-02-23 20:18:54,FAILED
3555,1358.0,9943.74,INR,2026-05-08 19:31:05,FAILED
3556,4369.0,4710.21,INR,2026-05-19 22:54:43,FAILED
3557,888.0,6231.74,INR,invalid_date,PENDING
3558,793.0,2278.8,INR,2026-02-02 05:24:04,PENDING
3559,3818.0,8577.32,INR,2026-05-28 17:22:41,FAILED
3560,1115.0,-643.83,INR,2026-02-09 21:14:33,FAILED
3561,4362.0,2744.28,INR,2026-01-04 11:22:40,FAILED
3562,158.0,9614.86,INR,2026-03-24 00:17:37,FAILED
3563,1646.0,3783.27,INR,2026-05-25 08:30:33,SUCCESS
3564,,8365.36,INR,2026-01-12 11:12:45,PENDING
3565,3000.0,1408.33,INR,2026-04-29 21:48:29,FAILED
3566,2011.0,2833.63,INR,2026-03-23 19:14:29,PENDING
3567,4426.0,8808.67,INR,2026-05-13 20:20:14,SUCCESS
3568,2467.0,3833.26,INR,2026-02-17 11:12:29,PENDING
3569,1893.0,2213.43,INR,2026-01-07 14:35:58,PENDING
3570,3228.0,808.13,INR,2026-04-23 03:10:08,PENDING
3571,3764.0,6248.17,INR,2026-03-12 09:47:46,PENDING
3572,,5024.91,INR,2026-02-05 08:47:34,SUCCESS
3573,1712.0,9492.51,INR,2026-06-15 14:40:05,SUCCESS
3574,1209.0,5641.74,INR,2026-05-25 10:53:36,PENDING
3575,4047.0,3775.8,INR,2026-03-26 18:10:42,FAILED
3576,1956.0,408.3,INR,2026-01-05 15:14:32,SUCCESS
3577,2339.0,3889.84,INR,2026-01-13 17:43:05,SUCCESS
3578,1373.0,8364.72,INR,2026-01-01 06:51:40,FAILED
3579,4870.0,5584.39,INR,2026-04-24 21:45:57,PENDING
3580,2420.0,7252.3,INR,2026-04-07 00:55:35,SUCCESS
3581,2197.0,1064.32,INR,2026-01-23 21:26:58,SUCCESS
3582,1095.0,6594.19,INR,2026-03-30 03:48:17,FAILED
3583,3824.0,-561.7,INR,2026-01-14 12:44:40,SUCCESS
3584,445.0,8942.06,INR,2026-02-15 16:32:35,PENDING
3585,780.0,9150.12,INR,2026-05-01 01:26:47,SUCCESS
3586,1992.0,2251.28,INR,2026-04-26 17:43:00,SUCCESS
3587,4647.0,1825.98,INR,2026-04-12 15:34:06,PENDING
3588,3715.0,2205.21,INR,2026-05-10 15:37:50,SUCCESS
3589,4542.0,3140.45,INR,2026-05-16 14:31:39,SUCCESS
3590,2256.0,6720.94,INR,2026-04-13 11:49:59,SUCCESS
3591,4469.0,8705.85,INR,2026-03-03 07:15:21,FAILED
3592,4713.0,6855.12,INR,2026-05-28 19:20:13,PENDING
3593,737.0,9438.18,INR,2026-01-28 15:54:43,SUCCESS
3594,2086.0,-2306.24,INR,2026-01-04 09:14:08,SUCCESS
3595,4829.0,5312.64,INR,2026-05-15 05:40:42,FAILED
3596,1952.0,1279.85,INR,2026-03-11 18:04:00,PENDING
3597,3183.0,8766.57,INR,2026-06-11 09:44:26,SUCCESS
3598,1011.0,4653.87,INR,2026-02-05 13:26:20,PENDING
3599,3679.0,8974.9,INR,2026-03-29 01:19:12,FAILED
3600,4756.0,4025.55,INR,2026-03-14 16:12:31,PENDING
3601,623.0,956.79,INR,2026-02-04 19:01:00,PENDING
3602,2901.0,6520.38,INR,2026-01-31 04:46:42,FAILED
3603,785.0,9694.87,INR,2026-02-23 17:44:07,FAILED
3604,426.0,5262.36,INR,2026-04-18 09:05:43,PENDING
3605,1864.0,4382.8,INR,2026-05-30 20:45:50,PENDING
3606,2921.0,8973.52,INR,2026-04-07 19:11:28,SUCCESS
3607,828.0,1150.0,INR,2026-04-12 09:17:14,FAILED
3608,4421.0,1274.35,INR,2026-05-21 18:31:27,FAILED
3609,1731.0,9822.95,INR,2026-03-28 19:31:43,PENDING
3610,852.0,4613.47,INR,2026-04-02 03:19:55,SUCCESS
3611,679.0,6143.68,INR,2026-03-15 12:57:27,FAILED
3612,1848.0,5868.56,INR,2026-01-05 07:05:57,PENDING
3613,2559.0,6859.06,INR,2026-04-01 15:38:56,PENDING
3614,3524.0,4106.06,INR,2026-03-19 00:55:47,SUCCESS
3615,525.0,9616.85,INR,2026-03-09 23:26:08,PENDING
3616,4206.0,2273.03,INR,2026-01-03 09:24:35,FAILED
3617,4142.0,8349.05,INR,2026-03-25 10:13:06,PENDING
3618,3999.0,8611.72,INR,2026-06-10 15:49:18,PENDING
3619,3238.0,6450.61,INR,2026-01-09 03:20:23,SUCCESS
3620,707.0,7046.52,INR,2026-01-22 03:59:19,FAILED
3621,590.0,2035.34,INR,2026-03-13 19:55:30,FAILED
3622,3921.0,541.61,INR,2026-05-01 07:20:24,PENDING
3623,2985.0,6975.98,INR,2026-05-04 13:25:59,PENDING
3624,2258.0,3684.75,INR,2026-03-20 00:05:38,FAILED
3625,1987.0,8207.75,INR,2026-04-24 19:26:40,FAILED
3626,2426.0,3333.87,INR,2026-01-03 16:00:55,FAILED
3627,1075.0,9903.12,INR,2026-03-11 03:10:09,PENDING
3628,3982.0,7939.79,INR,2026-06-13 13:19:46,FAILED
3629,1159.0,9762.53,INR,2026-04-01 23:59:22,FAILED
3630,,487.41,INR,2026-02-09 03:55:42,PENDING
3631,1983.0,1415.42,INR,2026-06-16 10:32:17,PENDING
3632,3749.0,9161.36,INR,2026-01-28 05:30:18,FAILED
3633,1904.0,3650.82,INR,2026-02-25 03:05:12,PENDING
3634,3562.0,9192.27,INR,2026-01-21 11:17:11,PENDING
3635,3668.0,9437.61,INR,2026-03-18 11:14:33,FAILED
3636,3762.0,6666.51,INR,2026-05-01 17:57:43,SUCCESS
3637,1171.0,144.92,INR,2026-04-08 03:27:45,PENDING
3638,2381.0,2956.71,INR,2026-02-19 07:47:57,FAILED
3639,2046.0,9796.97,INR,2026-04-07 03:08:02,FAILED
3640,3310.0,4764.16,INR,2026-01-27 11:47:35,PENDING
3641,3954.0,7850.65,INR,2026-04-28 22:37:12,PENDING
3642,,3882.06,INR,2026-03-12 12:23:43,FAILED
3643,3421.0,2013.14,INR,2026-06-18 07:19:54,FAILED
3644,,9854.15,INR,2026-04-16 14:37:26,SUCCESS
3645,3312.0,4570.37,INR,2026-01-29 18:11:47,FAILED
3646,4864.0,7245.86,INR,2026-01-23 10:07:58,SUCCESS
3647,43.0,9875.25,INR,2026-01-01 08:07:23,FAILED
3648,3494.0,1281.47,INR,2026-04-13 10:11:35,PENDING
3649,3331.0,2209.56,INR,2026-06-18 14:25:50,FAILED
3650,3402.0,366.01,INR,2026-04-30 18:21:32,FAILED
3651,41.0,856.5,INR,2026-01-27 17:30:59,SUCCESS
3652,1154.0,7687.93,INR,2026-05-11 03:58:47,FAILED
3653,1064.0,2927.97,INR,2026-01-18 01:25:11,PENDING
3654,481.0,7812.64,INR,2026-05-13 10:38:05,SUCCESS
3655,2766.0,6947.88,INR,2026-03-27 23:27:32,FAILED
3656,3123.0,2969.17,INR,2026-05-09 07:02:10,FAILED
3657,4642.0,5451.82,INR,2026-06-05 23:12:30,PENDING
3658,2938.0,-7359.4,INR,2026-01-12 06:00:27,SUCCESS
3659,1546.0,1940.15,INR,2026-03-08 01:57:17,FAILED
3660,1808.0,7917.16,INR,2026-03-11 19:05:19,FAILED
3661,1439.0,5178.72,INR,2026-05-11 13:43:01,SUCCESS
3662,558.0,9869.62,INR,2026-05-08 04:48:47,PENDING
3663,98.0,3556.94,INR,2026-01-17 17:11:44,SUCCESS
3664,4279.0,2249.88,INR,invalid_date,FAILED
3665,4986.0,693.72,INR,2026-06-14 10:01:37,FAILED
3666,902.0,9656.05,INR,2026-01-09 10:50:01,SUCCESS
3667,244.0,1388.06,INR,2026-04-25 22:23:08,PENDING
3668,4743.0,3868.14,INR,2026-02-07 14:47:58,SUCCESS
3669,350.0,2029.51,INR,2026-03-14 07:56:50,PENDING
3670,744.0,2993.3,INR,2026-04-01 03:44:10,PENDING
3671,1518.0,9432.77,INR,2026-02-13 07:28:13,FAILED
3672,3055.0,2072.61,INR,2026-06-13 09:15:54,SUCCESS
3673,3748.0,4120.68,INR,2026-03-02 11:54:45,FAILED
3674,4355.0,1317.78,INR,2026-02-16 19:58:28,FAILED
3675,3393.0,2752.14,INR,2026-02-25 21:25:00,FAILED
3676,3764.0,5816.52,INR,2026-06-14 14:29:13,SUCCESS
3677,1912.0,6976.1,INR,2026-05-27 22:05:43,PENDING
3678,3179.0,9015.78,INR,2026-01-08 15:21:32,SUCCESS
3679,1748.0,6381.42,INR,2026-05-05 06:31:20,PENDING
3680,3481.0,1292.64,INR,2026-03-09 09:26:25,FAILED
3681,3707.0,7117.62,INR,2026-04-23 11:20:11,PENDING
3682,1440.0,7900.69,INR,2026-02-13 12:23:58,PENDING
3683,827.0,3810.14,INR,2026-05-09 07:32:43,SUCCESS
3684,4244.0,1644.6,INR,2026-01-16 00:53:20,SUCCESS
3685,,2934.1,INR,2026-01-11 18:33:48,FAILED
3686,4497.0,7238.86,INR,2026-03-03 23:40:41,PENDING
3687,,8419.47,INR,2026-04-05 22:07:14,FAILED
3688,2008.0,2149.91,INR,2026-04-20 03:15:29,SUCCESS
3689,893.0,1708.71,INR,2026-04-06 05:22:13,SUCCESS
3690,2567.0,7167.92,INR,2026-04-20 07:28:10,SUCCESS
3691,2790.0,-7561.32,INR,2026-04-08 07:07:09,SUCCESS
3692,2539.0,-4583.08,INR,2026-06-06 14:16:15,SUCCESS
3693,4136.0,5481.68,INR,2026-04-08 10:09:27,SUCCESS
3694,504.0,3213.62,INR,2026-03-09 20:27:06,SUCCESS
3695,686.0,9491.16,INR,2026-05-07 17:19:15,SUCCESS
3696,3483.0,9385.21,INR,2026-04-17 15:54:46,PENDING
3697,1444.0,1475.42,INR,2026-01-08 17:58:30,PENDING
3698,4035.0,9589.62,INR,invalid_date,FAILED
3699,2894.0,9166.42,INR,2026-04-29 08:49:25,FAILED
3700,151.0,2973.46,INR,2026-04-24 20:04:17,SUCCESS
3701,4014.0,4379.48,INR,2026-06-14 15:27:46,PENDING
3702,1165.0,4757.29,INR,2026-05-11 13:00:30,PENDING
3703,801.0,9453.25,INR,2026-04-03 04:29:20,FAILED
3704,1685.0,2082.98,INR,2026-02-15 20:37:55,SUCCESS
3705,4426.0,1017.2,INR,2026-01-31 03:41:54,SUCCESS
3706,4216.0,3087.82,INR,2026-03-21 17:48:34,FAILED
3707,3009.0,1765.32,INR,2026-02-28 09:14:19,PENDING
3708,1481.0,5547.0,INR,2026-06-05 15:19:45,SUCCESS
3709,4277.0,2669.29,INR,2026-06-12 06:51:17,PENDING
3710,3474.0,9012.57,INR,2026-01-01 02:13:39,FAILED
3711,1718.0,8235.43,INR,2026-05-08 05:02:05,SUCCESS
3712,3308.0,832.94,INR,2026-02-26 20:44:54,FAILED
3713,1161.0,6467.49,INR,2026-04-20 14:35:16,SUCCESS
3714,1866.0,653.32,INR,2026-02-16 07:18:00,SUCCESS
3715,2962.0,3071.77,INR,2026-01-30 22:34:51,FAILED
3716,,9024.26,INR,2026-03-28 17:50:40,FAILED
3717,4877.0,4000.16,INR,invalid_date,PENDING
3718,4506.0,-1820.43,INR,2026-03-10 10:15:18,FAILED
3719,2955.0,4132.96,INR,2026-05-27 05:15:53,FAILED
3720,3000.0,8782.5,INR,2026-03-05 16:14:06,FAILED
3721,2343.0,9344.83,INR,2026-02-19 15:15:37,FAILED
3722,1162.0,-4544.55,INR,2026-05-25 18:00:46,PENDING
3723,1420.0,9237.85,INR,2026-05-18 00:50:20,SUCCESS
3724,251.0,6377.9,INR,2026-01-13 11:23:07,SUCCESS
3725,239.0,5343.91,INR,2026-01-08 19:08:06,FAILED
3726,1576.0,8864.27,INR,2026-06-02 04:16:09,FAILED
3727,1865.0,-5801.92,INR,invalid_date,FAILED
3728,2765.0,8530.42,INR,2026-05-19 14:46:32,PENDING
3729,4260.0,6426.32,INR,2026-01-10 19:57:14,FAILED
3730,13.0,8941.76,INR,2026-02-04 03:29:01,FAILED
3731,4628.0,7493.58,INR,2026-04-25 05:06:32,FAILED
3732,2367.0,5738.02,INR,2026-03-15 11:42:30,FAILED
3733,3460.0,6522.68,INR,2026-05-24 02:05:45,PENDING
3734,3436.0,1773.54,INR,2026-02-06 15:27:37,SUCCESS
3735,3785.0,8116.11,INR,2026-06-07 05:41:33,SUCCESS
3736,4020.0,9457.46,INR,2026-03-13 20:49:26,SUCCESS
3737,1169.0,8741.86,INR,2026-02-16 12:04:16,SUCCESS
3738,4956.0,2485.75,INR,2026-04-19 11:59:41,SUCCESS
3739,1597.0,579.8,INR,2026-04-12 03:44:52,FAILED
3740,1292.0,9654.19,INR,2026-05-19 15:53:03,SUCCESS
3741,3624.0,3598.46,INR,2026-03-08 05:53:00,PENDING
3742,4174.0,7106.63,INR,2026-01-18 23:30:55,PENDING
3743,2772.0,-4785.58,INR,2026-04-23 01:05:15,SUCCESS
3744,2343.0,7343.05,INR,2026-01-23 02:18:35,PENDING
3745,3046.0,6107.42,INR,2026-06-16 09:52:43,FAILED
3746,,6971.34,INR,2026-06-01 02:05:25,SUCCESS
3747,4127.0,8997.81,INR,2026-06-02 09:42:54,FAILED
3748,4024.0,1175.72,INR,2026-03-16 20:26:07,FAILED
3749,2408.0,5334.44,INR,2026-03-10 18:54:43,PENDING
3750,452.0,1219.67,INR,2026-06-03 19:52:37,FAILED
3751,4561.0,4052.83,INR,2026-01-23 21:13:12,SUCCESS
3752,1316.0,8613.95,INR,2026-05-29 12:36:26,SUCCESS
3753,848.0,9877.8,INR,2026-01-05 09:03:07,FAILED
3754,155.0,1819.49,INR,2026-03-16 12:20:38,SUCCESS
3755,2375.0,-724.66,INR,2026-01-11 18:31:45,SUCCESS
3756,2916.0,2190.78,INR,2026-02-24 02:11:31,SUCCESS
3757,4821.0,5780.07,INR,2026-04-24 10:32:21,PENDING
3758,1370.0,6446.55,INR,2026-03-10 03:29:53,SUCCESS
3759,4572.0,2044.1,INR,2026-04-24 21:02:26,PENDING
3760,4057.0,3772.11,INR,2026-06-17 06:16:40,SUCCESS
3761,2900.0,9824.55,INR,2026-03-17 08:25:43,SUCCESS
3762,1523.0,3596.85,INR,2026-02-19 15:21:46,FAILED
3763,3565.0,9167.59,INR,2026-05-08 05:50:26,PENDING
3764,2994.0,9244.48,INR,2026-04-18 08:53:34,PENDING
3765,173.0,41.81,INR,2026-01-11 03:06:49,SUCCESS
3766,1296.0,2351.61,INR,2026-02-17 02:57:58,PENDING
3767,1950.0,-1715.32,INR,2026-05-04 08:20:26,SUCCESS
3768,1457.0,2063.08,INR,2026-05-29 10:55:16,FAILED
3769,2147.0,9481.8,INR,2026-03-02 16:35:33,SUCCESS
3770,3246.0,-1472.04,INR,2026-05-06 17:07:48,SUCCESS
3771,3886.0,7555.2,INR,2026-06-17 09:19:56,FAILED
3772,1206.0,1847.43,INR,2026-05-20 12:45:25,PENDING
3773,3984.0,9751.11,INR,2026-03-06 15:31:58,FAILED
3774,3836.0,2755.48,INR,2026-05-30 13:51:50,SUCCESS
3775,766.0,8797.31,INR,2026-05-29 14:30:13,PENDING
3776,1086.0,8463.67,INR,2026-05-27 04:56:12,SUCCESS
3777,2554.0,7881.52,INR,2026-04-10 08:44:45,FAILED
3778,3508.0,436.76,INR,2026-05-29 22:06:28,SUCCESS
3779,2118.0,362.78,INR,2026-02-11 12:11:03,FAILED
3780,1466.0,9912.55,INR,2026-01-03 22:01:15,FAILED
3781,3838.0,3921.95,INR,2026-06-10 06:22:59,SUCCESS
3782,3924.0,7054.82,INR,2026-02-15 12:13:45,SUCCESS
3783,124.0,1662.44,INR,2026-02-13 10:09:33,SUCCESS
3784,821.0,3121.53,INR,2026-05-18 23:39:23,FAILED
3785,577.0,7064.47,INR,2026-01-23 09:21:09,SUCCESS
3786,310.0,4858.62,INR,invalid_date,FAILED
3787,3170.0,1043.7,INR,2026-04-03 22:15:47,SUCCESS
3788,3502.0,4343.54,INR,2026-02-03 06:56:45,SUCCESS
3789,4026.0,2131.44,INR,2026-03-07 14:25:21,PENDING
3790,2507.0,4724.33,INR,2026-02-11 02:44:48,SUCCESS
3791,3879.0,6481.2,INR,2026-03-11 11:15:16,SUCCESS
3792,224.0,6858.78,INR,2026-04-24 19:41:05,SUCCESS
3793,4567.0,-9507.34,INR,2026-03-02 00:43:58,PENDING
3794,4328.0,4641.79,INR,2026-04-02 00:09:37,FAILED
3795,4303.0,9237.78,INR,2026-01-21 19:05:14,PENDING
3796,4801.0,-9714.72,INR,2026-04-21 14:06:18,FAILED
3797,4647.0,5363.95,INR,2026-04-08 20:06:56,FAILED
3798,3493.0,9389.15,INR,2026-01-06 18:25:38,FAILED
3799,2923.0,3177.46,INR,2026-02-03 11:47:00,FAILED
3800,3350.0,1919.9,INR,2026-05-19 02:10:10,PENDING
3801,,1378.37,INR,2026-03-12 18:47:40,FAILED
3802,2214.0,8623.56,INR,2026-01-17 02:05:58,FAILED
3803,47.0,3828.79,INR,2026-01-23 12:48:09,PENDING
3804,1346.0,6652.12,INR,2026-02-08 22:48:00,SUCCESS
3805,1401.0,6195.45,INR,2026-02-21 09:34:24,PENDING
3806,4307.0,6841.33,INR,2026-03-09 23:43:17,SUCCESS
3807,2182.0,4282.85,INR,2026-06-08 15:10:35,SUCCESS
3808,1697.0,4433.42,INR,2026-01-01 08:16:29,FAILED
3809,467.0,9080.84,INR,2026-02-08 14:44:45,PENDING
3810,,4058.48,INR,2026-01-05 10:54:18,PENDING
3811,4334.0,5209.87,INR,2026-03-01 00:20:16,FAILED
3812,2721.0,948.47,INR,2026-04-21 00:19:15,FAILED
3813,117.0,8252.34,INR,2026-04-20 14:28:50,FAILED
3814,2205.0,7428.04,INR,2026-06-14 04:45:02,PENDING
3815,3306.0,7257.95,INR,2026-01-12 12:10:35,FAILED
3816,1871.0,7387.4,INR,2026-01-24 14:58:24,FAILED
3817,,1042.39,INR,2026-04-29 22:20:53,FAILED
3818,4995.0,5181.69,INR,2026-05-13 18:33:07,SUCCESS
3819,,6391.66,INR,2026-03-20 02:28:00,FAILED
3820,1434.0,3206.48,INR,2026-01-26 00:37:45,PENDING
3821,4628.0,7648.66,INR,invalid_date,FAILED
3822,2130.0,-8859.27,INR,2026-05-30 21:34:19,PENDING
3823,3006.0,1575.9,INR,2026-05-22 02:03:29,SUCCESS
3824,2053.0,3204.09,INR,2026-05-30 23:22:36,SUCCESS
3825,4350.0,3272.65,INR,2026-03-03 18:56:25,FAILED
3826,3026.0,8636.88,INR,2026-05-07 09:55:12,FAILED
3827,1217.0,1369.34,INR,2026-03-28 07:26:32,SUCCESS
3828,4625.0,4183.49,INR,2026-05-15 06:22:06,PENDING
3829,1472.0,7954.37,INR,2026-06-13 11:02:03,FAILED
3830,2271.0,8086.63,INR,2026-03-31 23:26:41,PENDING
3831,650.0,5369.23,INR,2026-02-13 06:59:05,SUCCESS
3832,1283.0,5411.2,INR,2026-06-07 19:06:38,PENDING
3833,2362.0,2571.13,INR,2026-05-12 19:58:38,FAILED
3834,1665.0,411.14,INR,2026-01-16 08:34:05,SUCCESS
3835,,4603.92,INR,2026-06-10 23:56:03,PENDING
3836,1972.0,9083.01,INR,2026-02-26 10:53:55,SUCCESS
3837,2145.0,9348.61,INR,invalid_date,PENDING
3838,1563.0,6419.89,INR,2026-03-31 06:32:55,FAILED
3839,998.0,3794.0,INR,2026-03-15 21:35:24,PENDING
3840,3290.0,2029.27,INR,2026-04-20 18:25:34,SUCCESS
3841,1832.0,6346.08,INR,2026-04-12 20:34:51,PENDING
3842,3766.0,9088.27,INR,2026-02-01 15:23:15,SUCCESS
3843,2336.0,2536.28,INR,2026-03-11 03:38:41,FAILED
3844,3106.0,5803.89,INR,2026-06-12 15:02:02,SUCCESS
3845,2711.0,8631.06,INR,2026-01-14 09:08:18,FAILED
3846,1952.0,4715.61,INR,2026-01-03 17:14:40,PENDING
3847,1814.0,1403.41,INR,2026-01-18 03:50:12,SUCCESS
3848,4958.0,8496.77,INR,2026-05-05 19:30:40,SUCCESS
3849,2286.0,8708.5,INR,2026-05-14 23:26:29,SUCCESS
3850,145.0,7578.97,INR,2026-04-06 23:33:45,FAILED
3851,4029.0,8351.64,INR,2026-04-02 13:45:26,PENDING
3852,3379.0,5210.84,INR,2026-05-14 03:59:30,FAILED
3853,3426.0,9418.5,INR,2026-05-15 18:10:22,SUCCESS
3854,3167.0,7383.09,INR,2026-03-16 07:45:12,FAILED
3855,854.0,2896.58,INR,2026-05-15 16:03:19,SUCCESS
3856,1509.0,8500.14,INR,2026-06-09 11:51:08,PENDING
3857,4475.0,8437.18,INR,2026-01-25 08:13:42,FAILED
3858,3981.0,412.26,INR,2026-02-12 04:40:10,SUCCESS
3859,3639.0,2432.85,INR,2026-02-22 06:53:06,SUCCESS
3860,3527.0,975.84,INR,2026-05-01 20:19:35,PENDING
3861,1129.0,3089.03,INR,2026-05-27 06:28:19,FAILED
3862,3886.0,-9979.51,INR,2026-06-11 23:25:14,SUCCESS
3863,1387.0,-3187.1,INR,2026-01-10 04:42:08,SUCCESS
3864,324.0,-3330.09,INR,2026-01-11 09:15:29,SUCCESS
3865,2263.0,-608.06,INR,2026-06-13 12:36:53,FAILED
3866,1329.0,8199.01,INR,2026-06-11 13:19:03,FAILED
3867,3885.0,2779.59,INR,2026-03-21 16:04:35,FAILED
3868,835.0,9950.3,INR,2026-05-12 19:26:57,FAILED
3869,3420.0,1374.78,INR,2026-03-16 21:41:36,PENDING
3870,1035.0,3425.65,INR,2026-05-13 12:53:25,SUCCESS
3871,1936.0,8989.17,INR,2026-03-23 08:25:01,SUCCESS
3872,447.0,6487.62,INR,2026-01-29 04:36:33,PENDING
3873,3313.0,9280.42,INR,2026-01-07 04:57:40,PENDING
3874,1502.0,3918.53,INR,2026-03-22 22:31:17,PENDING
3875,4768.0,5999.41,INR,2026-04-16 12:10:17,FAILED
3876,394.0,1345.88,INR,2026-02-04 07:58:38,SUCCESS
3877,3897.0,4393.72,INR,2026-04-23 09:01:30,PENDING
3878,4802.0,4870.41,INR,2026-05-03 06:29:26,SUCCESS
3879,4789.0,2215.06,INR,2026-04-30 12:37:23,SUCCESS
3880,3171.0,8245.36,INR,2026-02-25 03:53:07,FAILED
3881,,6284.36,INR,2026-03-06 10:09:06,PENDING
3882,616.0,7859.05,INR,2026-02-09 14:57:54,SUCCESS
3883,3957.0,2572.6,INR,2026-04-22 03:55:42,FAILED
3884,1848.0,2068.77,INR,2026-02-14 00:07:05,FAILED
3885,396.0,1923.64,INR,2026-01-21 19:47:52,SUCCESS
3886,,3698.0,INR,2026-03-19 14:39:18,PENDING
3887,4417.0,6870.41,INR,2026-02-05 03:59:36,PENDING
3888,4039.0,7377.55,INR,2026-01-08 08:27:02,PENDING
3889,451.0,2911.61,INR,2026-01-28 10:39:08,FAILED
3890,1381.0,3366.67,INR,2026-04-16 20:27:20,PENDING
3891,1076.0,4024.88,INR,2026-03-24 16:27:18,SUCCESS
3892,4173.0,7456.35,INR,2026-06-07 17:28:10,SUCCESS
3893,3433.0,6888.43,INR,2026-01-16 11:22:51,PENDING
3894,4728.0,2903.63,INR,2026-02-15 18:46:47,SUCCESS
3895,4118.0,702.45,INR,2026-05-05 04:23:25,SUCCESS
3896,3112.0,3194.87,INR,2026-04-18 00:29:40,FAILED
3897,3052.0,356.38,INR,2026-05-20 02:16:23,PENDING
3898,3530.0,-7161.75,INR,2026-02-04 01:16:11,FAILED
3899,4436.0,6589.1,INR,2026-06-01 06:33:40,FAILED
3900,3666.0,5624.9,INR,2026-04-09 12:52:52,PENDING
3901,834.0,7069.71,INR,2026-01-26 23:30:11,SUCCESS
3902,4301.0,173.28,INR,2026-05-05 06:56:59,PENDING
3903,2400.0,5091.96,INR,2026-03-09 21:41:15,PENDING
3904,,746.26,INR,2026-02-16 13:32:41,FAILED
3905,3734.0,6338.06,INR,2026-04-13 21:58:32,PENDING
3906,4988.0,1964.39,INR,2026-03-14 02:28:10,SUCCESS
3907,3346.0,1284.32,INR,2026-05-12 12:08:17,PENDING
3908,185.0,705.26,INR,2026-05-26 00:40:01,SUCCESS
3909,3621.0,7976.95,INR,2026-04-25 23:45:14,FAILED
3910,3067.0,3009.92,INR,2026-03-07 14:48:08,FAILED
3911,1596.0,-9518.44,INR,2026-03-11 11:27:26,PENDING
3912,4411.0,1778.49,INR,2026-02-16 11:32:50,SUCCESS
3913,1422.0,5763.26,INR,2026-05-20 12:35:24,SUCCESS
3914,134.0,299.18,INR,2026-05-16 03:29:50,FAILED
3915,1698.0,1083.63,INR,2026-06-15 01:40:56,SUCCESS
3916,4594.0,7235.73,INR,2026-01-19 23:42:14,PENDING
3917,4171.0,1326.36,INR,2026-01-30 09:23:50,PENDING
3918,118.0,9451.04,INR,2026-01-18 09:53:16,FAILED
3919,3663.0,2653.45,INR,2026-04-14 01:14:30,SUCCESS
3920,4994.0,4651.18,INR,2026-01-27 12:08:18,FAILED
3921,620.0,7768.98,INR,2026-01-23 20:46:23,PENDING
3922,717.0,-848.42,INR,2026-06-11 07:34:14,PENDING
3923,4913.0,7790.8,INR,2026-02-20 10:16:06,FAILED
3924,594.0,8880.37,INR,2026-04-08 04:44:09,SUCCESS
3925,424.0,4100.47,INR,2026-02-03 07:28:43,FAILED
3926,4825.0,5293.49,INR,2026-06-12 07:02:08,FAILED
3927,1781.0,3633.51,INR,2026-05-03 06:33:22,SUCCESS
3928,387.0,2365.56,INR,2026-02-26 20:36:37,FAILED
3929,3569.0,7351.68,INR,2026-01-22 22:49:26,FAILED
3930,685.0,2240.95,INR,2026-06-02 02:18:36,FAILED
3931,4694.0,1799.75,INR,2026-01-10 23:19:42,FAILED
3932,3394.0,4371.46,INR,2026-02-09 01:22:23,SUCCESS
3933,317.0,8969.55,INR,2026-03-13 11:01:14,PENDING
3934,1267.0,1592.51,INR,2026-01-30 14:14:32,PENDING
3935,3393.0,5817.09,INR,2026-02-03 08:38:46,FAILED
3936,4495.0,6243.79,INR,2026-03-22 08:52:09,SUCCESS
3937,641.0,2984.02,INR,2026-01-15 10:38:14,SUCCESS
3938,1925.0,315.82,INR,2026-05-02 23:57:23,PENDING
3939,4940.0,4426.36,INR,2026-05-14 21:49:07,PENDING
3940,3267.0,5000.43,INR,2026-05-21 23:51:47,FAILED
3941,4673.0,461.21,INR,2026-04-16 03:58:42,FAILED
3942,3480.0,2346.61,INR,2026-01-20 22:14:26,PENDING
3943,3912.0,91.79,INR,2026-05-13 03:24:59,FAILED
3944,1578.0,6627.15,INR,2026-02-09 06:31:59,FAILED
3945,4285.0,-9875.81,INR,2026-04-07 07:06:00,SUCCESS
3946,3832.0,9732.93,INR,2026-04-06 07:29:08,PENDING
3947,1510.0,3144.32,INR,2026-01-05 05:09:31,FAILED
3948,62.0,9259.68,INR,2026-01-15 13:10:34,PENDING
3949,286.0,7445.7,INR,2026-04-10 01:30:50,PENDING
3950,1255.0,1352.05,INR,2026-06-16 17:48:44,SUCCESS
3951,318.0,4758.84,INR,2026-06-14 23:10:45,PENDING
3952,4692.0,7600.48,INR,2026-05-22 20:23:06,FAILED
3953,1825.0,5681.76,INR,2026-02-02 11:07:24,PENDING
3954,330.0,126.81,INR,2026-04-24 02:52:10,FAILED
3955,1855.0,-4157.32,INR,2026-05-23 16:16:43,PENDING
3956,1331.0,-8560.28,INR,2026-03-04 09:32:18,SUCCESS
3957,,7793.32,INR,2026-04-01 05:58:50,FAILED
3958,4295.0,6390.24,INR,2026-01-17 08:58:00,FAILED
3959,,1580.3,INR,2026-04-17 23:04:40,SUCCESS
3960,1540.0,8718.23,INR,2026-04-23 11:28:33,SUCCESS
3961,162.0,6289.85,INR,2026-04-12 20:04:42,SUCCESS
3962,2326.0,6168.91,INR,2026-01-17 11:30:29,SUCCESS
3963,4335.0,7367.54,INR,2026-04-09 19:11:28,SUCCESS
3964,3438.0,7884.29,INR,2026-01-02 12:38:35,PENDING
3965,2698.0,9500.61,INR,2026-04-09 11:42:04,SUCCESS
3966,4975.0,1912.8,INR,2026-05-28 09:46:37,FAILED
3967,1697.0,3009.23,INR,2026-03-30 00:34:39,FAILED
3968,729.0,865.91,INR,2026-01-13 13:00:50,FAILED
3969,2004.0,7233.14,INR,2026-02-18 03:36:29,PENDING
3970,2906.0,6101.68,INR,2026-04-26 22:55:22,FAILED
3971,,6866.94,INR,2026-03-23 13:01:32,PENDING
3972,2860.0,2110.51,INR,2026-03-19 23:22:40,PENDING
3973,,581.59,INR,2026-06-09 22:20:14,SUCCESS
3974,333.0,9777.33,INR,2026-01-10 16:23:02,SUCCESS
3975,2456.0,5340.6,INR,2026-04-18 00:57:29,FAILED
3976,2726.0,6065.83,INR,2026-05-16 17:48:46,PENDING
3977,4991.0,9044.38,INR,2026-03-23 14:14:31,SUCCESS
3978,1091.0,9875.56,INR,2026-04-11 18:02:41,FAILED
3979,94.0,1427.53,INR,2026-01-24 18:39:09,SUCCESS
3980,4076.0,9723.29,INR,2026-06-18 13:34:28,SUCCESS
3981,4934.0,7180.84,INR,invalid_date,SUCCESS
3982,4737.0,3276.94,INR,2026-03-19 05:22:08,SUCCESS
3983,1525.0,4732.22,INR,2026-03-04 04:54:16,FAILED
3984,3354.0,5658.52,INR,2026-05-28 12:52:01,PENDING
3985,3624.0,-3707.3,INR,2026-05-30 13:56:12,FAILED
3986,2500.0,9074.58,INR,2026-01-19 02:59:23,SUCCESS
3987,1379.0,2738.71,INR,2026-02-17 22:52:34,SUCCESS
3988,4206.0,2020.95,INR,2026-06-01 23:47:35,SUCCESS
3989,1836.0,8612.27,INR,2026-04-15 01:35:10,FAILED
3990,3005.0,6427.28,INR,2026-04-20 15:23:56,SUCCESS
3991,3760.0,5179.57,INR,2026-01-25 06:55:20,SUCCESS
3992,3612.0,-4744.02,INR,2026-01-30 18:38:39,FAILED
3993,2940.0,8369.51,INR,2026-02-28 17:50:47,PENDING
3994,4446.0,7243.85,INR,2026-04-03 18:15:20,PENDING
3995,3592.0,6178.65,INR,2026-05-01 02:43:10,SUCCESS
3996,,2172.88,INR,2026-01-31 18:16:39,FAILED
3997,1790.0,132.23,INR,2026-04-11 15:08:26,PENDING
3998,2450.0,5059.0,INR,2026-04-24 11:20:29,FAILED
3999,755.0,6348.86,INR,2026-02-06 06:17:44,PENDING
4000,3918.0,9078.51,INR,2026-04-22 07:24:48,PENDING
4001,2878.0,1980.41,INR,2026-06-08 09:38:06,SUCCESS
4002,2951.0,3981.73,INR,2026-06-10 16:55:48,FAILED
4003,1110.0,-563.9,INR,2026-06-09 19:18:46,FAILED
4004,3275.0,1298.19,INR,2026-01-30 13:45:11,FAILED
4005,3663.0,404.24,INR,2026-03-07 07:44:19,FAILED
4006,2187.0,6212.45,INR,2026-05-10 20:14:36,PENDING
4007,,6368.71,INR,2026-06-09 01:24:07,PENDING
4008,2653.0,4154.07,INR,2026-04-29 02:50:07,FAILED
4009,4504.0,1963.63,INR,2026-02-11 19:54:33,SUCCESS
4010,478.0,5066.79,INR,2026-01-05 19:35:16,FAILED
4011,1992.0,1185.04,INR,2026-01-13 11:28:50,PENDING
4012,1756.0,7882.71,INR,2026-03-22 00:57:39,SUCCESS
4013,4674.0,3088.83,INR,2026-04-03 17:34:00,PENDING
4014,4228.0,2213.91,INR,2026-03-16 10:24:04,FAILED
4015,4068.0,4699.69,INR,2026-05-23 10:55:08,PENDING
4016,3713.0,5432.55,INR,2026-01-25 14:05:21,SUCCESS
4017,3080.0,9104.88,INR,2026-02-25 03:07:44,PENDING
4018,86.0,116.76,INR,2026-01-25 15:19:06,SUCCESS
4019,,5195.48,INR,2026-03-14 01:06:07,SUCCESS
4020,4965.0,2525.37,INR,2026-02-24 01:04:44,FAILED
4021,2138.0,7694.91,INR,2026-05-24 03:43:19,PENDING
4022,556.0,2159.71,INR,2026-04-13 01:32:44,PENDING
4023,996.0,2889.32,INR,2026-02-16 06:26:57,SUCCESS
4024,670.0,7589.76,INR,2026-03-17 23:57:43,FAILED
4025,228.0,7307.91,INR,2026-03-05 05:49:37,PENDING
4026,,756.43,INR,2026-02-15 20:37:33,FAILED
4027,221.0,6884.01,INR,2026-05-31 06:06:33,PENDING
4028,1059.0,5076.72,INR,2026-03-23 18:28:01,PENDING
4029,2210.0,4318.69,INR,2026-01-21 21:02:32,PENDING
4030,1865.0,3101.34,INR,2026-01-01 14:30:13,SUCCESS
4031,682.0,4356.26,INR,2026-04-04 13:54:53,SUCCESS
4032,2765.0,8464.16,INR,2026-01-16 06:37:55,FAILED
4033,1490.0,9912.69,INR,2026-01-02 14:41:19,PENDING
4034,1757.0,6884.94,INR,2026-06-06 13:41:09,SUCCESS
4035,4302.0,7467.13,INR,2026-06-15 22:10:07,PENDING
4036,28.0,8165.94,INR,2026-01-15 04:34:52,PENDING
4037,1771.0,8574.09,INR,2026-04-12 02:12:38,PENDING
4038,3770.0,4071.8,INR,2026-04-05 13:47:18,SUCCESS
4039,3954.0,3439.76,INR,2026-05-24 18:59:19,SUCCESS
4040,3194.0,7123.43,INR,2026-02-08 08:25:00,SUCCESS
4041,4341.0,4465.16,INR,2026-02-17 18:11:09,FAILED
4042,3657.0,-461.5,INR,2026-04-27 12:22:44,FAILED
4043,4041.0,6293.34,INR,2026-01-19 02:46:28,SUCCESS
4044,4048.0,7375.81,INR,2026-05-29 05:41:02,PENDING
4045,3397.0,7663.74,INR,2026-04-23 02:54:03,PENDING
4046,180.0,2735.81,INR,2026-04-19 06:40:19,FAILED
4047,4975.0,9801.24,INR,2026-04-24 00:23:36,FAILED
4048,258.0,6453.45,INR,2026-02-09 17:57:50,SUCCESS
4049,3861.0,4490.26,INR,2026-02-17 10:53:25,FAILED
4050,4596.0,6761.05,INR,2026-04-29 16:33:10,SUCCESS
4051,830.0,5287.68,INR,2026-05-16 16:09:40,PENDING
4052,3725.0,9168.29,INR,2026-01-28 20:44:16,FAILED
4053,2045.0,3378.81,INR,2026-05-04 09:48:22,SUCCESS
4054,,9245.98,INR,2026-01-09 06:09:57,SUCCESS
4055,3428.0,8469.74,INR,2026-06-02 10:17:38,FAILED
4056,4447.0,2341.52,INR,2026-05-31 12:52:00,FAILED
4057,3353.0,7147.5,INR,2026-05-24 07:21:59,SUCCESS
4058,1283.0,2239.3,INR,2026-03-14 22:43:07,SUCCESS
4059,401.0,2042.19,INR,2026-01-13 17:23:44,SUCCESS
4060,4314.0,9420.48,INR,2026-04-05 11:19:20,FAILED
4061,1272.0,9891.71,INR,2026-04-24 16:30:13,PENDING
4062,2972.0,8814.21,INR,2026-04-23 16:38:11,FAILED
4063,2734.0,5944.1,INR,2026-05-25 23:22:23,PENDING
4064,541.0,9868.44,INR,2026-05-30 09:50:34,PENDING
4065,466.0,7563.29,INR,2026-01-23 05:03:01,SUCCESS
4066,1639.0,4147.87,INR,2026-02-27 14:08:17,SUCCESS
4067,4740.0,5840.69,INR,2026-04-22 17:56:37,PENDING
4068,251.0,6853.47,INR,2026-04-01 01:47:18,FAILED
4069,165.0,3258.24,INR,2026-03-01 12:49:09,PENDING
4070,4540.0,651.84,INR,2026-01-24 12:44:35,FAILED
4071,4598.0,1145.28,INR,2026-05-04 20:19:07,SUCCESS
4072,641.0,24.3,INR,2026-03-08 18:49:00,FAILED
4073,115.0,5882.34,INR,2026-02-06 11:31:08,PENDING
4074,4242.0,5522.68,INR,2026-02-06 02:20:02,FAILED
4075,4.0,3573.15,INR,2026-04-07 05:30:48,PENDING
4076,4599.0,2972.31,INR,2026-04-25 22:54:08,FAILED
4077,1601.0,3216.14,INR,2026-02-03 19:28:13,PENDING
4078,339.0,552.12,INR,2026-05-21 23:53:34,PENDING
4079,1141.0,3358.49,INR,2026-03-17 09:56:39,FAILED
4080,604.0,13.88,INR,2026-05-28 11:07:48,SUCCESS
4081,3055.0,7234.31,INR,2026-04-02 17:40:09,FAILED
4082,2896.0,3000.1,INR,2026-02-16 01:42:47,FAILED
4083,3799.0,2285.75,INR,2026-01-03 04:24:45,PENDING
4084,1143.0,6180.83,INR,2026-04-01 18:51:41,FAILED
4085,289.0,4352.63,INR,2026-03-08 06:42:11,SUCCESS
4086,3558.0,4118.43,INR,2026-01-23 07:01:04,PENDING
4087,2329.0,8622.33,INR,2026-05-06 14:58:33,FAILED
4088,4321.0,2837.65,INR,2026-05-28 10:56:54,SUCCESS
4089,4714.0,1374.0,INR,2026-02-19 11:04:14,SUCCESS
4090,89.0,-9116.29,INR,2026-01-17 21:23:39,SUCCESS
4091,,5738.82,INR,2026-05-15 10:06:59,PENDING
4092,1462.0,3376.45,INR,2026-01-12 00:29:11,FAILED
4093,2090.0,8781.55,INR,2026-01-06 21:31:01,SUCCESS
4094,3599.0,7181.11,INR,2026-04-01 22:23:28,PENDING
4095,1485.0,2695.47,INR,2026-02-24 07:12:54,SUCCESS
4096,3738.0,4775.62,INR,2026-02-01 18:55:36,FAILED
4097,3421.0,2258.36,INR,2026-04-09 17:09:25,SUCCESS
4098,1759.0,3656.02,INR,2026-06-06 23:29:36,SUCCESS
4099,1594.0,1493.99,INR,2026-02-28 07:06:22,SUCCESS
4100,4895.0,1676.91,INR,2026-04-18 06:29:56,FAILED
4101,2920.0,7894.76,INR,2026-01-22 22:55:29,SUCCESS
4102,4079.0,1339.02,INR,2026-03-23 19:52:33,FAILED
4103,1889.0,9934.21,INR,2026-02-08 02:35:32,PENDING
4104,659.0,8878.38,INR,2026-02-11 05:52:53,PENDING
4105,4463.0,9673.32,INR,2026-04-06 12:39:57,FAILED
4106,3177.0,9675.8,INR,2026-03-04 05:46:30,SUCCESS
4107,3321.0,6214.8,INR,2026-02-25 14:51:54,FAILED
4108,1825.0,9631.71,INR,2026-01-15 09:37:57,PENDING
4109,1036.0,4632.73,INR,2026-01-30 19:54:24,SUCCESS
4110,3243.0,185.5,INR,2026-03-23 05:19:09,FAILED
4111,2489.0,602.97,INR,invalid_date,PENDING
4112,,4141.96,INR,2026-04-20 09:52:03,SUCCESS
4113,1347.0,-3714.79,INR,2026-05-24 20:15:25,FAILED
4114,4612.0,-7902.56,INR,2026-03-03 07:37:10,PENDING
4115,404.0,6335.93,INR,2026-04-15 20:43:18,FAILED
4116,3508.0,7871.68,INR,2026-04-13 06:23:02,FAILED
4117,444.0,8469.55,INR,2026-05-04 14:59:32,SUCCESS
4118,650.0,-6803.52,INR,2026-01-02 03:02:30,PENDING
4119,3150.0,3320.66,INR,2026-02-23 19:57:07,SUCCESS
4120,2730.0,597.94,INR,2026-04-10 16:51:37,PENDING
4121,2354.0,8250.64,INR,2026-06-11 06:06:20,FAILED
4122,401.0,9462.68,INR,2026-05-02 14:17:35,SUCCESS
4123,1598.0,8470.23,INR,2026-04-27 08:53:18,PENDING
4124,1590.0,5957.21,INR,2026-02-19 12:11:23,SUCCESS
4125,2048.0,4557.99,INR,2026-05-14 11:18:36,SUCCESS
4126,4899.0,968.91,INR,2026-05-10 13:39:53,FAILED
4127,3280.0,2125.4,INR,2026-03-24 00:03:04,SUCCESS
4128,3184.0,8969.53,INR,2026-05-20 03:13:00,SUCCESS
4129,1439.0,8222.81,INR,2026-06-18 09:12:07,PENDING
4130,244.0,1997.05,INR,2026-05-05 00:58:27,SUCCESS
4131,4225.0,-284.85,INR,2026-04-27 04:11:49,SUCCESS
4132,2676.0,1675.36,INR,2026-04-21 00:53:43,SUCCESS
4133,4352.0,528.07,INR,2026-04-11 08:17:43,SUCCESS
4134,1518.0,6260.07,INR,2026-06-12 20:19:29,PENDING
4135,2920.0,2102.31,INR,2026-02-19 09:31:23,PENDING
4136,3016.0,1778.15,INR,2026-02-12 02:54:17,SUCCESS
4137,3441.0,9075.31,INR,2026-01-15 11:55:54,PENDING
4138,3417.0,7069.94,INR,2026-05-31 15:58:07,FAILED
4139,2323.0,254.2,INR,2026-01-17 06:49:27,SUCCESS
4140,1170.0,6638.97,INR,2026-01-07 01:30:47,PENDING
4141,3094.0,7905.49,INR,2026-06-07 04:09:23,FAILED
4142,308.0,5211.2,INR,2026-06-10 21:29:18,SUCCESS
4143,3580.0,7029.91,INR,2026-01-11 23:30:29,PENDING
4144,958.0,7917.2,INR,2026-03-17 23:45:14,PENDING
4145,127.0,5949.91,INR,2026-05-20 13:45:03,PENDING
4146,4860.0,8346.44,INR,2026-05-14 21:45:56,SUCCESS
4147,2031.0,1293.08,INR,2026-04-24 08:03:06,FAILED
4148,2991.0,9163.27,INR,2026-04-21 23:31:53,FAILED
4149,2510.0,7706.46,INR,2026-06-05 07:50:19,PENDING
4150,1057.0,1737.81,INR,2026-05-13 01:19:43,FAILED
4151,4243.0,7974.4,INR,2026-01-09 22:23:47,SUCCESS
4152,4038.0,9108.28,INR,2026-04-22 17:37:55,SUCCESS
4153,694.0,-6598.22,INR,2026-02-10 21:10:40,PENDING
4154,1433.0,3831.22,INR,2026-06-14 20:18:17,SUCCESS
4155,2863.0,2635.55,INR,2026-03-29 05:53:18,SUCCESS
4156,1031.0,2511.68,INR,2026-02-22 16:20:01,SUCCESS
4157,3953.0,5877.5,INR,2026-04-07 16:34:45,FAILED
4158,2450.0,568.05,INR,2026-02-13 08:03:29,SUCCESS
4159,196.0,1430.02,INR,2026-05-02 11:05:47,FAILED
4160,1609.0,4170.25,INR,2026-02-08 09:53:05,PENDING
4161,2615.0,1423.23,INR,2026-05-14 12:53:44,SUCCESS
4162,610.0,7735.49,INR,2026-02-14 07:10:11,FAILED
4163,144.0,4994.69,INR,2026-05-24 02:03:52,FAILED
4164,4782.0,-3968.26,INR,2026-06-03 05:58:18,FAILED
4165,1857.0,6052.89,INR,2026-04-04 00:42:24,FAILED
4166,2282.0,2425.36,INR,2026-02-02 09:26:02,SUCCESS
4167,2422.0,3627.09,INR,2026-03-21 00:16:16,SUCCESS
4168,39.0,-958.06,INR,2026-03-02 05:53:13,SUCCESS
4169,2975.0,8563.9,INR,2026-01-13 03:04:29,SUCCESS
4170,842.0,218.44,INR,2026-05-21 20:53:11,SUCCESS
4171,1163.0,5772.78,INR,2026-05-02 09:10:57,PENDING
4172,2508.0,7850.02,INR,2026-06-16 07:56:36,SUCCESS
4173,4451.0,2528.57,INR,2026-03-18 08:24:39,PENDING
4174,3635.0,6145.74,INR,2026-02-26 19:07:52,SUCCESS
4175,664.0,6795.79,INR,2026-04-11 00:08:52,SUCCESS
4176,4031.0,8140.6,INR,2026-02-04 12:20:53,PENDING
4177,416.0,4824.16,INR,2026-05-31 20:20:41,PENDING
4178,3579.0,4340.3,INR,2026-06-06 23:19:34,PENDING
4179,3547.0,7532.84,INR,2026-02-23 10:20:56,PENDING
4180,1539.0,4693.64,INR,2026-01-01 15:25:32,PENDING
4181,3482.0,1432.5,INR,2026-04-29 07:51:40,FAILED
4182,263.0,6946.46,INR,invalid_date,PENDING
4183,886.0,1928.23,INR,2026-06-08 06:05:15,SUCCESS
4184,3536.0,1808.09,INR,2026-01-30 01:38:11,PENDING
4185,3154.0,7038.09,INR,2026-06-17 12:14:23,FAILED
4186,4901.0,8910.49,INR,2026-04-15 16:15:24,FAILED
4187,4073.0,4473.06,INR,2026-06-02 23:19:13,FAILED
4188,3619.0,2943.86,INR,2026-01-05 18:09:25,SUCCESS
4189,3921.0,2054.22,INR,2026-04-27 03:21:46,SUCCESS
4190,1020.0,6595.9,INR,2026-03-08 23:21:01,PENDING
4191,,6174.61,INR,2026-04-11 23:44:00,SUCCESS
4192,4459.0,5889.38,INR,2026-05-15 08:24:11,FAILED
4193,2762.0,8189.98,INR,2026-02-15 07:41:52,PENDING
4194,1076.0,3328.71,INR,2026-02-09 21:30:46,FAILED
4195,2091.0,2041.72,INR,2026-03-19 08:24:54,FAILED
4196,1028.0,9698.48,INR,2026-02-12 16:23:09,SUCCESS
4197,3619.0,4100.31,INR,2026-01-07 15:48:59,SUCCESS
4198,4368.0,3957.01,INR,2026-05-07 22:01:06,SUCCESS
4199,2645.0,5289.12,INR,2026-03-22 22:53:22,FAILED
4200,3286.0,8053.68,INR,2026-01-11 22:29:08,PENDING
4201,1218.0,4363.49,INR,2026-01-17 13:43:07,FAILED
4202,417.0,3354.56,INR,2026-01-28 06:22:18,FAILED
4203,3584.0,1660.26,INR,2026-06-08 09:56:56,SUCCESS
4204,2947.0,2240.62,INR,2026-01-20 21:18:57,SUCCESS
4205,466.0,8961.1,INR,2026-06-13 07:05:47,PENDING
4206,4115.0,8537.23,INR,2026-01-19 18:55:46,FAILED
4207,,917.67,INR,2026-02-27 03:17:40,PENDING
4208,4966.0,8626.64,INR,2026-04-18 23:13:47,SUCCESS
4209,1832.0,7082.9,INR,2026-02-09 11:39:51,FAILED
4210,221.0,7195.09,INR,2026-03-11 14:18:47,FAILED
4211,4462.0,7891.12,INR,2026-05-20 07:06:09,SUCCESS
4212,4753.0,3460.85,INR,2026-02-25 09:54:14,PENDING
4213,3823.0,1198.21,INR,2026-01-21 02:09:41,SUCCESS
4214,1106.0,1456.64,INR,2026-03-27 21:47:51,FAILED
4215,4483.0,7035.0,INR,2026-05-16 05:42:22,SUCCESS
4216,2252.0,4980.79,INR,2026-03-02 04:17:15,FAILED
4217,3526.0,3271.74,INR,2026-06-06 19:08:16,PENDING
4218,3302.0,2057.78,INR,2026-01-25 13:06:25,PENDING
4219,4595.0,6213.98,INR,2026-02-14 12:51:32,SUCCESS
4220,4201.0,1498.59,INR,2026-04-16 21:24:15,FAILED
4221,4128.0,939.61,INR,2026-03-23 01:46:53,SUCCESS
4222,754.0,1512.4,INR,2026-04-12 23:07:11,SUCCESS
4223,3124.0,8955.64,INR,2026-04-06 04:40:14,PENDING
4224,3715.0,-8779.17,INR,2026-02-23 11:14:37,PENDING
4225,4422.0,3332.64,INR,2026-02-20 14:23:42,PENDING
4226,2474.0,614.8,INR,2026-03-04 20:30:17,FAILED
4227,3781.0,409.41,INR,2026-02-27 22:28:09,PENDING
4228,3051.0,6527.89,INR,2026-03-12 13:41:14,SUCCESS
4229,4399.0,2647.87,INR,2026-05-23 12:12:35,PENDING
4230,551.0,2102.79,INR,2026-03-26 21:56:27,SUCCESS
4231,4972.0,5616.32,INR,2026-02-02 12:45:51,FAILED
4232,3557.0,3342.14,INR,2026-03-31 23:56:13,FAILED
4233,3764.0,9812.85,INR,2026-03-06 10:46:19,PENDING
4234,1041.0,4846.0,INR,2026-04-24 08:44:15,FAILED
4235,1682.0,6522.59,INR,2026-05-17 01:32:23,FAILED
4236,1840.0,2552.51,INR,2026-03-20 00:47:03,PENDING
4237,3075.0,386.78,INR,2026-01-30 22:17:31,FAILED
4238,1849.0,3073.72,INR,2026-01-19 14:36:08,FAILED
4239,2223.0,3608.24,INR,2026-05-18 13:57:27,PENDING
4240,4771.0,5787.18,INR,2026-05-22 05:52:37,SUCCESS
4241,3447.0,9533.31,INR,2026-01-11 14:50:16,PENDING
4242,,4020.78,INR,2026-04-03 13:08:30,FAILED
4243,4747.0,7950.23,INR,2026-03-24 15:20:13,SUCCESS
4244,4875.0,5018.61,INR,2026-01-26 17:55:16,FAILED
4245,2821.0,-8067.01,INR,2026-05-27 14:30:22,FAILED
4246,519.0,2261.01,INR,2026-04-16 19:36:16,PENDING
4247,3918.0,4041.95,INR,2026-02-15 12:31:13,SUCCESS
4248,2088.0,6952.72,INR,2026-05-10 06:27:24,FAILED
4249,2208.0,7723.12,INR,2026-05-17 18:17:12,SUCCESS
4250,689.0,9395.0,INR,2026-01-24 23:08:30,FAILED
4251,2576.0,9577.72,INR,2026-06-07 19:06:22,SUCCESS
4252,1728.0,8372.33,INR,2026-02-01 16:45:07,SUCCESS
4253,2749.0,2830.81,INR,2026-02-10 11:04:38,FAILED
4254,4847.0,7255.79,INR,2026-06-13 09:30:17,PENDING
4255,3527.0,3255.75,INR,2026-02-25 06:48:29,PENDING
4256,3289.0,2060.78,INR,2026-05-05 03:07:13,PENDING
4257,2604.0,4459.25,INR,2026-01-24 07:33:05,FAILED
4258,1593.0,3874.17,INR,2026-01-30 04:28:04,FAILED
4259,4763.0,4178.58,INR,2026-05-01 02:13:23,SUCCESS
4260,4329.0,8620.17,INR,2026-03-30 06:05:27,PENDING
4261,1108.0,4143.92,INR,2026-04-01 06:43:32,SUCCESS
4262,3673.0,7414.73,INR,2026-01-05 18:12:14,SUCCESS
4263,58.0,-5639.12,INR,2026-06-11 02:23:56,SUCCESS
4264,2615.0,9021.43,INR,2026-06-12 17:56:03,FAILED
4265,1087.0,6096.63,INR,2026-04-28 22:02:29,FAILED
4266,4424.0,1397.89,INR,2026-01-12 19:40:48,FAILED
4267,418.0,9203.63,INR,2026-04-14 21:55:39,PENDING
4268,3711.0,5835.66,INR,2026-03-11 03:13:17,FAILED
4269,,9326.83,INR,invalid_date,FAILED
4270,1195.0,4079.64,INR,2026-03-27 07:28:41,SUCCESS
4271,318.0,5170.7,INR,2026-01-03 00:41:19,PENDING
4272,311.0,8873.49,INR,2026-05-12 06:39:24,FAILED
4273,207.0,6455.55,INR,2026-02-21 07:14:21,PENDING
4274,904.0,2432.55,INR,2026-05-15 23:03:27,PENDING
4275,4365.0,998.62,INR,2026-05-14 20:12:59,FAILED
4276,3193.0,5447.63,INR,2026-05-17 21:39:30,SUCCESS
4277,1354.0,6421.4,INR,2026-04-11 08:31:42,FAILED
4278,1451.0,1961.84,INR,2026-01-25 03:24:58,FAILED
4279,732.0,8454.57,INR,2026-06-07 19:02:18,FAILED
4280,3093.0,7716.89,INR,2026-01-14 23:08:34,PENDING
4281,,9828.73,INR,2026-05-23 14:54:30,FAILED
4282,3738.0,2709.76,INR,2026-03-27 20:08:07,FAILED
4283,2359.0,1698.58,INR,2026-06-09 17:07:03,SUCCESS
4284,491.0,2998.13,INR,2026-02-13 13:11:39,SUCCESS
4285,,2828.86,INR,2026-04-10 02:43:58,FAILED
4286,3853.0,7626.82,INR,2026-02-18 15:35:39,PENDING
4287,1358.0,9565.7,INR,2026-05-09 17:32:17,SUCCESS
4288,2316.0,196.2,INR,2026-03-16 01:42:24,PENDING
4289,774.0,7707.32,INR,2026-03-19 18:14:11,PENDING
4290,4095.0,2059.93,INR,2026-01-18 15:56:31,PENDING
4291,483.0,7041.71,INR,2026-06-08 19:30:29,FAILED
4292,,6575.97,INR,2026-03-02 13:39:06,FAILED
4293,2154.0,1986.62,INR,2026-01-24 21:39:37,PENDING
4294,,3022.49,INR,2026-03-30 12:35:12,SUCCESS
4295,288.0,770.23,INR,2026-02-18 00:29:37,FAILED
4296,3542.0,3255.0,INR,2026-03-20 18:25:33,PENDING
4297,1438.0,7475.54,INR,2026-02-07 00:03:39,FAILED
4298,2465.0,1281.38,INR,2026-01-16 19:57:59,SUCCESS
4299,2497.0,7704.98,INR,2026-04-21 21:33:50,FAILED
4300,1859.0,5135.93,INR,2026-01-03 20:20:02,SUCCESS
4301,1079.0,8442.99,INR,2026-02-21 01:07:59,FAILED
4302,4709.0,382.58,INR,invalid_date,FAILED
4303,1531.0,7332.79,INR,2026-06-09 00:12:45,PENDING
4304,2636.0,1080.11,INR,2026-04-22 03:46:51,PENDING
4305,367.0,5321.16,INR,2026-01-02 19:09:39,FAILED
4306,4360.0,9295.94,INR,2026-05-08 22:34:34,SUCCESS
4307,1405.0,3137.51,INR,2026-01-01 05:34:43,SUCCESS
4308,1205.0,7038.83,INR,2026-03-05 13:55:11,PENDING
4309,1816.0,7546.81,INR,2026-04-02 18:00:33,FAILED
4310,2095.0,-9405.38,INR,2026-01-16 23:36:32,SUCCESS
4311,2481.0,4036.25,INR,2026-01-10 00:37:56,FAILED
4312,,7714.7,INR,2026-03-25 06:04:36,SUCCESS
4313,454.0,3056.37,INR,2026-02-15 23:46:09,FAILED
4314,2702.0,4871.22,INR,2026-03-17 01:14:43,PENDING
4315,1456.0,4797.51,INR,2026-06-02 06:49:59,FAILED
4316,3365.0,8574.91,INR,2026-03-25 23:07:27,SUCCESS
4317,1192.0,3402.17,INR,2026-02-23 12:16:41,FAILED
4318,3217.0,8478.82,INR,2026-01-05 05:02:20,SUCCESS
4319,1113.0,6130.25,INR,2026-05-11 15:04:06,SUCCESS
4320,52.0,4769.72,INR,2026-03-29 02:30:01,FAILED
4321,4797.0,5610.74,INR,2026-06-04 07:29:30,SUCCESS
4322,2335.0,6652.73,INR,2026-02-01 10:41:32,PENDING
4323,2588.0,5543.97,INR,2026-01-05 18:15:30,SUCCESS
4324,2579.0,4410.92,INR,2026-02-18 02:07:42,FAILED
4325,3896.0,7913.79,INR,2026-04-29 13:03:36,PENDING
4326,1541.0,-6956.43,INR,2026-04-27 13:14:14,PENDING
4327,1375.0,8316.64,INR,2026-03-14 17:04:07,SUCCESS
4328,818.0,8149.07,INR,2026-02-26 13:59:08,SUCCESS
4329,1048.0,8105.75,INR,2026-02-13 20:29:25,SUCCESS
4330,174.0,3031.99,INR,2026-03-04 19:06:42,SUCCESS
4331,1554.0,8808.76,INR,2026-05-23 19:01:40,SUCCESS
4332,31.0,5364.06,INR,2026-03-20 04:09:33,FAILED
4333,3921.0,3539.65,INR,2026-02-10 05:32:15,FAILED
4334,3739.0,7587.95,INR,2026-06-01 14:41:16,FAILED
4335,3791.0,1229.16,INR,2026-03-26 18:58:18,FAILED
4336,3639.0,4782.13,INR,2026-02-24 04:24:27,SUCCESS
4337,283.0,3240.24,INR,2026-06-08 20:12:56,FAILED
4338,2914.0,2246.79,INR,2026-02-03 16:50:52,FAILED
4339,3386.0,5430.83,INR,2026-02-05 17:42:10,SUCCESS
4340,4535.0,6917.18,INR,2026-03-19 21:27:40,FAILED
4341,1026.0,413.7,INR,2026-02-04 23:11:59,PENDING
4342,843.0,9941.46,INR,2026-05-09 07:16:51,FAILED
4343,3824.0,7896.53,INR,2026-06-10 14:20:30,PENDING
4344,2262.0,5140.52,INR,2026-02-14 05:16:18,FAILED
4345,2170.0,254.88,INR,2026-04-08 14:54:25,FAILED
4346,2444.0,9663.83,INR,2026-03-12 22:19:47,FAILED
4347,3723.0,5883.18,INR,2026-01-10 18:08:20,SUCCESS
4348,3675.0,7545.26,INR,2026-01-15 19:28:44,FAILED
4349,4750.0,4652.45,INR,2026-02-22 05:58:10,SUCCESS
4350,4392.0,951.07,INR,2026-01-08 12:37:17,FAILED
4351,2063.0,5804.31,INR,2026-03-24 09:19:13,PENDING
4352,3607.0,4270.46,INR,2026-03-17 10:45:38,PENDING
4353,1981.0,6662.64,INR,2026-05-06 10:07:19,SUCCESS
4354,2996.0,835.15,INR,2026-05-24 21:58:51,FAILED
4355,1294.0,7347.91,INR,2026-01-07 23:26:50,FAILED
4356,2751.0,7875.11,INR,2026-05-24 21:21:03,FAILED
4357,3985.0,343.23,INR,2026-06-18 07:37:12,PENDING
4358,1437.0,9381.94,INR,2026-04-12 02:00:51,PENDING
4359,1728.0,3144.52,INR,2026-03-14 13:27:23,SUCCESS
4360,2664.0,5693.98,INR,2026-01-10 18:45:21,FAILED
4361,4916.0,2641.42,INR,2026-06-12 13:20:57,FAILED
4362,4306.0,6776.11,INR,invalid_date,FAILED
4363,372.0,7018.49,INR,2026-02-21 15:21:20,FAILED
4364,2778.0,2085.17,INR,2026-03-20 08:37:04,SUCCESS
4365,2510.0,9295.58,INR,2026-02-28 10:39:25,SUCCESS
4366,4252.0,9644.93,INR,2026-03-24 22:28:08,FAILED
4367,4391.0,1533.15,INR,2026-06-05 04:48:48,PENDING
4368,1508.0,7300.17,INR,2026-02-26 09:38:16,SUCCESS
4369,,8384.69,INR,2026-01-07 12:29:53,SUCCESS
4370,4759.0,6649.79,INR,2026-03-04 14:44:12,PENDING
4371,173.0,809.4,INR,2026-02-11 01:59:46,SUCCESS
4372,4579.0,4850.22,INR,2026-01-07 00:04:51,SUCCESS
4373,3670.0,4395.93,INR,2026-01-08 03:05:52,FAILED
4374,3601.0,1576.27,INR,2026-04-03 09:10:24,FAILED
4375,165.0,2790.48,INR,2026-05-29 07:37:51,SUCCESS
4376,3510.0,4436.96,INR,2026-02-16 07:16:15,PENDING
4377,2177.0,3490.95,INR,invalid_date,FAILED
4378,3540.0,4967.93,INR,2026-04-22 18:59:36,FAILED
4379,331.0,5226.76,INR,2026-04-22 19:27:04,FAILED
4380,4893.0,5951.49,INR,invalid_date,PENDING
4381,2211.0,7838.68,INR,2026-01-17 11:24:42,PENDING
4382,3383.0,3068.21,INR,2026-06-05 23:27:36,FAILED
4383,514.0,9419.06,INR,2026-02-11 09:54:37,FAILED
4384,134.0,5384.97,INR,2026-02-22 04:10:35,PENDING
4385,4177.0,5187.71,INR,2026-02-03 10:56:05,SUCCESS
4386,1994.0,-16.7,INR,2026-02-04 09:57:32,PENDING
4387,3951.0,1623.7,INR,2026-05-25 21:08:24,PENDING
4388,13.0,917.99,INR,2026-04-30 09:07:26,SUCCESS
4389,4998.0,8702.99,INR,2026-04-02 02:31:53,SUCCESS
4390,4816.0,4253.87,INR,2026-01-07 07:11:41,SUCCESS
4391,4953.0,-8900.89,INR,2026-04-28 00:19:16,PENDING
4392,3237.0,6350.53,INR,2026-03-17 00:04:33,SUCCESS
4393,299.0,6469.34,INR,2026-05-10 08:45:22,FAILED
4394,2780.0,6538.66,INR,2026-05-01 06:58:53,PENDING
4395,363.0,8426.83,INR,2026-02-25 09:45:08,SUCCESS
4396,3574.0,6991.19,INR,2026-04-30 00:47:17,PENDING
4397,2916.0,4944.71,INR,2026-02-15 03:09:23,FAILED
4398,2957.0,4630.44,INR,2026-06-12 07:17:47,SUCCESS
4399,2266.0,130.39,INR,2026-01-14 09:33:58,SUCCESS
4400,,6183.02,INR,2026-01-01 08:01:19,PENDING
4401,2411.0,2107.05,INR,2026-02-23 10:04:32,PENDING
4402,352.0,6725.23,INR,2026-06-07 09:30:35,FAILED
4403,2637.0,9540.31,INR,2026-05-17 04:26:34,SUCCESS
4404,4480.0,6173.93,INR,2026-01-13 05:26:57,SUCCESS
4405,1522.0,7455.34,INR,2026-02-22 15:32:51,SUCCESS
4406,1887.0,5174.09,INR,2026-05-23 05:47:43,SUCCESS
4407,,4223.05,INR,2026-01-16 02:26:58,FAILED
4408,52.0,2692.57,INR,2026-02-07 13:02:58,PENDING
4409,3257.0,1293.03,INR,2026-04-22 20:28:42,FAILED
4410,3440.0,486.12,INR,2026-05-05 01:40:17,PENDING
4411,3566.0,7124.15,INR,2026-02-02 07:45:33,SUCCESS
4412,,2581.18,INR,2026-04-13 12:14:19,FAILED
4413,1812.0,1157.55,INR,2026-05-29 00:07:25,FAILED
4414,2699.0,5293.66,INR,2026-06-08 09:30:33,FAILED
4415,4082.0,1335.18,INR,2026-01-03 07:45:47,FAILED
4416,1670.0,4779.72,INR,2026-02-27 02:45:34,PENDING
4417,1785.0,7659.56,INR,2026-05-09 19:36:00,FAILED
4418,4136.0,9503.47,INR,2026-04-27 19:16:00,SUCCESS
4419,3426.0,7042.21,INR,2026-06-11 23:57:04,FAILED
4420,3128.0,5834.47,INR,2026-02-01 06:59:00,SUCCESS
4421,2765.0,4195.33,INR,2026-03-24 21:26:34,PENDING
4422,2359.0,7686.93,INR,2026-04-01 19:38:52,PENDING
4423,2175.0,1077.92,INR,2026-04-11 13:11:06,FAILED
4424,4926.0,3901.67,INR,2026-03-25 12:05:40,SUCCESS
4425,255.0,5726.59,INR,2026-02-24 21:18:41,PENDING
4426,3935.0,5560.99,INR,2026-05-08 02:06:43,PENDING
4427,4371.0,6472.25,INR,2026-02-03 13:28:58,SUCCESS
4428,3955.0,4207.99,INR,2026-03-18 15:05:50,FAILED
4429,3673.0,2884.63,INR,2026-02-18 13:55:29,SUCCESS
4430,336.0,622.71,INR,2026-04-01 00:27:45,PENDING
4431,4596.0,1764.77,INR,2026-04-08 07:28:23,PENDING
4432,3810.0,-8452.78,INR,2026-05-23 03:41:11,SUCCESS
4433,3001.0,2333.88,INR,2026-04-28 15:10:45,FAILED
4434,3178.0,4995.45,INR,2026-03-25 22:18:54,PENDING
4435,2386.0,8266.87,INR,2026-01-27 23:52:07,FAILED
4436,4012.0,214.28,INR,2026-03-21 18:51:23,PENDING
4437,4859.0,3498.55,INR,2026-01-15 22:18:25,PENDING
4438,623.0,2351.31,INR,2026-03-08 18:55:42,SUCCESS
4439,385.0,5387.11,INR,2026-01-12 15:44:27,SUCCESS
4440,4058.0,2313.02,INR,2026-05-28 08:13:09,PENDING
4441,2616.0,9777.26,INR,2026-06-19 10:50:16,PENDING
4442,4307.0,3424.61,INR,2026-04-01 18:59:47,FAILED
4443,4068.0,2930.56,INR,2026-05-05 05:02:54,PENDING
4444,3809.0,2159.07,INR,2026-05-30 07:29:46,FAILED
4445,1694.0,-9380.66,INR,2026-06-18 21:03:59,FAILED
4446,,4132.47,INR,2026-02-25 22:45:37,FAILED
4447,3366.0,516.23,INR,2026-03-25 23:09:37,PENDING
4448,2739.0,-8746.24,INR,2026-06-13 12:31:27,PENDING
4449,3227.0,1880.11,INR,2026-02-17 14:01:32,FAILED
4450,3064.0,5863.96,INR,invalid_date,FAILED
4451,906.0,308.41,INR,2026-02-07 22:46:51,FAILED
4452,3903.0,-3165.16,INR,invalid_date,FAILED
4453,4410.0,3829.19,INR,2026-05-10 16:53:15,FAILED
4454,2399.0,1534.74,INR,2026-04-15 21:04:40,PENDING
4455,4867.0,5978.78,INR,2026-06-04 03:16:41,FAILED
4456,3868.0,1018.6,INR,2026-01-26 18:31:16,SUCCESS
4457,2800.0,2203.92,INR,2026-05-06 13:51:49,FAILED
4458,4804.0,8256.8,INR,2026-01-05 18:39:36,SUCCESS
4459,1227.0,9866.08,INR,2026-03-09 19:33:28,PENDING
4460,,1246.98,INR,2026-03-14 14:00:05,FAILED
4461,1251.0,8872.92,INR,2026-03-04 06:59:20,SUCCESS
4462,2583.0,9145.46,INR,2026-02-08 08:29:01,SUCCESS
4463,3349.0,9385.53,INR,2026-01-14 15:53:50,SUCCESS
4464,2356.0,1740.92,INR,2026-02-05 13:10:39,FAILED
4465,2245.0,6551.32,INR,2026-04-12 09:13:46,FAILED
4466,4914.0,1791.3,INR,2026-05-24 10:57:31,FAILED
4467,1218.0,4844.89,INR,2026-01-06 11:28:36,FAILED
4468,765.0,-8423.77,INR,2026-04-16 02:28:22,FAILED
4469,4050.0,7970.0,INR,2026-03-16 04:17:13,SUCCESS
4470,2482.0,987.3,INR,2026-02-04 10:07:51,FAILED
4471,2764.0,6998.9,INR,2026-01-12 06:11:41,FAILED
4472,279.0,6682.09,INR,2026-03-24 23:59:57,PENDING
4473,1350.0,6116.85,INR,2026-05-01 06:20:00,SUCCESS
4474,2622.0,5878.95,INR,2026-04-15 19:23:08,SUCCESS
4475,1457.0,1187.84,INR,2026-03-08 08:41:24,FAILED
4476,4409.0,9994.39,INR,2026-01-21 08:23:10,SUCCESS
4477,660.0,6743.54,INR,2026-01-11 05:54:03,FAILED
4478,3648.0,5729.48,INR,2026-02-28 07:43:41,SUCCESS
4479,4872.0,9223.7,INR,2026-02-23 16:25:22,SUCCESS
4480,2482.0,-6842.88,INR,2026-05-19 10:43:10,PENDING
4481,3953.0,3029.0,INR,2026-03-11 17:56:31,FAILED
4482,4333.0,392.05,INR,2026-02-06 19:28:02,SUCCESS
4483,3771.0,5086.72,INR,2026-04-09 15:55:32,FAILED
4484,830.0,1800.16,INR,2026-05-12 16:03:22,FAILED
4485,499.0,698.63,INR,invalid_date,PENDING
4486,1794.0,8662.17,INR,2026-02-17 04:18:46,PENDING
4487,2079.0,1742.91,INR,2026-05-26 23:15:41,FAILED
4488,1413.0,-1743.83,INR,2026-02-08 08:20:28,SUCCESS
4489,1318.0,3896.91,INR,2026-05-29 03:05:11,PENDING
4490,2364.0,760.48,INR,2026-05-29 01:09:36,PENDING
4491,1452.0,2084.65,INR,2026-04-01 23:42:17,FAILED
4492,4479.0,3364.23,INR,2026-01-11 01:49:23,FAILED
4493,1180.0,5199.04,INR,2026-01-12 23:09:27,PENDING
4494,2788.0,2373.66,INR,2026-06-02 18:19:59,FAILED
4495,4403.0,7640.09,INR,2026-06-06 13:49:33,PENDING
4496,3514.0,9545.83,INR,2026-02-06 02:13:50,FAILED
4497,570.0,4160.09,INR,2026-04-09 18:09:17,SUCCESS
4498,3335.0,383.75,INR,2026-06-12 06:41:07,SUCCESS
4499,2141.0,4335.47,INR,2026-03-09 13:36:55,SUCCESS
4500,1931.0,9851.91,INR,2026-05-08 21:21:35,PENDING
4501,4898.0,5439.15,INR,2026-02-14 15:44:17,FAILED
4502,1423.0,-6312.64,INR,2026-02-17 07:22:25,PENDING
4503,367.0,639.71,INR,2026-04-08 08:19:39,FAILED
4504,3464.0,3012.31,INR,invalid_date,PENDING
4505,,7587.89,INR,2026-04-01 04:42:52,FAILED
4506,4247.0,5740.27,INR,2026-05-09 22:51:02,PENDING
4507,2854.0,6971.71,INR,2026-05-29 15:25:31,FAILED
4508,138.0,4458.92,INR,2026-02-13 04:39:09,FAILED
4509,2662.0,621.19,INR,2026-05-07 17:40:49,SUCCESS
4510,3048.0,852.94,INR,2026-05-28 08:49:40,PENDING
4511,1591.0,2123.16,INR,2026-03-13 10:27:37,FAILED
4512,,2662.08,INR,2026-03-28 20:35:08,FAILED
4513,3039.0,356.5,INR,2026-03-15 12:16:13,PENDING
4514,4241.0,2292.31,INR,2026-02-15 20:54:22,PENDING
4515,1245.0,4175.6,INR,2026-05-21 00:34:46,FAILED
4516,3647.0,2440.33,INR,2026-04-27 12:44:14,SUCCESS
4517,685.0,1384.81,INR,2026-03-30 08:26:25,SUCCESS
4518,2111.0,7701.05,INR,2026-05-20 18:10:15,PENDING
4519,2579.0,1549.14,INR,2026-02-13 04:18:04,PENDING
4520,794.0,6625.3,INR,2026-03-18 09:13:12,SUCCESS
4521,,8862.21,INR,2026-04-22 10:06:01,SUCCESS
4522,3036.0,6435.4,INR,2026-03-06 22:32:09,SUCCESS
4523,3953.0,6037.19,INR,2026-04-06 14:24:45,SUCCESS
4524,1798.0,8729.65,INR,2026-05-09 21:36:46,PENDING
4525,2097.0,2152.55,INR,2026-05-10 16:11:10,PENDING
4526,4158.0,2553.01,INR,2026-06-03 04:32:35,SUCCESS
4527,1016.0,9819.77,INR,2026-01-25 03:14:55,SUCCESS
4528,1373.0,5697.57,INR,2026-03-05 07:04:47,SUCCESS
4529,152.0,-2486.15,INR,2026-06-01 12:20:06,PENDING
4530,4104.0,2791.25,INR,2026-05-01 06:56:46,PENDING
4531,4625.0,6235.39,INR,2026-06-01 07:40:18,FAILED
4532,4701.0,483.65,INR,2026-04-24 15:28:41,PENDING
4533,3138.0,9194.92,INR,2026-04-03 14:59:43,PENDING
4534,3439.0,8902.22,INR,2026-03-31 03:47:14,PENDING
4535,1992.0,1135.29,INR,2026-02-19 15:53:20,SUCCESS
4536,1792.0,3146.81,INR,2026-06-16 01:11:31,FAILED
4537,1098.0,7287.31,INR,2026-02-15 03:31:34,PENDING
4538,2897.0,8571.05,INR,2026-06-03 06:59:15,FAILED
4539,641.0,7847.67,INR,2026-05-19 12:17:13,FAILED
4540,4097.0,9491.35,INR,2026-06-03 05:30:39,SUCCESS
4541,178.0,1114.63,INR,2026-03-25 00:32:22,PENDING
4542,2469.0,-9062.07,INR,2026-02-05 21:43:59,SUCCESS
4543,509.0,9138.14,INR,2026-05-06 05:34:50,FAILED
4544,4260.0,3102.67,INR,2026-01-18 11:52:10,PENDING
4545,3159.0,5489.98,INR,2026-04-30 15:24:24,SUCCESS
4546,1841.0,5300.1,INR,2026-03-30 21:57:05,PENDING
4547,1442.0,6520.54,INR,2026-01-08 02:36:14,SUCCESS
4548,528.0,2893.05,INR,2026-04-17 05:00:44,SUCCESS
4549,4075.0,7584.16,INR,2026-03-22 19:04:53,FAILED
4550,3727.0,5947.56,INR,2026-03-31 00:48:43,FAILED
4551,4730.0,5260.82,INR,2026-04-19 16:55:11,PENDING
4552,4249.0,5636.6,INR,2026-01-15 21:54:19,PENDING
4553,1186.0,4062.59,INR,2026-06-14 22:39:41,PENDING
4554,4518.0,5095.12,INR,2026-01-02 06:56:13,FAILED
4555,3469.0,4251.25,INR,2026-03-28 12:11:13,SUCCESS
4556,2804.0,7099.28,INR,2026-05-14 17:48:30,PENDING
4557,1471.0,2884.7,INR,2026-02-27 21:41:47,SUCCESS
4558,877.0,-7190.0,INR,2026-03-06 20:14:35,PENDING
4559,3127.0,2283.71,INR,2026-01-18 10:17:34,PENDING
4560,2389.0,8531.72,INR,2026-02-06 03:42:46,PENDING
4561,4379.0,1653.99,INR,2026-01-12 16:47:18,FAILED
4562,4237.0,9772.67,INR,2026-03-15 23:04:46,SUCCESS
4563,4795.0,6147.06,INR,2026-02-25 18:33:50,PENDING
4564,4377.0,3051.46,INR,2026-06-07 05:58:41,PENDING
4565,2902.0,2810.11,INR,2026-03-11 19:22:22,SUCCESS
4566,2175.0,4407.27,INR,2026-05-11 18:10:30,SUCCESS
4567,3395.0,-7242.48,INR,2026-03-31 09:12:42,FAILED
4568,3514.0,9267.96,INR,2026-02-27 02:45:10,PENDING
4569,2712.0,5645.37,INR,2026-06-19 12:29:27,FAILED
4570,1150.0,6030.66,INR,2026-01-16 05:18:29,SUCCESS
4571,4193.0,839.98,INR,2026-04-23 05:31:59,PENDING
4572,4629.0,5513.82,INR,2026-02-11 07:12:18,PENDING
4573,3356.0,3785.15,INR,2026-05-26 10:42:22,PENDING
4574,2171.0,7352.25,INR,2026-04-30 05:26:09,PENDING
4575,3988.0,6705.4,INR,2026-05-21 13:01:30,FAILED
4576,4742.0,8907.3,INR,2026-03-22 09:56:44,FAILED
4577,1150.0,2546.64,INR,invalid_date,SUCCESS
4578,4768.0,3426.52,INR,2026-03-15 01:29:41,SUCCESS
4579,2216.0,2091.74,INR,2026-05-15 00:53:39,FAILED
4580,3002.0,7846.7,INR,2026-01-30 03:10:24,PENDING
4581,973.0,-9626.3,INR,2026-06-18 07:39:24,PENDING
4582,2450.0,6687.77,INR,2026-05-23 21:06:27,SUCCESS
4583,2926.0,7581.76,INR,2026-01-01 03:10:03,SUCCESS
4584,3910.0,8776.6,INR,2026-02-12 10:59:32,SUCCESS
4585,3814.0,3743.17,INR,2026-02-22 03:53:10,PENDING
4586,2514.0,6339.69,INR,2026-02-18 02:58:14,FAILED
4587,2984.0,3282.66,INR,2026-06-01 17:46:52,PENDING
4588,3224.0,6077.5,INR,2026-03-26 08:11:42,SUCCESS
4589,2331.0,5900.41,INR,2026-04-07 00:32:31,PENDING
4590,3160.0,3186.09,INR,2026-01-19 16:31:16,FAILED
4591,3984.0,3620.48,INR,2026-05-13 06:17:46,SUCCESS
4592,1053.0,9963.65,INR,2026-06-15 02:56:18,FAILED
4593,115.0,5132.37,INR,2026-03-12 13:17:14,SUCCESS
4594,2447.0,7069.24,INR,2026-01-27 21:53:27,FAILED
4595,874.0,8538.29,INR,2026-04-11 11:56:35,PENDING
4596,1452.0,489.48,INR,2026-04-11 08:59:16,PENDING
4597,2690.0,5160.64,INR,2026-05-24 04:08:40,FAILED
4598,2677.0,-1665.84,INR,2026-06-13 12:10:12,SUCCESS
4599,4375.0,2963.95,INR,2026-04-17 15:03:32,SUCCESS
4600,4200.0,607.13,INR,2026-04-13 22:37:38,SUCCESS
4601,3119.0,2203.85,INR,2026-02-04 00:13:18,PENDING
4602,1914.0,758.08,INR,2026-02-03 08:12:28,PENDING
4603,714.0,3628.88,INR,2026-01-23 14:19:28,FAILED
4604,2771.0,9383.04,INR,2026-02-22 12:22:50,PENDING
4605,1896.0,7345.28,INR,2026-02-04 10:36:04,FAILED
4606,1618.0,1486.92,INR,2026-01-27 04:02:29,SUCCESS
4607,4675.0,2238.42,INR,2026-02-21 08:19:50,SUCCESS
4608,1701.0,5845.78,INR,2026-05-31 23:13:48,SUCCESS
4609,2938.0,2658.55,INR,2026-04-06 01:20:10,SUCCESS
4610,930.0,3229.84,INR,2026-06-07 16:31:52,PENDING
4611,1772.0,6990.34,INR,2026-03-25 17:41:31,SUCCESS
4612,3124.0,1296.83,INR,2026-04-07 23:54:11,PENDING
4613,710.0,8768.69,INR,invalid_date,PENDING
4614,3070.0,925.82,INR,2026-05-13 08:23:30,FAILED
4615,2347.0,3697.69,INR,2026-06-13 09:14:44,FAILED
4616,3159.0,-4414.61,INR,2026-02-27 07:09:11,PENDING
4617,3846.0,3939.25,INR,2026-05-17 14:31:15,FAILED
4618,3670.0,3043.41,INR,2026-04-19 06:34:10,SUCCESS
4619,2824.0,8970.01,INR,2026-02-18 01:00:40,SUCCESS
4620,2203.0,5350.62,INR,2026-06-04 22:09:30,PENDING
4621,2764.0,699.39,INR,2026-02-02 08:05:08,SUCCESS
4622,988.0,1715.89,INR,2026-06-06 09:34:38,FAILED
4623,4286.0,1382.28,INR,invalid_date,SUCCESS
4624,1320.0,7870.78,INR,2026-04-14 02:46:09,PENDING
4625,3126.0,4551.02,INR,2026-04-02 13:47:31,SUCCESS
4626,610.0,3238.68,INR,2026-03-08 06:54:39,SUCCESS
4627,490.0,9892.67,INR,2026-01-21 15:50:54,FAILED
4628,4045.0,2349.06,INR,2026-06-12 02:02:49,PENDING
4629,1285.0,3793.53,INR,2026-06-19 00:58:12,FAILED
4630,4882.0,5332.58,INR,2026-05-04 05:55:09,SUCCESS
4631,2415.0,-8867.81,INR,2026-04-15 05:21:35,PENDING
4632,1869.0,4506.11,INR,2026-03-30 16:34:10,FAILED
4633,4387.0,2943.17,INR,2026-04-06 17:36:48,SUCCESS
4634,2356.0,7348.46,INR,2026-04-06 16:34:50,SUCCESS
4635,1041.0,9696.29,INR,2026-04-26 05:57:54,FAILED
4636,3150.0,4096.77,INR,2026-03-22 02:35:46,PENDING
4637,4962.0,7858.19,INR,2026-04-12 07:54:52,PENDING
4638,327.0,7993.1,INR,2026-05-06 06:02:25,SUCCESS
4639,1057.0,5116.27,INR,2026-01-29 17:12:32,PENDING
4640,4438.0,1806.72,INR,2026-04-01 22:53:31,SUCCESS
4641,665.0,8691.43,INR,2026-01-17 22:38:02,PENDING
4642,343.0,362.53,INR,2026-05-14 20:25:19,FAILED
4643,3958.0,1104.13,INR,2026-05-11 22:33:47,SUCCESS
4644,829.0,6273.54,INR,2026-03-03 04:50:53,PENDING
4645,3004.0,5454.35,INR,2026-02-06 19:42:03,SUCCESS
4646,2226.0,688.86,INR,2026-06-14 08:32:36,FAILED
4647,2701.0,9047.59,INR,2026-06-07 16:34:01,PENDING
4648,3569.0,1917.98,INR,2026-06-14 00:45:10,PENDING
4649,2680.0,3168.18,INR,2026-01-12 22:56:13,PENDING
4650,2062.0,8913.63,INR,2026-05-30 11:38:09,FAILED
4651,4975.0,4792.13,INR,invalid_date,FAILED
4652,426.0,7941.42,INR,2026-02-24 09:04:29,FAILED
4653,1708.0,2792.5,INR,2026-02-14 17:20:28,PENDING
4654,3809.0,7380.93,INR,2026-01-27 04:41:01,FAILED
4655,1487.0,2840.42,INR,2026-04-09 09:24:41,FAILED
4656,950.0,9887.88,INR,2026-01-25 18:47:29,PENDING
4657,107.0,779.88,INR,2026-02-11 14:45:29,SUCCESS
4658,1353.0,281.04,INR,2026-03-24 21:32:46,FAILED
4659,582.0,5307.7,INR,2026-05-19 10:33:08,PENDING
4660,4171.0,9994.22,INR,2026-03-21 09:59:11,FAILED
4661,3940.0,166.26,INR,2026-02-02 02:44:47,FAILED
4662,4275.0,546.88,INR,2026-02-19 20:40:28,PENDING
4663,3801.0,-6316.39,INR,2026-02-26 08:58:37,FAILED
4664,3542.0,9155.62,INR,2026-05-16 11:25:44,FAILED
4665,3102.0,1087.95,INR,2026-01-09 06:22:33,PENDING
4666,4227.0,6064.03,INR,2026-02-21 05:09:19,PENDING
4667,4841.0,2536.53,INR,2026-05-02 00:55:29,PENDING
4668,947.0,-316.32,INR,2026-04-24 00:02:28,PENDING
4669,4874.0,6303.63,INR,2026-05-23 04:32:08,PENDING
4670,3276.0,7758.4,INR,2026-03-15 13:23:38,SUCCESS
4671,4291.0,5041.0,INR,2026-04-01 07:37:46,FAILED
4672,1539.0,6653.12,INR,2026-04-20 17:25:50,SUCCESS
4673,3316.0,2225.93,INR,2026-03-17 16:00:15,FAILED
4674,2024.0,3918.2,INR,2026-02-13 19:40:59,SUCCESS
4675,1520.0,7338.75,INR,2026-05-31 06:49:25,SUCCESS
4676,3752.0,2777.53,INR,2026-04-05 02:09:02,FAILED
4677,799.0,9399.61,INR,2026-02-09 02:10:12,PENDING
4678,4340.0,367.59,INR,2026-02-20 22:33:22,FAILED
4679,3585.0,1257.52,INR,2026-05-30 15:52:35,FAILED
4680,3855.0,8428.76,INR,2026-01-05 19:19:05,FAILED
4681,1867.0,979.41,INR,2026-06-05 12:10:57,FAILED
4682,2215.0,1107.28,INR,2026-05-14 23:42:34,FAILED
4683,4054.0,-9639.51,INR,2026-05-20 15:22:07,FAILED
4684,1387.0,6026.07,INR,2026-01-30 04:37:56,PENDING
4685,3667.0,7854.83,INR,2026-04-02 01:21:05,SUCCESS
4686,127.0,9756.92,INR,2026-03-07 13:13:14,PENDING
4687,904.0,5558.43,INR,2026-05-21 00:41:40,FAILED
4688,1653.0,4423.21,INR,invalid_date,FAILED
4689,3564.0,8780.94,INR,2026-01-29 05:15:42,PENDING
4690,4525.0,719.46,INR,2026-06-18 01:32:00,SUCCESS
4691,4294.0,2973.43,INR,2026-01-09 06:24:49,SUCCESS
4692,617.0,851.03,INR,2026-05-14 19:59:36,FAILED
4693,3451.0,7199.64,INR,2026-01-09 06:03:33,FAILED
4694,727.0,8795.43,INR,2026-03-04 22:32:14,FAILED
4695,1554.0,5387.01,INR,2026-03-24 22:49:06,PENDING
4696,2035.0,8053.22,INR,2026-01-20 06:15:14,FAILED
4697,3800.0,6968.33,INR,2026-01-27 11:39:38,FAILED
4698,1128.0,1457.55,INR,2026-03-06 15:50:29,FAILED
4699,2129.0,9028.08,INR,2026-04-03 12:20:40,PENDING
4700,2994.0,5763.31,INR,2026-03-15 09:59:20,FAILED
4701,3696.0,2729.32,INR,2026-05-18 09:31:13,FAILED
4702,2477.0,451.27,INR,2026-03-03 06:12:04,SUCCESS
4703,2713.0,7768.18,INR,2026-06-12 05:47:40,FAILED
4704,97.0,2032.54,INR,2026-02-07 15:43:57,PENDING
4705,1715.0,-4138.39,INR,2026-01-24 03:31:12,FAILED
4706,3071.0,8256.19,INR,2026-03-13 13:17:02,SUCCESS
4707,954.0,890.4,INR,2026-02-21 16:46:51,FAILED
4708,2104.0,7553.82,INR,2026-01-04 20:46:47,SUCCESS
4709,174.0,8591.25,INR,2026-03-22 22:35:23,SUCCESS
4710,2014.0,9073.21,INR,2026-03-31 06:29:24,PENDING
4711,3379.0,889.34,INR,2026-04-08 21:00:18,PENDING
4712,4289.0,-7710.9,INR,2026-02-28 08:15:58,FAILED
4713,3698.0,7702.17,INR,2026-02-14 12:13:30,SUCCESS
4714,769.0,6086.99,INR,2026-02-13 15:39:36,PENDING
4715,3512.0,588.2,INR,2026-05-06 17:09:19,SUCCESS
4716,1819.0,7569.52,INR,2026-03-22 20:13:29,SUCCESS
4717,146.0,7729.45,INR,2026-01-20 02:43:21,PENDING
4718,2715.0,9023.01,INR,2026-04-26 11:27:17,SUCCESS
4719,443.0,9242.23,INR,2026-04-21 16:14:56,FAILED
4720,1692.0,7191.15,INR,2026-06-18 19:42:14,PENDING
4721,2093.0,9085.9,INR,2026-03-26 04:04:03,PENDING
4722,3702.0,1205.84,INR,2026-03-27 09:09:16,FAILED
4723,4120.0,543.41,INR,2026-05-20 19:41:46,SUCCESS
4724,2720.0,2879.15,INR,2026-02-12 02:51:30,PENDING
4725,4703.0,8325.26,INR,2026-04-19 15:04:40,SUCCESS
4726,957.0,9237.38,INR,2026-02-06 21:27:05,PENDING
4727,2974.0,5962.19,INR,2026-03-21 03:46:44,FAILED
4728,3965.0,667.45,INR,2026-06-07 17:44:58,SUCCESS
4729,4628.0,2521.66,INR,2026-03-11 04:25:55,SUCCESS
4730,3487.0,7095.97,INR,2026-05-06 17:48:53,FAILED
4731,3548.0,9740.74,INR,2026-02-01 10:49:46,SUCCESS
4732,134.0,5877.76,INR,2026-05-08 14:16:37,PENDING
4733,3617.0,9916.32,INR,2026-01-08 21:58:51,FAILED
4734,3743.0,7599.58,INR,2026-05-06 01:23:43,PENDING
4735,2115.0,1677.99,INR,invalid_date,FAILED
4736,,4365.35,INR,2026-05-08 13:25:22,FAILED
4737,1644.0,4526.79,INR,2026-03-27 11:13:46,FAILED
4738,210.0,2749.71,INR,2026-03-14 00:45:22,PENDING
4739,1557.0,2331.69,INR,2026-04-18 11:31:24,PENDING
4740,1968.0,-7331.97,INR,2026-01-06 14:17:44,PENDING
4741,4585.0,531.28,INR,2026-03-16 19:54:05,PENDING
4742,4706.0,9216.67,INR,2026-01-21 06:39:44,FAILED
4743,2705.0,606.98,INR,2026-05-13 16:39:26,SUCCESS
4744,518.0,6608.02,INR,2026-03-31 08:38:54,SUCCESS
4745,2596.0,8501.52,INR,2026-01-19 17:13:43,SUCCESS
4746,4582.0,3612.7,INR,2026-04-17 21:03:08,SUCCESS
4747,3370.0,4507.59,INR,2026-04-26 11:43:45,SUCCESS
4748,4988.0,3108.01,INR,2026-01-23 08:14:09,FAILED
4749,3105.0,938.43,INR,2026-05-03 10:34:23,FAILED
4750,1644.0,2309.92,INR,2026-03-24 11:44:37,SUCCESS
4751,1549.0,2608.2,INR,2026-04-29 12:17:52,SUCCESS
4752,2070.0,-9131.25,INR,2026-06-18 03:31:16,PENDING
4753,3481.0,7541.85,INR,2026-03-28 04:08:54,FAILED
4754,1028.0,7871.81,INR,2026-01-02 09:03:12,FAILED
4755,1825.0,7790.76,INR,2026-01-09 09:36:13,PENDING
4756,3739.0,2944.28,INR,2026-03-15 12:07:17,PENDING
4757,2655.0,7492.07,INR,2026-06-06 18:50:50,PENDING
4758,1896.0,9953.92,INR,2026-05-21 01:13:47,PENDING
4759,4226.0,4717.15,INR,2026-04-21 16:53:40,SUCCESS
4760,2349.0,5194.35,INR,2026-03-06 06:28:50,SUCCESS
4761,1923.0,3599.47,INR,2026-04-10 16:20:24,FAILED
4762,3069.0,9012.14,INR,2026-05-26 13:49:18,FAILED
4763,1484.0,1097.46,INR,2026-02-08 05:38:23,SUCCESS
4764,2732.0,4042.85,INR,2026-05-03 08:25:58,FAILED
4765,277.0,2331.61,INR,2026-05-07 03:04:13,FAILED
4766,4143.0,5081.79,INR,2026-02-28 15:50:46,SUCCESS
4767,101.0,4702.09,INR,2026-06-15 14:37:41,SUCCESS
4768,300.0,793.1,INR,2026-06-04 01:31:18,SUCCESS
4769,462.0,5739.53,INR,2026-05-23 08:20:33,SUCCESS
4770,1041.0,1941.99,INR,2026-03-27 19:56:39,PENDING
4771,2559.0,4184.42,INR,2026-02-19 18:34:08,PENDING
4772,1359.0,8403.16,INR,2026-05-20 07:46:46,SUCCESS
4773,1449.0,2148.44,INR,2026-01-21 08:01:17,PENDING
4774,1370.0,7876.84,INR,2026-03-16 20:02:38,PENDING
4775,3108.0,8021.05,INR,2026-03-10 15:54:15,SUCCESS
4776,1232.0,880.63,INR,2026-02-17 05:36:28,PENDING
4777,1662.0,4669.17,INR,2026-06-17 05:48:36,SUCCESS
4778,3210.0,8616.19,INR,2026-05-22 16:42:28,FAILED
4779,2763.0,9114.72,INR,2026-04-21 06:43:35,SUCCESS
4780,985.0,7724.97,INR,2026-02-17 18:11:15,SUCCESS
4781,2514.0,6314.13,INR,2026-05-01 13:48:33,SUCCESS
4782,2946.0,4660.36,INR,2026-05-07 19:48:20,PENDING
4783,974.0,8960.26,INR,2026-02-20 01:01:21,FAILED
4784,3361.0,6441.58,INR,2026-03-22 01:49:55,FAILED
4785,2099.0,8358.65,INR,2026-03-09 17:09:07,FAILED
4786,763.0,2682.52,INR,2026-03-15 05:42:18,FAILED
4787,424.0,4436.0,INR,2026-02-25 18:05:01,SUCCESS
4788,1320.0,6583.57,INR,2026-05-21 12:47:06,PENDING
4789,733.0,6831.52,INR,2026-05-27 12:18:14,PENDING
4790,4140.0,8766.14,INR,2026-04-03 17:00:14,SUCCESS
4791,1263.0,4730.76,INR,2026-06-13 20:33:05,FAILED
4792,970.0,1367.52,INR,2026-06-18 06:09:48,FAILED
4793,1459.0,6896.05,INR,2026-04-20 02:51:20,FAILED
4794,3410.0,9192.29,INR,2026-02-13 22:04:19,FAILED
4795,1054.0,3683.73,INR,2026-06-01 02:41:33,SUCCESS
4796,3753.0,4467.12,INR,2026-06-14 10:24:08,SUCCESS
4797,1525.0,6816.98,INR,2026-02-13 09:01:45,PENDING
4798,849.0,1591.8,INR,2026-05-04 08:48:44,FAILED
4799,878.0,6885.94,INR,2026-03-29 18:17:14,FAILED
4800,2070.0,6206.8,INR,2026-04-15 06:19:04,FAILED
4801,2674.0,9248.05,INR,2026-01-21 12:25:11,SUCCESS
4802,870.0,198.53,INR,2026-01-02 09:07:54,FAILED
4803,2920.0,7267.36,INR,2026-04-19 04:52:50,SUCCESS
4804,3459.0,2403.84,INR,2026-03-19 22:34:58,SUCCESS
4805,3427.0,2654.07,INR,2026-05-05 21:14:05,SUCCESS
4806,450.0,5647.75,INR,2026-01-23 07:09:23,PENDING
4807,2033.0,6187.03,INR,2026-06-07 19:44:00,PENDING
4808,2690.0,954.77,INR,2026-03-10 15:35:40,PENDING
4809,840.0,1962.02,INR,2026-02-01 03:56:45,PENDING
4810,2818.0,6857.1,INR,2026-03-18 10:50:42,SUCCESS
4811,853.0,5273.36,INR,2026-03-14 11:31:23,PENDING
4812,209.0,6951.35,INR,2026-05-05 21:13:20,SUCCESS
4813,1357.0,1201.95,INR,2026-01-04 02:34:55,PENDING
4814,511.0,5785.58,INR,2026-05-29 23:21:21,SUCCESS
4815,2676.0,3557.77,INR,2026-05-23 01:54:56,SUCCESS
4816,2110.0,9335.8,INR,2026-01-25 01:51:25,FAILED
4817,1828.0,8540.23,INR,2026-02-10 22:45:29,FAILED
4818,1923.0,6224.93,INR,2026-04-07 08:02:31,FAILED
4819,2852.0,9307.43,INR,2026-04-15 00:11:16,PENDING
4820,2797.0,5145.7,INR,2026-04-18 15:30:48,SUCCESS
4821,3488.0,4809.93,INR,2026-04-26 06:14:47,PENDING
4822,,9070.47,INR,2026-03-01 18:50:00,FAILED
4823,1343.0,2712.03,INR,2026-03-12 06:47:33,SUCCESS
4824,522.0,7787.43,INR,2026-03-10 05:23:10,PENDING
4825,4244.0,6790.39,INR,invalid_date,FAILED
4826,4802.0,7281.63,INR,2026-03-25 18:48:58,FAILED
4827,4010.0,3993.38,INR,2026-05-26 21:31:23,PENDING
4828,2956.0,6886.3,INR,2026-05-15 16:03:12,FAILED
4829,2161.0,6604.74,INR,2026-04-23 11:49:04,SUCCESS
4830,747.0,8574.97,INR,2026-06-04 20:28:16,PENDING
4831,2311.0,3724.97,INR,2026-05-24 18:42:05,PENDING
4832,911.0,3465.5,INR,2026-05-07 16:35:34,FAILED
4833,4764.0,9801.37,INR,2026-03-05 14:37:51,SUCCESS
4834,2815.0,4253.24,INR,2026-05-15 04:14:09,FAILED
4835,2445.0,9307.04,INR,2026-04-25 01:48:19,PENDING
4836,536.0,3154.3,INR,2026-05-30 19:45:42,FAILED
4837,3068.0,7394.25,INR,2026-06-08 11:26:08,PENDING
4838,1226.0,1100.63,INR,2026-06-08 08:59:42,SUCCESS
4839,247.0,5698.84,INR,2026-02-17 23:08:19,SUCCESS
4840,2283.0,5659.86,INR,2026-05-17 20:39:27,PENDING
4841,2367.0,3221.11,INR,2026-05-19 05:40:40,FAILED
4842,,5485.36,INR,2026-03-14 01:43:34,FAILED
4843,3278.0,2895.73,INR,2026-03-22 21:34:11,SUCCESS
4844,4848.0,3509.94,INR,2026-01-14 02:58:14,FAILED
4845,4891.0,8899.17,INR,2026-04-11 12:44:45,SUCCESS
4846,1719.0,9052.14,INR,2026-03-26 03:54:37,FAILED
4847,710.0,7088.61,INR,2026-03-06 02:07:21,SUCCESS
4848,4874.0,2973.17,INR,2026-04-13 10:35:51,PENDING
4849,55.0,4899.58,INR,2026-02-19 18:30:45,FAILED
4850,2627.0,5283.65,INR,2026-03-12 18:28:15,FAILED
4851,1930.0,6581.57,INR,2026-02-16 06:37:10,FAILED
4852,673.0,7677.09,INR,2026-03-30 05:52:19,PENDING
4853,927.0,4434.46,INR,2026-04-15 22:51:11,PENDING
4854,3884.0,9147.33,INR,2026-03-20 19:38:23,FAILED
4855,54.0,2723.1,INR,2026-03-19 01:44:38,FAILED
4856,4952.0,3100.45,INR,2026-06-01 23:02:05,PENDING
4857,4556.0,5317.62,INR,2026-06-15 13:17:04,SUCCESS
4858,1985.0,4025.93,INR,2026-02-23 07:25:47,FAILED
4859,354.0,4876.52,INR,2026-01-05 04:35:45,SUCCESS
4860,552.0,1524.71,INR,2026-05-22 19:09:21,SUCCESS
4861,493.0,2180.28,INR,2026-02-09 10:46:29,SUCCESS
4862,3764.0,4884.26,INR,2026-04-16 12:24:11,SUCCESS
4863,365.0,-5928.34,INR,2026-02-09 09:11:31,PENDING
4864,2773.0,1205.32,INR,2026-05-01 06:17:17,FAILED
4865,832.0,711.61,INR,2026-05-16 04:16:12,SUCCESS
4866,2344.0,7394.7,INR,2026-06-10 18:13:27,FAILED
4867,116.0,168.93,INR,2026-02-12 07:11:02,PENDING
4868,4781.0,6929.6,INR,2026-03-25 03:02:49,FAILED
4869,1651.0,5295.65,INR,2026-03-20 14:18:23,PENDING
4870,2847.0,2146.81,INR,2026-01-18 04:45:04,SUCCESS
4871,4545.0,960.41,INR,2026-04-21 07:00:55,PENDING
4872,3746.0,9093.05,INR,2026-03-10 01:47:03,SUCCESS
4873,721.0,7255.11,INR,2026-02-20 15:36:00,PENDING
4874,3991.0,9396.03,INR,2026-02-16 07:49:45,SUCCESS
4875,1600.0,8825.86,INR,2026-06-01 10:33:36,SUCCESS
4876,940.0,1022.33,INR,2026-04-15 21:36:40,FAILED
4877,1880.0,6941.17,INR,2026-01-23 10:16:50,FAILED
4878,4303.0,5577.42,INR,2026-03-13 18:04:34,FAILED
4879,2090.0,3637.76,INR,2026-06-17 20:17:27,SUCCESS
4880,3225.0,6762.71,INR,2026-02-11 19:15:06,PENDING
4881,1870.0,426.17,INR,2026-03-04 08:13:12,SUCCESS
4882,660.0,6093.61,INR,2026-05-23 18:51:49,SUCCESS
4883,4912.0,8618.05,INR,invalid_date,SUCCESS
4884,511.0,1715.24,INR,2026-05-04 00:53:06,FAILED
4885,1537.0,5937.73,INR,2026-03-26 08:11:49,PENDING
4886,2906.0,3155.82,INR,2026-02-24 06:59:28,SUCCESS
4887,2248.0,1239.88,INR,2026-01-03 08:32:35,FAILED
4888,2355.0,5201.55,INR,2026-05-21 07:23:11,FAILED
4889,2428.0,955.39,INR,2026-04-21 02:37:55,PENDING
4890,2384.0,6367.99,INR,2026-02-23 23:54:13,SUCCESS
4891,3837.0,1685.01,INR,2026-04-09 05:09:51,FAILED
4892,421.0,4742.69,INR,2026-04-05 11:42:21,PENDING
4893,2464.0,3188.57,INR,2026-01-14 16:37:33,SUCCESS
4894,3926.0,5557.03,INR,2026-03-29 16:13:17,PENDING
4895,3895.0,2459.79,INR,2026-01-14 13:55:47,SUCCESS
4896,2747.0,5897.44,INR,2026-04-13 07:05:12,FAILED
4897,3233.0,3900.73,INR,2026-03-24 14:11:47,SUCCESS
4898,1927.0,9736.36,INR,2026-01-28 10:31:40,PENDING
4899,4930.0,3576.95,INR,2026-04-22 12:39:06,PENDING
4900,3714.0,-5043.67,INR,2026-01-21 15:40:56,FAILED
4901,489.0,4765.13,INR,2026-03-18 05:18:59,FAILED
4902,340.0,882.1,INR,2026-01-09 19:07:12,FAILED
4903,1842.0,2775.11,INR,2026-05-26 21:54:45,FAILED
4904,941.0,1198.24,INR,invalid_date,SUCCESS
4905,4860.0,4093.28,INR,2026-02-20 04:21:57,PENDING
4906,1258.0,5837.12,INR,2026-01-22 16:02:29,SUCCESS
4907,1020.0,1376.75,INR,2026-02-06 21:00:35,SUCCESS
4908,4225.0,9701.63,INR,2026-03-28 14:49:17,PENDING
4909,305.0,2524.85,INR,2026-06-03 10:23:13,FAILED
4910,11.0,6526.26,INR,2026-05-19 10:21:21,PENDING
4911,3112.0,1510.29,INR,2026-06-10 02:14:11,SUCCESS
4912,2418.0,6252.31,INR,2026-03-23 15:03:14,PENDING
4913,4139.0,4386.61,INR,2026-03-10 06:26:55,PENDING
4914,4845.0,7441.2,INR,2026-01-27 03:19:55,FAILED
4915,2158.0,8547.59,INR,2026-05-04 17:53:06,FAILED
4916,1361.0,8219.94,INR,2026-02-28 07:48:13,FAILED
4917,4482.0,6053.28,INR,2026-02-16 14:25:57,PENDING
4918,3893.0,6726.48,INR,2026-02-20 21:43:24,PENDING
4919,1003.0,229.66,INR,2026-05-27 13:41:33,SUCCESS
4920,2952.0,6926.34,INR,2026-01-22 05:39:11,SUCCESS
4921,1342.0,2868.8,INR,2026-05-02 14:10:17,PENDING
4922,595.0,7242.62,INR,2026-04-21 03:01:17,PENDING
4923,1711.0,-3622.46,INR,2026-06-15 13:21:22,SUCCESS
4924,1156.0,9935.04,INR,2026-01-28 05:38:53,SUCCESS
4925,3130.0,577.15,INR,2026-01-26 10:54:22,FAILED
4926,2438.0,7513.38,INR,2026-04-26 18:24:20,PENDING
4927,794.0,5761.9,INR,2026-04-28 23:42:37,SUCCESS
4928,569.0,8822.38,INR,2026-05-05 19:38:13,FAILED
4929,,2322.8,INR,2026-04-19 17:08:05,PENDING
4930,1245.0,7623.71,INR,2026-02-26 02:43:01,FAILED
4931,2393.0,1019.29,INR,2026-03-04 21:30:16,FAILED
4932,1745.0,776.58,INR,2026-04-26 15:18:56,SUCCESS
4933,3934.0,6421.88,INR,2026-03-21 18:20:45,PENDING
4934,108.0,869.46,INR,2026-05-05 21:37:44,FAILED
4935,2721.0,5498.51,INR,2026-03-04 15:56:19,PENDING
4936,3857.0,7965.95,INR,2026-02-05 20:09:18,PENDING
4937,1574.0,520.05,INR,2026-06-03 15:38:05,PENDING
4938,3667.0,9076.7,INR,2026-06-11 05:30:45,SUCCESS
4939,2027.0,5587.0,INR,2026-01-01 21:45:35,SUCCESS
4940,1871.0,4638.09,INR,2026-03-04 10:43:18,FAILED
4941,2972.0,1764.78,INR,2026-02-02 12:06:48,PENDING
4942,842.0,4647.18,INR,invalid_date,PENDING
4943,738.0,6361.95,INR,2026-01-26 09:57:10,PENDING
4944,3440.0,2939.85,INR,2026-01-23 11:17:27,SUCCESS
4945,1171.0,6807.95,INR,2026-05-06 14:48:36,PENDING
4946,4335.0,1395.68,INR,2026-05-16 22:44:36,SUCCESS
4947,3093.0,8525.74,INR,2026-01-28 08:09:39,SUCCESS
4948,4232.0,7397.6,INR,2026-03-24 20:44:38,PENDING
4949,524.0,1213.26,INR,2026-04-21 17:16:56,SUCCESS
4950,316.0,6800.26,INR,2026-03-04 19:49:20,FAILED
4951,1984.0,7525.92,INR,2026-04-03 07:51:05,PENDING
4952,889.0,7122.63,INR,2026-03-09 05:57:03,FAILED
4953,3107.0,1543.84,INR,2026-03-08 18:11:51,FAILED
4954,999.0,-6854.17,INR,2026-01-27 12:02:25,PENDING
4955,1095.0,1479.46,INR,2026-01-01 14:11:28,FAILED
4956,3804.0,-2315.97,INR,2026-03-02 13:07:02,PENDING
4957,1447.0,9626.95,INR,2026-03-27 09:55:38,FAILED
4958,3505.0,-349.11,INR,invalid_date,PENDING
4959,2653.0,9045.85,INR,2026-04-30 16:12:46,PENDING
4960,4518.0,8591.35,INR,2026-03-28 09:37:16,PENDING
4961,1115.0,3884.72,INR,2026-01-05 01:24:41,PENDING
4962,2472.0,-4869.5,INR,2026-03-25 01:32:27,FAILED
4963,4622.0,1222.24,INR,invalid_date,FAILED
4964,126.0,9922.63,INR,2026-06-02 12:31:00,PENDING
4965,1126.0,5527.11,INR,2026-04-26 16:52:38,FAILED
4966,4315.0,2329.76,INR,2026-02-08 23:40:41,SUCCESS
4967,3257.0,7917.12,INR,2026-05-13 19:06:31,SUCCESS
4968,4221.0,9383.24,INR,2026-05-07 12:26:25,PENDING
4969,2933.0,4905.5,INR,2026-05-23 23:28:36,FAILED
4970,2482.0,5529.14,INR,2026-06-02 22:31:44,FAILED
4971,2710.0,9609.48,INR,2026-05-01 13:42:15,SUCCESS
4972,3025.0,1435.29,INR,2026-02-13 05:41:40,FAILED
4973,4867.0,-8381.3,INR,2026-03-02 19:06:02,SUCCESS
4974,2245.0,9384.31,INR,2026-02-19 16:18:22,FAILED
4975,1289.0,2317.06,INR,2026-06-12 17:42:51,PENDING
4976,3033.0,9753.11,INR,2026-02-20 19:01:58,PENDING
4977,20.0,3533.76,INR,2026-01-25 04:46:58,PENDING
4978,4456.0,7752.18,INR,2026-03-20 04:04:34,FAILED
4979,3461.0,564.61,INR,2026-02-22 04:31:57,FAILED
4980,1937.0,5016.11,INR,2026-02-02 14:43:30,SUCCESS
4981,1282.0,8877.31,INR,2026-05-06 12:55:16,FAILED
4982,3209.0,4162.4,INR,2026-05-01 11:22:27,FAILED
4983,4364.0,2637.04,INR,2026-02-27 10:01:30,PENDING
4984,4922.0,1516.39,INR,2026-01-23 08:10:12,SUCCESS
4985,3178.0,6433.47,INR,2026-05-19 12:41:36,PENDING
4986,2278.0,3834.71,INR,2026-02-11 04:45:32,FAILED
4987,4040.0,7493.66,INR,2026-06-01 04:59:20,FAILED
4988,3947.0,8668.8,INR,2026-04-02 22:47:10,SUCCESS
4989,3140.0,4144.81,INR,2026-03-19 10:31:18,PENDING
4990,56.0,8033.49,INR,2026-04-10 20:01:34,SUCCESS
4991,2618.0,8126.85,INR,2026-03-19 05:04:06,FAILED
4992,3162.0,5697.66,INR,2026-03-24 14:18:32,SUCCESS
4993,882.0,9231.04,INR,2026-04-08 22:40:45,FAILED
4994,3564.0,5953.73,INR,invalid_date,PENDING
4995,1797.0,6543.02,INR,2026-04-02 03:03:46,FAILED
4996,1299.0,-7584.94,INR,2026-01-08 06:12:11,FAILED
4997,19.0,151.5,INR,2026-03-31 03:59:17,SUCCESS
4998,1745.0,-7619.74,INR,2026-03-14 07:34:04,PENDING
4999,1591.0,4696.77,INR,2026-04-21 15:14:53,FAILED
5000,1731.0,8910.83,INR,2026-01-17 15:06:26,SUCCESS
5001,3935.0,1959.94,INR,2026-03-11 14:49:46,FAILED
5002,562.0,4924.21,INR,2026-03-03 00:17:28,FAILED
5003,489.0,3353.31,INR,2026-01-13 04:24:09,SUCCESS
5004,2851.0,8969.44,INR,2026-01-29 09:41:24,PENDING
5005,2904.0,1851.93,INR,2026-01-21 09:46:14,PENDING
5006,3975.0,7723.34,INR,2026-03-28 02:31:05,SUCCESS
5007,1190.0,6423.41,INR,2026-03-17 08:57:53,FAILED
5008,1478.0,7449.25,INR,2026-03-25 04:59:21,FAILED
5009,2641.0,3349.21,INR,2026-01-31 19:47:56,PENDING
5010,1197.0,4740.34,INR,2026-05-01 01:49:53,PENDING
5011,2257.0,9254.13,INR,2026-05-01 05:43:42,FAILED
5012,3824.0,8861.84,INR,2026-03-23 22:24:04,SUCCESS
5013,280.0,7374.45,INR,2026-01-08 10:23:47,FAILED
5014,2535.0,-2958.73,INR,2026-01-22 20:08:07,SUCCESS
5015,2207.0,1910.45,INR,2026-04-17 05:11:51,FAILED
5016,1451.0,6881.64,INR,2026-02-23 18:18:56,SUCCESS
5017,3099.0,4368.3,INR,2026-02-14 20:33:46,SUCCESS
5018,142.0,79.22,INR,2026-03-17 12:19:23,SUCCESS
5019,122.0,7554.44,INR,2026-05-13 03:39:57,SUCCESS
5020,887.0,5457.13,INR,2026-05-07 11:30:58,SUCCESS
5021,2630.0,5045.97,INR,2026-04-03 19:13:19,PENDING
5022,1289.0,1881.51,INR,2026-04-27 05:03:32,PENDING
5023,420.0,1322.86,INR,2026-04-25 01:11:58,SUCCESS
5024,4395.0,3823.41,INR,2026-02-11 20:27:02,SUCCESS
5025,282.0,322.93,INR,2026-03-04 12:16:33,SUCCESS
5026,1319.0,6970.75,INR,2026-03-24 12:21:16,SUCCESS
5027,2068.0,8677.9,INR,2026-01-05 03:48:56,PENDING
5028,148.0,283.53,INR,2026-02-21 18:10:29,FAILED
5029,3861.0,851.62,INR,2026-03-12 01:07:06,PENDING
5030,1995.0,1285.3,INR,2026-04-06 05:28:15,PENDING
5031,4637.0,9122.87,INR,2026-01-18 03:13:14,PENDING
5032,2674.0,5864.35,INR,2026-05-02 01:32:50,FAILED
5033,4050.0,2333.46,INR,2026-02-12 16:00:34,PENDING
5034,930.0,799.06,INR,2026-03-08 12:09:01,SUCCESS
5035,1057.0,3917.1,INR,2026-01-04 22:27:07,PENDING
5036,352.0,4306.25,INR,2026-01-10 06:24:44,PENDING
5037,2037.0,1009.24,INR,2026-04-01 19:36:07,SUCCESS
5038,588.0,9201.68,INR,2026-06-01 06:16:14,FAILED
5039,1019.0,5180.92,INR,2026-02-19 03:08:54,FAILED
5040,4929.0,2138.55,INR,2026-02-14 15:18:59,FAILED
5041,1100.0,183.09,INR,2026-03-23 15:00:11,PENDING
5042,13.0,7267.43,INR,2026-04-16 08:50:40,PENDING
5043,1027.0,1210.94,INR,2026-06-12 07:20:38,SUCCESS
5044,3410.0,8017.63,INR,2026-04-19 16:21:16,SUCCESS
5045,1613.0,9637.55,INR,2026-06-18 08:21:20,FAILED
5046,1873.0,4449.44,INR,2026-05-14 23:37:27,PENDING
5047,2795.0,9896.25,INR,2026-01-28 10:01:22,SUCCESS
5048,3713.0,5404.42,INR,2026-02-10 12:03:09,SUCCESS
5049,3032.0,7396.63,INR,2026-04-20 16:19:36,FAILED
5050,947.0,9656.67,INR,2026-02-10 18:45:42,FAILED
5051,2525.0,993.12,INR,2026-06-07 12:09:24,FAILED
5052,1254.0,-2420.21,INR,2026-05-19 16:37:46,SUCCESS
5053,1717.0,5368.63,INR,2026-04-11 23:55:46,PENDING
5054,1293.0,1209.1,INR,2026-05-03 12:29:45,PENDING
5055,1546.0,5603.39,INR,invalid_date,SUCCESS
5056,64.0,9560.75,INR,2026-01-24 10:23:45,SUCCESS
5057,3316.0,2659.23,INR,2026-02-12 04:30:54,FAILED
5058,4304.0,9657.75,INR,2026-06-07 15:56:03,FAILED
5059,152.0,390.09,INR,2026-01-27 20:11:14,FAILED
5060,4190.0,9622.05,INR,2026-02-12 15:48:39,FAILED
5061,3308.0,3027.93,INR,2026-05-17 05:52:07,SUCCESS
5062,107.0,880.61,INR,2026-02-09 02:45:21,PENDING
5063,,9647.48,INR,2026-05-26 11:41:26,SUCCESS
5064,2203.0,8576.96,INR,2026-05-22 21:39:44,FAILED
5065,1127.0,6809.17,INR,2026-04-23 00:46:54,SUCCESS
5066,3306.0,3169.8,INR,2026-06-11 16:48:08,FAILED
5067,1929.0,4571.19,INR,2026-02-23 13:38:38,PENDING
5068,4650.0,4332.03,INR,2026-03-13 06:44:24,SUCCESS
5069,517.0,6017.62,INR,2026-02-17 19:25:46,SUCCESS
5070,248.0,2290.56,INR,2026-01-22 11:29:13,FAILED
5071,159.0,163.77,INR,2026-03-15 06:02:05,FAILED
5072,4685.0,552.39,INR,2026-02-27 06:55:09,PENDING
5073,3216.0,6702.4,INR,2026-02-16 09:35:27,SUCCESS
5074,3149.0,8666.47,INR,2026-04-05 18:15:07,FAILED
5075,601.0,3566.21,INR,2026-04-03 03:11:33,FAILED
5076,1512.0,6935.22,INR,2026-06-10 07:52:02,PENDING
5077,1808.0,6569.12,INR,2026-01-27 04:38:50,PENDING
5078,192.0,1694.06,INR,2026-04-19 13:55:39,PENDING
5079,1024.0,4964.09,INR,2026-06-16 01:34:19,SUCCESS
5080,2363.0,7424.43,INR,2026-05-29 05:11:16,PENDING
5081,1122.0,5570.66,INR,2026-02-17 15:45:05,PENDING
5082,3289.0,2409.57,INR,2026-01-21 04:19:41,FAILED
5083,1990.0,2901.74,INR,2026-03-02 18:28:22,FAILED
5084,27.0,7367.64,INR,invalid_date,SUCCESS
5085,3394.0,7109.46,INR,2026-03-31 06:55:55,FAILED
5086,2810.0,2568.65,INR,2026-01-15 21:08:12,SUCCESS
5087,3815.0,9080.16,INR,2026-02-26 00:58:44,FAILED
5088,2916.0,8397.36,INR,2026-02-13 05:50:07,SUCCESS
5089,1161.0,889.18,INR,2026-03-09 16:13:33,SUCCESS
5090,2912.0,1715.23,INR,2026-01-04 05:32:59,FAILED
5091,1907.0,5983.76,INR,2026-02-28 06:59:18,PENDING
5092,2493.0,6194.37,INR,2026-03-03 18:26:52,SUCCESS
5093,1667.0,6452.44,INR,2026-05-24 19:24:43,SUCCESS
5094,4330.0,3635.78,INR,2026-05-29 19:13:21,PENDING
5095,382.0,5452.8,INR,2026-06-05 13:03:34,SUCCESS
5096,4350.0,1612.69,INR,2026-05-16 11:13:37,FAILED
5097,3787.0,6354.56,INR,2026-01-15 03:22:54,FAILED
5098,1483.0,2609.82,INR,2026-04-10 04:06:27,PENDING
5099,3820.0,4163.84,INR,2026-03-07 19:06:47,FAILED
5100,1943.0,643.21,INR,2026-04-15 09:15:40,SUCCESS
5101,1092.0,1252.89,INR,2026-02-14 22:27:09,FAILED
5102,1844.0,6029.86,INR,2026-03-27 14:31:47,PENDING
5103,2702.0,4268.76,INR,2026-03-11 03:10:16,SUCCESS
5104,2623.0,4998.14,INR,2026-03-16 07:20:30,PENDING
5105,2709.0,3189.03,INR,2026-06-05 22:38:19,PENDING
5106,2146.0,9305.04,INR,2026-03-29 16:31:01,FAILED
5107,828.0,8448.67,INR,2026-03-13 09:29:59,SUCCESS
5108,4583.0,838.8,INR,2026-05-30 16:46:14,PENDING
5109,3077.0,7583.66,INR,2026-02-11 04:55:39,SUCCESS
5110,923.0,7185.49,INR,2026-05-04 05:35:44,SUCCESS
5111,3935.0,9762.13,INR,2026-03-23 07:18:35,FAILED
5112,2906.0,7290.76,INR,2026-01-21 14:04:11,PENDING
5113,1055.0,8537.86,INR,2026-02-12 18:47:17,SUCCESS
5114,4167.0,1463.46,INR,2026-04-02 02:51:43,FAILED
5115,3488.0,1384.48,INR,2026-02-01 06:40:01,PENDING
5116,2339.0,2634.46,INR,2026-04-17 19:53:14,SUCCESS
5117,2567.0,1007.67,INR,2026-05-31 04:25:21,SUCCESS
5118,3866.0,7278.68,INR,2026-04-03 13:41:00,SUCCESS
5119,859.0,8133.87,INR,2026-03-10 18:53:21,PENDING
5120,1960.0,8204.11,INR,2026-02-23 16:24:56,FAILED
5121,1660.0,3052.14,INR,2026-02-17 16:55:32,SUCCESS
5122,3704.0,2152.96,INR,2026-03-25 17:40:19,SUCCESS
5123,,1705.03,INR,2026-05-30 00:52:21,FAILED
5124,4825.0,7783.7,INR,2026-03-17 06:10:13,PENDING
5125,2140.0,-1231.56,INR,2026-01-29 23:17:49,PENDING
5126,4010.0,5416.17,INR,2026-03-30 14:28:44,FAILED
5127,3951.0,1252.45,INR,2026-01-13 04:00:56,SUCCESS
5128,1786.0,1644.67,INR,2026-01-18 09:29:29,FAILED
5129,3859.0,1094.77,INR,2026-03-14 06:33:27,PENDING
5130,2612.0,1037.98,INR,2026-06-16 00:50:39,SUCCESS
5131,3483.0,3099.38,INR,2026-02-05 10:40:13,FAILED
5132,4490.0,3003.0,INR,2026-05-02 15:21:41,FAILED
5133,459.0,6963.9,INR,2026-02-12 01:18:14,SUCCESS
5134,4108.0,6179.94,INR,2026-02-10 16:46:25,SUCCESS
5135,2768.0,3802.06,INR,2026-06-07 05:18:23,PENDING
5136,714.0,5559.78,INR,2026-06-04 02:57:26,FAILED
5137,338.0,9921.89,INR,2026-05-12 19:50:40,FAILED
5138,32.0,6832.45,INR,2026-03-15 15:01:11,PENDING
5139,4335.0,8637.22,INR,2026-05-18 12:01:41,SUCCESS
5140,2127.0,2316.29,INR,2026-04-18 22:42:14,PENDING
5141,3927.0,4347.49,INR,2026-02-26 13:04:57,PENDING
5142,2278.0,9436.78,INR,2026-05-03 17:16:33,FAILED
5143,4007.0,8781.46,INR,2026-04-10 19:19:43,SUCCESS
5144,3099.0,548.97,INR,2026-01-16 02:26:50,SUCCESS
5145,2337.0,7419.88,INR,2026-03-20 00:04:06,FAILED
5146,886.0,230.22,INR,2026-03-01 10:15:20,SUCCESS
5147,1455.0,6721.12,INR,2026-04-11 17:29:12,FAILED
5148,4203.0,4232.55,INR,2026-04-03 23:56:32,PENDING
5149,788.0,140.65,INR,2026-03-27 03:09:16,FAILED
5150,3483.0,1069.78,INR,2026-05-13 07:36:05,FAILED
5151,4038.0,4376.25,INR,2026-06-12 04:19:43,SUCCESS
5152,4122.0,7483.81,INR,2026-06-06 09:09:50,PENDING
5153,234.0,8605.68,INR,2026-03-02 12:16:51,PENDING
5154,2558.0,-5171.26,INR,2026-04-22 09:36:48,PENDING
5155,2176.0,2237.56,INR,2026-01-16 15:27:36,FAILED
5156,1108.0,5045.1,INR,2026-06-13 16:44:02,FAILED
5157,4757.0,1824.61,INR,2026-05-11 12:30:31,PENDING
5158,3655.0,9594.71,INR,2026-02-15 00:05:43,FAILED
5159,4623.0,8197.79,INR,2026-04-01 00:40:19,SUCCESS
5160,4993.0,749.32,INR,2026-04-22 14:26:58,PENDING
5161,4186.0,3944.54,INR,2026-01-25 22:25:50,PENDING
5162,3256.0,6772.51,INR,2026-04-12 06:29:25,SUCCESS
5163,,5573.95,INR,2026-02-24 05:53:10,FAILED
5164,3600.0,6397.03,INR,2026-01-29 04:33:48,SUCCESS
5165,,1498.69,INR,2026-03-07 14:51:00,PENDING
5166,2020.0,3501.4,INR,2026-05-22 09:38:03,FAILED
5167,1832.0,8761.17,INR,2026-03-15 07:05:13,SUCCESS
5168,319.0,9665.37,INR,2026-01-19 17:29:06,PENDING
5169,765.0,7705.24,INR,2026-05-12 00:31:28,SUCCESS
5170,725.0,5225.74,INR,2026-03-15 14:06:51,SUCCESS
5171,537.0,9787.48,INR,2026-02-22 01:09:23,SUCCESS
5172,172.0,9869.23,INR,2026-05-19 06:24:34,FAILED
5173,3081.0,2522.22,INR,2026-03-28 06:33:08,PENDING
5174,4727.0,1501.44,INR,2026-01-29 07:31:00,FAILED
5175,1660.0,84.89,INR,2026-02-28 19:00:10,PENDING
5176,127.0,7949.02,INR,2026-03-22 17:36:13,SUCCESS
5177,3614.0,5148.3,INR,2026-05-02 22:34:43,SUCCESS
5178,1791.0,2342.31,INR,2026-01-15 11:56:16,PENDING
5179,765.0,3163.37,INR,2026-05-21 12:11:09,SUCCESS
5180,2822.0,9270.52,INR,invalid_date,PENDING
5181,778.0,9281.25,INR,2026-05-18 18:25:05,SUCCESS
5182,4464.0,8175.61,INR,2026-04-26 02:30:23,SUCCESS
5183,4149.0,9052.28,INR,2026-04-13 05:31:54,FAILED
5184,1478.0,5151.59,INR,2026-06-15 18:07:47,FAILED
5185,4053.0,6293.48,INR,2026-05-06 01:43:20,SUCCESS
5186,774.0,7346.51,INR,2026-02-25 06:09:24,SUCCESS
5187,181.0,4876.2,INR,2026-02-19 18:13:03,SUCCESS
5188,1688.0,620.88,INR,2026-05-13 06:14:12,FAILED
5189,715.0,5020.99,INR,2026-04-10 00:13:31,PENDING
5190,660.0,8790.58,INR,2026-05-14 00:19:07,PENDING
5191,1305.0,-9561.71,INR,2026-01-26 00:02:03,SUCCESS
5192,3863.0,7549.43,INR,2026-01-19 23:41:09,FAILED
5193,4073.0,5971.94,INR,2026-03-01 14:29:00,PENDING
5194,328.0,568.93,INR,2026-03-26 16:44:08,SUCCESS
5195,4742.0,5332.95,INR,2026-01-12 22:18:19,SUCCESS
5196,4871.0,5518.73,INR,2026-05-14 08:46:45,FAILED
5197,4186.0,2236.42,INR,2026-02-10 06:59:41,PENDING
5198,4657.0,3778.31,INR,2026-01-06 23:11:49,SUCCESS
5199,2495.0,5446.05,INR,2026-05-17 09:06:05,PENDING
5200,3989.0,221.94,INR,2026-04-10 22:15:17,FAILED
5201,327.0,7276.27,INR,2026-02-26 12:16:05,SUCCESS
5202,,4816.99,INR,2026-01-14 04:38:57,FAILED
5203,1240.0,194.17,INR,2026-04-20 10:39:17,SUCCESS
5204,4813.0,2451.14,INR,2026-05-03 09:16:13,PENDING
5205,606.0,1845.87,INR,2026-02-09 00:58:31,PENDING
5206,3297.0,863.27,INR,2026-05-30 10:53:09,PENDING
5207,2067.0,5986.48,INR,2026-05-02 11:15:36,FAILED
5208,3934.0,-5283.42,INR,2026-05-30 02:35:47,PENDING
5209,1448.0,4754.05,INR,2026-04-10 21:35:04,FAILED
5210,593.0,5310.89,INR,2026-05-02 19:24:01,PENDING
5211,3200.0,1000.39,INR,2026-04-02 08:17:58,SUCCESS
5212,4527.0,6267.31,INR,2026-05-03 23:04:02,SUCCESS
5213,3509.0,2180.32,INR,2026-05-25 06:37:51,SUCCESS
5214,2284.0,2096.53,INR,2026-04-17 20:03:28,PENDING
5215,4792.0,1057.94,INR,2026-04-23 12:59:51,FAILED
5216,3425.0,3258.02,INR,2026-02-13 17:10:00,FAILED
5217,256.0,7110.91,INR,2026-03-10 01:55:38,PENDING
5218,4454.0,8347.3,INR,2026-01-24 15:39:53,PENDING
5219,3146.0,8067.79,INR,2026-02-05 19:15:45,FAILED
5220,1935.0,302.0,INR,2026-02-22 06:19:39,PENDING
5221,2610.0,6452.56,INR,2026-01-28 20:13:03,FAILED
5222,2480.0,-6022.36,INR,2026-03-01 19:15:25,SUCCESS
5223,1911.0,8842.1,INR,2026-06-12 00:30:51,SUCCESS
5224,2419.0,6125.59,INR,2026-01-01 17:32:01,PENDING
5225,,9536.33,INR,2026-01-29 03:22:52,PENDING
5226,1300.0,8143.23,INR,2026-03-12 06:41:38,PENDING
5227,2418.0,4054.35,INR,2026-02-28 00:17:59,FAILED
5228,,8031.87,INR,2026-06-05 21:35:49,PENDING
5229,607.0,3515.66,INR,2026-01-02 04:05:31,PENDING
5230,775.0,3388.14,INR,2026-04-24 13:52:25,PENDING
5231,1823.0,6995.3,INR,2026-02-12 05:45:06,FAILED
5232,4171.0,1648.03,INR,2026-01-31 14:29:04,FAILED
5233,1051.0,5729.11,INR,2026-04-10 16:40:39,PENDING
5234,738.0,1510.53,INR,2026-03-23 09:19:27,SUCCESS
5235,703.0,-7411.53,INR,2026-03-18 20:01:38,PENDING
5236,1212.0,5644.08,INR,2026-04-13 22:14:19,PENDING
5237,2411.0,8707.86,INR,2026-04-28 00:18:46,FAILED
5238,332.0,3046.25,INR,2026-06-03 23:18:18,PENDING
5239,2434.0,407.79,INR,2026-04-28 16:45:18,SUCCESS
5240,3412.0,940.08,INR,2026-03-20 07:00:51,PENDING
5241,4984.0,8636.74,INR,2026-03-08 06:22:01,PENDING
5242,2903.0,220.45,INR,2026-03-05 15:22:41,SUCCESS
5243,482.0,1850.88,INR,2026-04-01 08:46:05,FAILED
5244,,9919.91,INR,2026-01-13 05:47:58,PENDING
5245,1671.0,3798.5,INR,2026-02-14 12:40:22,SUCCESS
5246,,4552.27,INR,2026-06-03 20:17:45,FAILED
5247,753.0,7300.06,INR,2026-02-13 13:18:22,FAILED
5248,2499.0,707.63,INR,2026-05-17 21:58:24,FAILED
5249,3509.0,5547.5,INR,invalid_date,FAILED
5250,,508.85,INR,2026-04-20 15:26:19,FAILED
5251,2455.0,1806.39,INR,2026-06-12 03:37:21,SUCCESS
5252,2600.0,7005.19,INR,2026-04-19 03:34:03,SUCCESS
5253,2946.0,2726.29,INR,2026-05-29 08:52:31,PENDING
5254,3667.0,7822.26,INR,invalid_date,FAILED
5255,4484.0,551.5,INR,2026-02-19 00:12:36,PENDING
5256,309.0,2185.06,INR,2026-05-09 21:28:58,PENDING
5257,4898.0,2271.62,INR,2026-01-26 01:25:41,PENDING
5258,3904.0,3352.39,INR,2026-04-13 03:42:21,FAILED
5259,3067.0,3972.44,INR,2026-06-08 05:08:37,FAILED
5260,1358.0,9007.44,INR,2026-05-29 17:54:04,SUCCESS
5261,3372.0,5576.35,INR,2026-06-12 14:23:19,FAILED
5262,3256.0,649.72,INR,2026-06-08 02:59:36,SUCCESS
5263,2845.0,3084.67,INR,2026-02-18 19:10:47,FAILED
5264,2204.0,2636.12,INR,2026-04-29 23:24:23,PENDING
5265,4289.0,9851.46,INR,2026-06-12 02:17:23,SUCCESS
5266,2533.0,6904.02,INR,2026-06-14 17:52:40,SUCCESS
5267,3265.0,9628.77,INR,2026-02-08 00:21:35,FAILED
5268,4357.0,8237.49,INR,2026-06-02 01:17:54,SUCCESS
5269,4228.0,2814.97,INR,2026-01-30 02:30:46,SUCCESS
5270,3067.0,8534.14,INR,2026-01-14 13:31:43,FAILED
5271,3916.0,3524.04,INR,2026-01-17 03:24:54,SUCCESS
5272,1203.0,2169.69,INR,2026-05-22 09:33:13,FAILED
5273,1002.0,7664.11,INR,2026-04-16 15:41:32,PENDING
5274,1620.0,7625.05,INR,2026-05-03 15:56:21,PENDING
5275,4224.0,8447.09,INR,2026-01-20 11:25:06,PENDING
5276,4817.0,2841.07,INR,2026-03-26 11:29:22,SUCCESS
5277,,5511.5,INR,2026-06-12 08:41:01,PENDING
5278,1718.0,348.4,INR,2026-01-22 13:38:06,SUCCESS
5279,4955.0,1961.04,INR,2026-04-14 08:05:05,FAILED
5280,684.0,5197.28,INR,2026-01-02 11:57:05,SUCCESS
5281,408.0,8664.11,INR,2026-04-25 15:41:21,SUCCESS
5282,3822.0,5337.67,INR,2026-02-18 13:11:43,PENDING
5283,3106.0,6538.62,INR,2026-03-04 02:20:29,FAILED
5284,3405.0,8653.77,INR,invalid_date,FAILED
5285,3383.0,6102.82,INR,2026-06-03 03:51:53,PENDING
5286,4953.0,8644.86,INR,2026-03-31 05:17:40,FAILED
5287,4894.0,2483.77,INR,2026-05-08 11:34:01,PENDING
5288,3691.0,1362.25,INR,2026-04-29 04:46:52,SUCCESS
5289,1075.0,1655.94,INR,2026-03-06 07:17:44,FAILED
5290,1713.0,9821.78,INR,invalid_date,FAILED
5291,4841.0,6589.08,INR,2026-05-05 05:56:36,SUCCESS
5292,2967.0,-7290.88,INR,2026-05-13 08:04:58,PENDING
5293,730.0,9984.82,INR,2026-04-28 14:05:13,SUCCESS
5294,2742.0,3736.0,INR,2026-03-31 22:09:40,PENDING
5295,2128.0,6351.13,INR,2026-04-06 22:38:04,FAILED
5296,3757.0,5037.0,INR,2026-03-07 21:27:18,FAILED
5297,1054.0,5473.52,INR,2026-01-14 08:55:16,SUCCESS
5298,3671.0,9983.11,INR,2026-02-17 22:07:46,SUCCESS
5299,3312.0,9457.14,INR,2026-05-25 15:22:36,PENDING
5300,1006.0,6672.36,INR,2026-05-13 16:35:35,PENDING
5301,538.0,9760.9,INR,2026-02-19 22:32:22,FAILED
5302,3685.0,5782.55,INR,2026-04-06 09:34:56,PENDING
5303,1977.0,4582.03,INR,2026-01-19 03:10:10,SUCCESS
5304,2879.0,7200.54,INR,2026-05-24 17:54:16,FAILED
5305,4723.0,9399.27,INR,2026-01-30 03:35:33,SUCCESS
5306,3963.0,231.95,INR,2026-06-17 02:28:53,FAILED
5307,96.0,5448.88,INR,2026-01-09 19:46:47,PENDING
5308,1469.0,1637.75,INR,2026-05-23 06:53:43,FAILED
5309,83.0,8134.58,INR,2026-02-26 10:20:20,FAILED
5310,2648.0,8334.61,INR,2026-05-29 15:47:40,PENDING
5311,4882.0,7503.97,INR,2026-02-08 05:06:43,SUCCESS
5312,3210.0,9422.87,INR,2026-04-14 05:52:15,FAILED
5313,785.0,6526.58,INR,2026-06-11 06:31:25,PENDING
5314,2048.0,2661.54,INR,2026-02-18 19:16:57,FAILED
5315,1529.0,4167.75,INR,2026-03-13 00:53:16,PENDING
5316,2357.0,1371.14,INR,2026-01-08 01:14:43,SUCCESS
5317,4128.0,1357.01,INR,2026-04-05 22:09:39,PENDING
5318,272.0,6935.08,INR,2026-03-27 13:20:42,SUCCESS
5319,4688.0,2271.48,INR,2026-01-07 04:59:43,FAILED
5320,1260.0,9502.59,INR,2026-02-24 23:06:32,SUCCESS
5321,982.0,2272.21,INR,2026-06-02 14:24:23,SUCCESS
5322,4916.0,7908.95,INR,2026-06-06 20:45:18,PENDING
5323,4034.0,8279.9,INR,2026-01-04 09:09:26,PENDING
5324,1153.0,8984.04,INR,2026-02-22 23:04:34,SUCCESS
5325,1733.0,9469.44,INR,2026-03-08 23:31:31,FAILED
5326,570.0,60.17,INR,2026-06-14 08:50:39,PENDING
5327,3081.0,5338.38,INR,2026-05-03 02:47:50,SUCCESS
5328,3395.0,8059.16,INR,2026-01-20 11:21:51,PENDING
5329,2368.0,1128.29,INR,2026-03-20 12:26:43,SUCCESS
5330,4999.0,746.56,INR,2026-03-27 05:20:48,FAILED
5331,4577.0,489.84,INR,2026-02-04 02:07:16,PENDING
5332,4362.0,7081.98,INR,2026-05-15 16:15:19,FAILED
5333,107.0,4785.92,INR,2026-03-03 03:07:34,SUCCESS
5334,3929.0,-9440.83,INR,2026-05-19 19:00:45,SUCCESS
5335,897.0,9070.41,INR,2026-03-22 13:36:33,FAILED
5336,3286.0,638.66,INR,2026-03-10 19:42:36,SUCCESS
5337,1636.0,6495.49,INR,2026-04-13 19:42:03,SUCCESS
5338,4410.0,8403.71,INR,2026-03-25 00:07:51,SUCCESS
5339,2532.0,5330.15,INR,2026-04-20 15:55:42,PENDING
5340,1889.0,755.02,INR,2026-03-13 16:06:36,SUCCESS
5341,2146.0,7863.95,INR,2026-05-26 02:39:05,PENDING
5342,111.0,5287.98,INR,2026-01-17 08:06:03,FAILED
5343,3154.0,4849.94,INR,2026-04-14 20:19:03,FAILED
5344,2695.0,4817.29,INR,2026-01-06 10:28:26,SUCCESS
5345,2014.0,4923.86,INR,2026-03-31 14:26:38,SUCCESS
5346,3961.0,-200.02,INR,2026-04-30 22:26:06,FAILED
5347,3289.0,2319.77,INR,2026-05-31 05:05:48,PENDING
5348,1605.0,9595.17,INR,2026-06-18 05:39:50,SUCCESS
5349,939.0,5615.86,INR,invalid_date,SUCCESS
5350,3109.0,-2893.11,INR,2026-05-20 13:49:58,FAILED
5351,4169.0,5881.14,INR,2026-03-17 20:12:23,FAILED
5352,2548.0,3994.5,INR,2026-01-31 06:10:35,FAILED
5353,1377.0,688.12,INR,2026-03-12 17:17:57,PENDING
5354,4994.0,4684.05,INR,2026-03-20 15:12:39,PENDING
5355,3599.0,1424.55,INR,2026-06-14 12:56:03,SUCCESS
5356,282.0,5235.24,INR,2026-02-05 13:22:15,FAILED
5357,3342.0,5691.2,INR,2026-01-21 19:19:16,FAILED
5358,195.0,1858.93,INR,2026-05-23 02:35:14,SUCCESS
5359,2933.0,1413.74,INR,2026-06-16 18:36:26,SUCCESS
5360,1477.0,7549.99,INR,2026-02-01 21:02:20,FAILED
5361,4989.0,2555.06,INR,2026-01-06 09:04:50,PENDING
5362,,1407.36,INR,2026-03-17 22:34:04,FAILED
5363,4735.0,342.76,INR,2026-05-10 14:37:31,SUCCESS
5364,2251.0,-2311.66,INR,2026-05-04 16:56:53,PENDING
5365,4903.0,8795.61,INR,2026-04-16 06:57:15,SUCCESS
5366,1309.0,1960.98,INR,2026-02-03 15:06:18,PENDING
5367,2360.0,5411.5,INR,2026-04-29 11:32:29,SUCCESS
5368,,4445.86,INR,2026-03-08 01:17:53,FAILED
5369,,1092.41,INR,2026-04-22 11:19:24,FAILED
5370,2812.0,4727.74,INR,2026-03-08 03:57:31,PENDING
5371,1554.0,9776.22,INR,2026-01-05 00:12:18,PENDING
5372,1031.0,-8171.13,INR,2026-04-19 10:38:42,SUCCESS
5373,4760.0,850.73,INR,invalid_date,PENDING
5374,4815.0,4099.39,INR,2026-01-23 08:43:51,PENDING
5375,4737.0,6422.16,INR,2026-04-28 01:14:20,PENDING
5376,4491.0,5169.24,INR,2026-04-19 16:45:49,SUCCESS
5377,3649.0,8914.08,INR,2026-02-03 17:30:44,SUCCESS
5378,3401.0,9024.16,INR,2026-05-16 10:31:47,PENDING
5379,451.0,6916.85,INR,2026-01-06 16:01:35,PENDING
5380,2236.0,7605.57,INR,2026-04-06 21:45:43,FAILED
5381,1085.0,7110.27,INR,2026-03-17 05:48:26,SUCCESS
5382,2514.0,4548.43,INR,2026-03-23 19:43:32,PENDING
5383,4712.0,-2046.55,INR,2026-02-22 06:50:02,FAILED
5384,4500.0,7050.58,INR,2026-03-27 05:35:39,PENDING
5385,2583.0,22.59,INR,2026-04-20 12:12:20,SUCCESS
5386,4713.0,7937.0,INR,2026-02-25 06:20:35,FAILED
5387,4059.0,6504.8,INR,2026-06-09 12:07:12,PENDING
5388,2955.0,3942.34,INR,2026-06-06 02:12:36,FAILED
5389,1537.0,5501.91,INR,2026-01-06 05:29:48,SUCCESS
5390,4742.0,4030.34,INR,2026-04-26 23:32:09,FAILED
5391,4406.0,3096.12,INR,2026-06-14 20:43:51,SUCCESS
5392,1528.0,6933.81,INR,2026-05-06 23:46:09,FAILED
5393,3068.0,5986.61,INR,2026-04-30 15:42:22,PENDING
5394,760.0,2717.31,INR,2026-02-18 13:05:53,FAILED
5395,3628.0,3378.94,INR,2026-06-12 18:33:16,FAILED
5396,3167.0,3627.13,INR,2026-04-16 23:38:33,SUCCESS
5397,2965.0,1032.13,INR,2026-05-04 14:02:15,FAILED
5398,4265.0,3760.35,INR,2026-02-25 12:45:30,SUCCESS
5399,2115.0,1589.3,INR,2026-06-02 06:27:34,SUCCESS
5400,4346.0,5718.83,INR,2026-03-29 10:12:43,FAILED
5401,1399.0,5688.72,INR,2026-03-30 23:49:59,FAILED
5402,389.0,6616.22,INR,2026-06-18 17:21:34,FAILED
5403,576.0,7130.08,INR,2026-03-12 11:58:38,FAILED
5404,700.0,-5426.39,INR,2026-04-08 02:28:21,FAILED
5405,2859.0,8947.26,INR,2026-01-26 10:21:20,FAILED
5406,2494.0,600.44,INR,2026-04-25 01:41:03,PENDING
5407,2145.0,2566.2,INR,2026-04-28 04:21:54,PENDING
5408,1427.0,1048.46,INR,2026-01-08 04:29:21,SUCCESS
5409,881.0,4549.64,INR,2026-02-17 08:52:03,PENDING
5410,2520.0,2463.51,INR,2026-05-14 16:26:40,SUCCESS
5411,1553.0,2234.06,INR,2026-01-26 06:58:47,SUCCESS
5412,3839.0,-5903.48,INR,2026-01-07 00:00:36,PENDING
5413,1905.0,119.97,INR,2026-05-06 01:44:39,PENDING
5414,569.0,3206.85,INR,2026-05-05 01:48:05,PENDING
5415,257.0,4670.96,INR,2026-03-29 15:44:29,PENDING
5416,4315.0,9277.7,INR,2026-04-14 12:51:50,FAILED
5417,1504.0,9765.41,INR,2026-06-01 08:55:49,PENDING
5418,2978.0,4375.16,INR,2026-05-11 07:35:11,PENDING
5419,1015.0,2993.4,INR,2026-04-26 19:14:13,FAILED
5420,3626.0,4660.85,INR,invalid_date,FAILED
5421,4505.0,3875.8,INR,2026-02-21 23:29:51,PENDING
5422,4103.0,6317.52,INR,invalid_date,PENDING
5423,4096.0,9076.2,INR,2026-02-19 13:51:24,PENDING
5424,3584.0,7230.23,INR,2026-05-08 10:14:41,SUCCESS
5425,3466.0,4390.97,INR,2026-02-03 12:17:56,PENDING
5426,1562.0,-7488.48,INR,2026-05-07 10:56:52,FAILED
5427,4199.0,758.49,INR,2026-04-01 16:36:45,PENDING
5428,670.0,3956.13,INR,2026-03-12 06:40:59,FAILED
5429,3279.0,1055.92,INR,2026-02-03 08:44:46,PENDING
5430,1777.0,1800.17,INR,2026-03-26 19:39:48,PENDING
5431,756.0,9266.89,INR,2026-01-27 18:20:13,SUCCESS
5432,4960.0,8455.94,INR,2026-02-11 20:18:54,SUCCESS
5433,,2300.63,INR,2026-05-06 21:19:44,SUCCESS
5434,2324.0,7317.51,INR,2026-06-01 22:50:11,PENDING
5435,2441.0,6875.52,INR,2026-03-02 23:48:15,FAILED
5436,1704.0,9405.94,INR,2026-05-06 00:41:52,FAILED
5437,1497.0,5483.54,INR,2026-05-20 01:08:17,PENDING
5438,2781.0,194.65,INR,2026-05-22 05:14:10,PENDING
5439,4557.0,2731.27,INR,2026-03-07 11:14:19,FAILED
5440,2042.0,5164.78,INR,2026-03-08 07:40:50,SUCCESS
5441,2618.0,7513.73,INR,2026-01-12 11:45:29,PENDING
5442,2702.0,5293.67,INR,2026-04-20 06:43:36,SUCCESS
5443,859.0,2306.15,INR,2026-03-29 22:11:35,SUCCESS
5444,2903.0,6922.18,INR,2026-05-07 22:44:34,FAILED
5445,4569.0,2001.25,INR,2026-04-05 23:14:59,SUCCESS
5446,3360.0,1335.11,INR,2026-04-01 21:15:34,PENDING
5447,2891.0,8595.58,INR,2026-05-14 20:36:14,FAILED
5448,1922.0,7506.64,INR,2026-01-16 03:13:52,FAILED
5449,4894.0,840.48,INR,2026-01-10 03:17:41,SUCCESS
5450,4116.0,1197.49,INR,2026-06-06 13:31:11,SUCCESS
5451,813.0,3101.74,INR,2026-01-02 22:37:19,FAILED
5452,3582.0,9930.35,INR,2026-02-13 16:16:14,PENDING
5453,2613.0,8325.63,INR,2026-03-07 04:45:37,SUCCESS
5454,405.0,5540.01,INR,2026-01-06 01:37:23,PENDING
5455,1849.0,1393.1,INR,2026-03-24 06:04:51,FAILED
5456,1840.0,3255.79,INR,2026-03-10 11:46:04,FAILED
5457,1138.0,8861.07,INR,2026-03-11 01:30:25,FAILED
5458,3470.0,9552.62,INR,2026-04-12 19:50:51,PENDING
5459,2149.0,7671.61,INR,2026-01-22 11:15:34,PENDING
5460,1778.0,5776.03,INR,2026-03-08 00:05:14,FAILED
5461,2629.0,3960.58,INR,2026-03-27 16:19:06,SUCCESS
5462,1216.0,5711.84,INR,2026-04-25 21:46:48,SUCCESS
5463,4742.0,5916.72,INR,2026-05-31 16:44:01,SUCCESS
5464,3149.0,2419.38,INR,2026-05-02 15:46:49,FAILED
5465,,8769.35,INR,2026-03-16 12:44:25,PENDING
5466,1193.0,9132.43,INR,2026-06-04 14:11:11,SUCCESS
5467,657.0,8113.84,INR,invalid_date,SUCCESS
5468,3399.0,274.99,INR,2026-02-08 06:09:33,FAILED
5469,921.0,66.58,INR,2026-04-29 23:54:21,PENDING
5470,1006.0,6742.5,INR,2026-02-02 21:21:00,PENDING
5471,3148.0,285.8,INR,2026-06-15 06:58:12,FAILED
5472,4673.0,5128.05,INR,2026-06-05 00:33:55,SUCCESS
5473,4308.0,578.27,INR,2026-04-07 10:37:59,PENDING
5474,1526.0,1057.12,INR,2026-05-25 09:58:00,FAILED
5475,4599.0,3693.77,INR,2026-05-13 02:38:31,PENDING
5476,4419.0,6478.85,INR,2026-05-18 22:07:40,FAILED
5477,4710.0,3250.86,INR,2026-04-08 22:36:22,FAILED
5478,3680.0,5417.4,INR,2026-02-20 14:42:58,SUCCESS
5479,3440.0,1836.04,INR,2026-03-11 17:55:15,PENDING
5480,3084.0,4194.16,INR,2026-04-23 21:15:40,FAILED
5481,282.0,-3696.78,INR,2026-05-10 08:50:11,FAILED
5482,3747.0,5190.37,INR,2026-02-25 04:59:28,FAILED
5483,2500.0,6921.44,INR,2026-01-29 06:27:33,PENDING
5484,4340.0,859.14,INR,2026-03-28 06:59:10,PENDING
5485,2685.0,-7002.56,INR,2026-03-19 05:56:20,FAILED
5486,3530.0,7112.76,INR,2026-03-02 04:01:20,SUCCESS
5487,537.0,7134.92,INR,2026-01-23 09:58:01,FAILED
5488,4885.0,3831.58,INR,2026-02-21 00:52:46,FAILED
5489,2624.0,204.09,INR,2026-05-17 00:19:53,FAILED
5490,3779.0,2723.05,INR,2026-06-08 10:29:52,SUCCESS
5491,834.0,9883.57,INR,2026-01-10 06:14:08,SUCCESS
5492,3892.0,3755.39,INR,2026-01-28 22:57:01,SUCCESS
5493,4234.0,7092.92,INR,2026-02-20 02:25:14,PENDING
5494,1958.0,2830.06,INR,2026-03-16 07:21:27,SUCCESS
5495,4349.0,7094.15,INR,2026-02-12 16:34:43,SUCCESS
5496,2134.0,5156.49,INR,2026-04-08 07:03:44,SUCCESS
5497,1783.0,6761.9,INR,2026-03-31 13:05:00,PENDING
5498,,4134.01,INR,2026-06-13 15:26:34,FAILED
5499,4678.0,-2019.46,INR,2026-03-09 09:05:28,FAILED
5500,1783.0,4943.89,INR,invalid_date,PENDING
5501,,6791.8,INR,2026-05-10 00:10:20,PENDING
5502,4360.0,5579.24,INR,2026-03-22 20:30:11,FAILED
5503,855.0,7493.77,INR,2026-06-06 21:21:30,PENDING
5504,66.0,56.12,INR,2026-03-08 11:32:33,PENDING
5505,84.0,6456.05,INR,invalid_date,SUCCESS
5506,2730.0,-4167.02,INR,2026-06-14 07:16:10,PENDING
5507,1732.0,5835.06,INR,2026-01-02 10:37:02,PENDING
5508,3582.0,3602.72,INR,2026-06-06 16:58:47,FAILED
5509,4514.0,9798.94,INR,2026-03-06 12:24:17,PENDING
5510,3894.0,7545.15,INR,2026-03-01 00:41:31,PENDING
5511,30.0,-3939.27,INR,2026-06-10 01:30:13,PENDING
5512,2376.0,8699.75,INR,2026-04-23 13:26:35,PENDING
5513,2722.0,2338.54,INR,2026-06-16 16:49:16,FAILED
5514,579.0,6665.44,INR,2026-02-10 17:12:42,FAILED
5515,1106.0,3677.64,INR,2026-03-27 18:12:07,FAILED
5516,2744.0,7218.98,INR,2026-01-05 17:32:52,SUCCESS
5517,4974.0,3803.28,INR,2026-03-30 22:12:59,PENDING
5518,715.0,5486.15,INR,2026-05-21 08:45:06,FAILED
5519,1367.0,8274.06,INR,2026-03-24 20:29:04,FAILED
5520,4434.0,426.76,INR,2026-02-10 20:22:07,FAILED
5521,3243.0,7446.57,INR,2026-02-18 09:27:18,PENDING
5522,3959.0,5138.25,INR,2026-04-22 17:45:52,SUCCESS
5523,4604.0,6307.3,INR,2026-03-07 19:28:34,PENDING
5524,3250.0,1942.44,INR,2026-02-18 05:11:35,FAILED
5525,701.0,7034.85,INR,2026-05-15 07:01:57,PENDING
5526,4756.0,1584.14,INR,2026-05-07 10:03:27,SUCCESS
5527,2815.0,9519.19,INR,2026-03-14 21:34:09,FAILED
5528,2620.0,5604.27,INR,2026-04-02 06:19:49,FAILED
5529,4954.0,4532.51,INR,2026-02-22 21:05:57,FAILED
5530,3765.0,4806.16,INR,2026-01-17 09:53:39,SUCCESS
5531,3475.0,3528.16,INR,2026-05-03 05:40:43,FAILED
5532,975.0,5971.57,INR,2026-03-24 06:46:30,FAILED
5533,1924.0,2353.56,INR,2026-03-19 16:48:33,PENDING
5534,2670.0,9573.85,INR,2026-04-08 09:10:29,SUCCESS
5535,2468.0,6489.87,INR,2026-02-28 09:02:49,PENDING
5536,2666.0,9366.71,INR,2026-01-16 11:53:28,PENDING
5537,1372.0,9140.81,INR,2026-01-23 02:46:22,PENDING
5538,205.0,8065.96,INR,2026-01-26 03:25:44,SUCCESS
5539,1987.0,4734.26,INR,2026-02-09 16:36:22,FAILED
5540,2651.0,4750.9,INR,2026-06-06 22:31:02,PENDING
5541,4748.0,7630.15,INR,2026-06-09 09:13:43,SUCCESS
5542,2750.0,4468.13,INR,2026-05-11 05:59:55,PENDING
5543,1535.0,7344.24,INR,2026-03-19 16:49:26,SUCCESS
5544,3796.0,1982.58,INR,2026-04-04 21:54:18,PENDING
5545,2415.0,1061.37,INR,2026-01-18 19:59:58,SUCCESS
5546,3168.0,2416.75,INR,2026-01-02 03:51:35,PENDING
5547,3019.0,8933.44,INR,2026-05-17 17:42:30,PENDING
5548,715.0,9435.51,INR,2026-04-10 03:01:23,FAILED
5549,4858.0,-6168.78,INR,2026-03-11 21:39:54,PENDING
5550,4281.0,7308.46,INR,2026-03-09 23:02:03,PENDING
5551,4045.0,2938.89,INR,invalid_date,FAILED
5552,1905.0,3660.75,INR,2026-02-20 09:12:43,FAILED
5553,2615.0,9751.67,INR,2026-01-29 02:09:15,FAILED
5554,2878.0,838.15,INR,2026-05-12 20:54:19,FAILED
5555,734.0,6960.69,INR,2026-02-18 07:12:50,SUCCESS
5556,,8034.45,INR,2026-06-15 19:31:22,FAILED
5557,,6847.45,INR,2026-02-24 23:27:11,SUCCESS
5558,1822.0,3460.25,INR,2026-02-26 06:00:20,FAILED
5559,4151.0,9605.92,INR,2026-03-30 09:48:53,SUCCESS
5560,3133.0,3877.75,INR,2026-06-10 15:14:48,FAILED
5561,4215.0,6247.12,INR,2026-02-08 14:13:48,PENDING
5562,1340.0,1754.31,INR,2026-04-09 07:24:36,PENDING
5563,4396.0,-4311.74,INR,2026-01-26 04:54:42,SUCCESS
5564,1882.0,7254.06,INR,2026-05-25 09:03:43,FAILED
5565,1165.0,6979.27,INR,2026-06-17 05:13:54,FAILED
5566,1259.0,141.33,INR,2026-02-13 03:06:30,PENDING
5567,974.0,2312.08,INR,2026-02-19 11:49:02,PENDING
5568,493.0,6505.56,INR,2026-02-18 19:42:58,SUCCESS
5569,558.0,6600.42,INR,2026-05-03 19:27:40,PENDING
5570,3089.0,5245.17,INR,2026-06-06 10:33:26,SUCCESS
5571,3043.0,8488.75,INR,2026-04-09 05:53:45,SUCCESS
5572,2479.0,1192.5,INR,2026-03-13 11:50:34,PENDING
5573,2829.0,940.95,INR,2026-03-18 04:07:03,FAILED
5574,4030.0,281.1,INR,2026-01-02 17:33:18,FAILED
5575,4815.0,3115.65,INR,2026-02-28 21:57:06,FAILED
5576,2408.0,8120.72,INR,2026-03-01 23:35:42,PENDING
5577,4314.0,4895.14,INR,2026-03-28 08:30:29,PENDING
5578,778.0,1542.03,INR,2026-05-17 11:15:37,SUCCESS
5579,86.0,4274.02,INR,2026-05-06 09:44:49,SUCCESS
5580,4661.0,5382.98,INR,2026-05-02 16:41:48,PENDING
5581,3853.0,6447.89,INR,2026-03-25 11:32:23,FAILED
5582,1366.0,5240.13,INR,2026-05-23 04:18:16,PENDING
5583,1149.0,3611.91,INR,2026-04-24 19:30:13,FAILED
5584,3324.0,7189.55,INR,2026-03-19 06:02:36,FAILED
5585,3643.0,428.9,INR,2026-01-13 06:37:49,PENDING
5586,3871.0,-717.24,INR,2026-04-01 23:50:43,PENDING
5587,3182.0,2179.48,INR,2026-03-18 20:42:42,SUCCESS
5588,3274.0,8605.98,INR,2026-03-20 21:49:54,FAILED
5589,4361.0,2712.6,INR,2026-05-27 02:10:53,FAILED
5590,2649.0,2548.75,INR,2026-03-06 20:58:16,SUCCESS
5591,1160.0,9662.15,INR,2026-05-18 01:02:34,PENDING
5592,3612.0,7917.27,INR,2026-05-10 17:36:50,PENDING
5593,2962.0,4466.21,INR,2026-02-14 04:06:01,SUCCESS
5594,488.0,1419.67,INR,2026-03-16 11:48:46,PENDING
5595,1849.0,6085.91,INR,2026-05-02 01:03:41,PENDING
5596,1567.0,7417.54,INR,2026-02-13 08:45:59,FAILED
5597,2873.0,864.86,INR,2026-02-15 02:29:57,FAILED
5598,3082.0,8335.9,INR,2026-06-08 09:12:16,SUCCESS
5599,3740.0,155.97,INR,2026-05-14 19:31:58,SUCCESS
5600,2024.0,-9328.88,INR,2026-03-19 13:02:11,SUCCESS
5601,2500.0,6351.64,INR,2026-04-30 04:01:31,SUCCESS
5602,4339.0,480.54,INR,2026-05-26 17:38:31,PENDING
5603,3493.0,7415.02,INR,2026-04-21 15:19:08,PENDING
5604,2223.0,4860.6,INR,2026-06-19 06:49:02,FAILED
5605,2436.0,9568.58,INR,2026-04-25 22:22:47,PENDING
5606,2805.0,752.66,INR,2026-03-09 21:30:02,PENDING
5607,2428.0,4336.49,INR,2026-01-02 18:42:48,PENDING
5608,1776.0,20.6,INR,2026-05-15 07:54:59,PENDING
5609,1953.0,7604.32,INR,2026-04-26 11:08:38,SUCCESS
5610,553.0,1765.92,INR,2026-05-16 21:45:01,PENDING
5611,4795.0,6604.78,INR,2026-01-28 00:45:18,PENDING
5612,4221.0,6147.3,INR,2026-05-31 00:13:15,PENDING
5613,,9292.47,INR,2026-04-28 20:12:30,PENDING
5614,3233.0,345.34,INR,invalid_date,FAILED
5615,4035.0,1715.94,INR,2026-01-25 06:55:26,PENDING
5616,706.0,4648.88,INR,2026-03-18 02:20:46,FAILED
5617,2104.0,5495.27,INR,2026-06-16 16:06:16,PENDING
5618,3923.0,3095.1,INR,2026-06-04 00:56:20,FAILED
5619,738.0,1979.84,INR,2026-06-05 11:22:30,FAILED
5620,3214.0,9144.8,INR,2026-01-06 17:43:06,PENDING
5621,701.0,7445.53,INR,2026-03-25 22:16:23,SUCCESS
5622,960.0,989.35,INR,2026-02-13 12:13:47,SUCCESS
5623,4677.0,333.49,INR,2026-03-07 10:49:35,PENDING
5624,2452.0,2954.75,INR,2026-05-03 07:16:35,FAILED
5625,1434.0,576.66,INR,2026-02-03 03:42:13,SUCCESS
5626,965.0,1908.3,INR,2026-06-07 23:54:59,SUCCESS
5627,4331.0,9123.44,INR,2026-02-23 03:08:14,PENDING
5628,3473.0,2268.53,INR,2026-05-20 03:26:15,FAILED
5629,1724.0,3200.29,INR,2026-01-04 23:56:39,PENDING
5630,2074.0,3774.62,INR,2026-01-28 09:49:02,PENDING
5631,2762.0,7750.97,INR,2026-02-26 11:22:37,FAILED
5632,2665.0,5235.2,INR,2026-05-30 06:12:01,SUCCESS
5633,4154.0,1770.92,INR,2026-02-27 22:30:52,FAILED
5634,1315.0,8285.45,INR,2026-04-06 05:49:13,SUCCESS
5635,4494.0,8184.32,INR,2026-02-23 05:47:32,FAILED
5636,4019.0,7272.98,INR,2026-04-29 11:16:03,SUCCESS
5637,718.0,7865.13,INR,2026-01-04 11:53:53,PENDING
5638,4777.0,9372.36,INR,2026-01-02 20:25:59,SUCCESS
5639,3464.0,9788.83,INR,2026-03-30 21:34:11,SUCCESS
5640,3130.0,9309.13,INR,2026-04-04 03:32:24,SUCCESS
5641,154.0,1562.68,INR,2026-04-13 23:10:18,SUCCESS
5642,2271.0,1966.62,INR,2026-06-07 08:09:47,PENDING
5643,3663.0,896.82,INR,2026-01-05 15:51:34,FAILED
5644,2794.0,6527.53,INR,invalid_date,SUCCESS
5645,3683.0,7547.73,INR,2026-04-26 20:55:07,PENDING
5646,278.0,1919.71,INR,2026-04-08 22:46:55,FAILED
5647,4984.0,3762.89,INR,2026-02-07 03:14:20,PENDING
5648,1482.0,8337.75,INR,2026-03-09 19:58:58,SUCCESS
5649,1215.0,3551.18,INR,2026-03-04 21:17:24,FAILED
5650,3270.0,9631.74,INR,2026-04-10 10:08:59,SUCCESS
5651,3246.0,7327.2,INR,2026-01-16 09:42:18,PENDING
5652,1667.0,8161.07,INR,2026-01-12 01:59:46,FAILED
5653,1023.0,-9572.94,INR,2026-04-28 07:00:16,SUCCESS
5654,1723.0,5069.45,INR,2026-01-02 04:08:50,PENDING
5655,3985.0,8260.91,INR,2026-06-15 03:05:38,PENDING
5656,1724.0,9601.77,INR,2026-05-06 10:55:19,FAILED
5657,2185.0,4056.13,INR,2026-02-19 22:13:53,PENDING
5658,2646.0,2585.13,INR,2026-03-31 21:03:59,SUCCESS
5659,460.0,4347.39,INR,2026-03-26 20:53:27,PENDING
5660,1247.0,8825.02,INR,2026-03-10 02:44:53,FAILED
5661,1274.0,-5373.95,INR,2026-05-31 09:42:50,PENDING
5662,1247.0,4816.12,INR,2026-02-07 17:28:24,PENDING
5663,2954.0,6400.28,INR,2026-02-03 00:20:44,FAILED
5664,730.0,2290.1,INR,2026-04-12 15:13:45,SUCCESS
5665,3130.0,2820.32,INR,2026-01-24 18:31:29,SUCCESS
5666,4831.0,7561.92,INR,2026-06-06 10:06:09,FAILED
5667,4507.0,8611.0,INR,2026-05-02 18:09:01,FAILED
5668,3167.0,2641.67,INR,2026-01-13 00:58:49,SUCCESS
5669,4210.0,3056.29,INR,2026-05-27 20:23:35,PENDING
5670,870.0,2909.32,INR,2026-01-26 21:10:52,SUCCESS
5671,3903.0,2923.85,INR,invalid_date,SUCCESS
5672,4423.0,4422.46,INR,2026-04-21 16:25:52,SUCCESS
5673,3529.0,9153.82,INR,2026-03-11 11:39:09,SUCCESS
5674,1040.0,8623.31,INR,2026-02-06 06:50:19,SUCCESS
5675,4224.0,5383.1,INR,2026-05-22 07:23:43,PENDING
5676,38.0,8225.87,INR,2026-02-17 14:11:04,PENDING
5677,2055.0,5913.99,INR,2026-05-20 19:44:25,FAILED
5678,1403.0,112.27,INR,2026-05-29 09:34:23,FAILED
5679,873.0,8194.77,INR,2026-05-08 18:04:31,PENDING
5680,4676.0,7302.33,INR,2026-01-26 18:36:35,PENDING
5681,3079.0,5898.6,INR,2026-02-27 16:01:18,PENDING
5682,3870.0,5069.78,INR,2026-05-27 12:35:07,SUCCESS
5683,2841.0,5556.95,INR,2026-03-18 17:33:12,PENDING
5684,,4964.04,INR,2026-03-13 14:42:52,PENDING
5685,458.0,5049.64,INR,2026-04-24 09:06:50,PENDING
5686,382.0,6522.06,INR,2026-02-03 15:56:22,PENDING
5687,4860.0,3017.49,INR,2026-04-23 22:11:02,SUCCESS
5688,3525.0,1035.17,INR,2026-02-28 09:50:28,SUCCESS
5689,4923.0,7500.53,INR,2026-03-02 19:46:17,FAILED
5690,4795.0,4481.96,INR,2026-04-12 09:05:32,FAILED
5691,4432.0,9161.43,INR,2026-06-12 10:44:46,FAILED
5692,4890.0,7987.05,INR,2026-03-02 16:49:00,SUCCESS
5693,,4266.83,INR,2026-03-29 07:38:47,SUCCESS
5694,733.0,8790.09,INR,2026-05-15 15:00:28,FAILED
5695,3616.0,651.45,INR,2026-03-13 22:36:30,SUCCESS
5696,915.0,1360.71,INR,2026-01-07 03:12:54,PENDING
5697,373.0,6645.7,INR,2026-01-28 04:37:46,PENDING
5698,4587.0,859.07,INR,2026-02-20 13:33:29,SUCCESS
5699,3292.0,995.87,INR,2026-03-17 19:26:37,SUCCESS
5700,1805.0,9537.32,INR,invalid_date,FAILED
5701,3653.0,4044.63,INR,2026-01-25 12:13:16,PENDING
5702,2788.0,3783.88,INR,2026-03-10 21:17:20,SUCCESS
5703,582.0,1218.95,INR,2026-02-09 22:59:06,SUCCESS
5704,2251.0,2455.27,INR,2026-01-12 13:59:44,FAILED
5705,4758.0,3920.81,INR,2026-01-28 12:34:29,SUCCESS
5706,3.0,4991.22,INR,2026-04-29 06:15:40,PENDING
5707,4894.0,1995.56,INR,2026-01-10 12:46:19,PENDING
5708,4179.0,151.85,INR,2026-02-20 03:27:26,FAILED
5709,2118.0,3822.96,INR,2026-04-01 06:39:27,SUCCESS
5710,3449.0,6189.15,INR,2026-05-14 23:25:22,SUCCESS
5711,2294.0,9691.63,INR,2026-03-24 19:06:46,PENDING
5712,785.0,4441.76,INR,2026-01-26 00:47:55,FAILED
5713,3385.0,9258.46,INR,2026-02-09 18:45:52,PENDING
5714,1676.0,1464.09,INR,2026-06-10 03:00:59,FAILED
5715,3225.0,9915.93,INR,2026-02-15 06:01:28,FAILED
5716,4885.0,1922.18,INR,2026-02-09 03:16:58,FAILED
5717,,7981.94,INR,2026-01-23 09:35:02,PENDING
5718,353.0,1955.97,INR,2026-02-16 07:16:44,FAILED
5719,3557.0,857.88,INR,2026-01-16 18:13:18,FAILED
5720,632.0,5018.44,INR,2026-05-24 10:59:22,PENDING
5721,1045.0,6632.8,INR,2026-04-19 20:46:04,PENDING
5722,1719.0,6915.74,INR,2026-01-31 12:31:07,FAILED
5723,4063.0,7812.61,INR,2026-01-13 12:22:41,PENDING
5724,1688.0,5537.5,INR,2026-04-27 14:11:21,SUCCESS
5725,4978.0,3997.01,INR,2026-04-22 03:16:50,PENDING
5726,3864.0,3196.12,INR,2026-01-23 14:36:42,FAILED
5727,4121.0,3703.67,INR,2026-03-15 19:31:29,PENDING
5728,1449.0,8358.76,INR,2026-03-17 18:31:19,SUCCESS
5729,1016.0,4625.69,INR,2026-03-15 14:54:17,PENDING
5730,357.0,4970.48,INR,2026-02-02 19:37:56,PENDING
5731,4374.0,8692.03,INR,2026-01-11 10:32:38,FAILED
5732,2826.0,5225.9,INR,2026-06-16 06:02:23,SUCCESS
5733,,1729.2,INR,2026-03-20 08:16:24,SUCCESS
5734,569.0,1223.69,INR,2026-06-04 21:19:37,FAILED
5735,3624.0,1120.3,INR,2026-02-22 08:13:06,SUCCESS
5736,2139.0,7169.8,INR,2026-01-13 05:36:09,FAILED
5737,557.0,2008.64,INR,2026-06-01 11:12:10,PENDING
5738,333.0,9781.1,INR,2026-03-26 07:41:45,PENDING
5739,3497.0,6547.24,INR,2026-02-01 02:21:12,PENDING
5740,3412.0,5333.18,INR,2026-03-09 19:46:26,PENDING
5741,397.0,3537.38,INR,2026-02-26 23:04:40,PENDING
5742,1227.0,5805.14,INR,2026-02-13 00:42:21,PENDING
5743,4016.0,896.81,INR,2026-06-05 00:39:01,PENDING
5744,4442.0,3426.18,INR,invalid_date,FAILED
5745,679.0,8716.63,INR,2026-03-15 18:31:48,SUCCESS
5746,635.0,2382.8,INR,2026-02-15 08:04:42,FAILED
5747,453.0,6922.18,INR,2026-05-17 20:24:40,PENDING
5748,1559.0,592.66,INR,2026-04-09 09:09:34,PENDING
5749,700.0,1588.92,INR,2026-06-10 19:55:03,FAILED
5750,3759.0,1194.25,INR,2026-05-24 14:16:42,SUCCESS
5751,3071.0,3677.03,INR,2026-05-05 04:40:49,SUCCESS
5752,4122.0,6801.75,INR,2026-05-15 20:19:53,PENDING
5753,4755.0,-9537.54,INR,2026-01-27 10:21:45,PENDING
5754,1600.0,3132.8,INR,2026-05-06 07:47:03,SUCCESS
5755,2577.0,9212.47,INR,2026-05-14 21:51:00,SUCCESS
5756,3121.0,6648.69,INR,2026-04-04 22:57:08,FAILED
5757,3700.0,8496.45,INR,2026-04-12 10:07:52,PENDING
5758,2656.0,-8097.84,INR,2026-01-23 02:18:11,SUCCESS
5759,4534.0,2623.65,INR,2026-01-29 03:31:34,FAILED
5760,5000.0,7191.75,INR,2026-02-10 23:57:17,SUCCESS
5761,928.0,8484.82,INR,2026-01-29 15:45:15,PENDING
5762,3820.0,4828.73,INR,2026-04-04 17:53:23,FAILED
5763,3295.0,-8770.81,INR,2026-05-08 23:04:38,SUCCESS
5764,2319.0,4486.69,INR,2026-06-12 05:36:48,PENDING
5765,889.0,-6768.69,INR,2026-04-20 11:38:33,PENDING
5766,3706.0,1697.08,INR,2026-01-13 15:27:16,PENDING
5767,2757.0,8507.79,INR,2026-02-14 14:59:14,FAILED
5768,4263.0,7920.79,INR,2026-04-12 00:21:39,FAILED
5769,1769.0,573.41,INR,2026-03-18 21:00:54,SUCCESS
5770,4726.0,1287.93,INR,2026-02-28 23:38:04,PENDING
5771,2344.0,580.08,INR,invalid_date,FAILED
5772,1083.0,1333.46,INR,2026-03-31 21:53:06,FAILED
5773,3541.0,9879.64,INR,2026-05-04 18:34:10,PENDING
5774,2284.0,8610.7,INR,2026-01-03 15:42:37,SUCCESS
5775,2908.0,9495.69,INR,2026-04-09 08:42:09,PENDING
5776,3278.0,8610.13,INR,2026-02-27 20:40:23,SUCCESS
5777,3150.0,2855.32,INR,2026-03-21 00:46:42,SUCCESS
5778,3875.0,6126.84,INR,2026-03-09 08:23:48,FAILED
5779,3210.0,9754.43,INR,2026-02-08 22:52:05,FAILED
5780,2875.0,1397.02,INR,2026-02-05 02:44:46,PENDING
5781,643.0,6241.55,INR,2026-04-30 23:11:30,SUCCESS
5782,3243.0,630.79,INR,2026-02-13 13:44:28,SUCCESS
5783,1923.0,6896.31,INR,2026-04-04 01:49:17,SUCCESS
5784,4995.0,2580.74,INR,2026-02-11 15:25:08,PENDING
5785,3487.0,5635.66,INR,2026-05-10 09:29:32,FAILED
5786,3603.0,8926.05,INR,2026-05-18 02:31:57,PENDING
5787,2268.0,5620.24,INR,2026-03-17 21:40:05,SUCCESS
5788,274.0,4585.45,INR,2026-04-27 04:06:20,FAILED
5789,3734.0,7535.78,INR,2026-02-03 18:16:03,SUCCESS
5790,1249.0,5627.26,INR,2026-03-12 11:48:39,SUCCESS
5791,1016.0,4737.91,INR,2026-03-17 09:54:52,FAILED
5792,1765.0,4142.49,INR,2026-01-12 07:38:32,SUCCESS
5793,847.0,-1074.83,INR,2026-06-12 02:47:03,FAILED
5794,30.0,1656.0,INR,2026-03-15 00:34:05,FAILED
5795,3720.0,146.1,INR,2026-02-15 23:18:15,FAILED
5796,3707.0,-9848.58,INR,2026-04-28 21:23:52,FAILED
5797,4083.0,3457.32,INR,2026-04-21 23:11:49,PENDING
5798,3917.0,1806.42,INR,2026-01-24 23:39:44,FAILED
5799,4281.0,2211.85,INR,2026-05-18 15:35:39,SUCCESS
5800,1866.0,6974.12,INR,2026-02-14 03:46:35,FAILED
5801,1241.0,5370.58,INR,2026-01-10 14:21:42,FAILED
5802,1907.0,1027.94,INR,2026-03-11 14:35:09,FAILED
5803,1546.0,8801.82,INR,2026-04-21 11:28:22,FAILED
5804,848.0,-8962.69,INR,2026-04-27 04:24:28,FAILED
5805,156.0,6016.41,INR,2026-05-02 14:24:40,PENDING
5806,4556.0,7160.19,INR,2026-01-27 12:00:51,PENDING
5807,558.0,1819.28,INR,2026-05-22 04:31:45,PENDING
5808,3221.0,9727.86,INR,2026-01-08 15:09:07,SUCCESS
5809,3625.0,6053.1,INR,2026-05-11 03:09:23,SUCCESS
5810,4959.0,3572.17,INR,2026-05-03 03:06:33,FAILED
5811,1409.0,8424.1,INR,invalid_date,FAILED
5812,4119.0,1274.01,INR,2026-02-08 19:19:10,PENDING
5813,757.0,6811.02,INR,2026-04-20 18:42:15,FAILED
5814,1567.0,5787.75,INR,2026-03-11 14:26:28,PENDING
5815,2992.0,6827.28,INR,2026-02-11 21:01:08,SUCCESS
5816,85.0,9904.11,INR,2026-04-12 12:24:01,SUCCESS
5817,2417.0,4899.67,INR,2026-05-15 17:02:44,FAILED
5818,2635.0,6136.6,INR,2026-05-22 05:21:47,PENDING
5819,1582.0,5554.33,INR,2026-06-05 21:47:37,SUCCESS
5820,4424.0,9903.76,INR,2026-06-10 17:41:46,FAILED
5821,2513.0,7020.05,INR,2026-04-18 17:36:29,PENDING
5822,3353.0,7274.24,INR,2026-06-05 22:37:24,PENDING
5823,2198.0,4032.76,INR,2026-02-23 10:51:09,SUCCESS
5824,2676.0,8232.11,INR,invalid_date,FAILED
5825,2841.0,9381.07,INR,2026-06-13 07:05:41,FAILED
5826,3033.0,8349.82,INR,2026-04-04 22:17:09,PENDING
5827,3688.0,6133.96,INR,2026-01-11 04:56:44,SUCCESS
5828,93.0,9398.96,INR,2026-06-10 22:21:47,PENDING
5829,565.0,8614.56,INR,2026-01-22 08:13:52,PENDING
5830,1781.0,8299.51,INR,2026-04-24 07:42:01,FAILED
5831,2928.0,9540.67,INR,2026-01-10 13:58:25,PENDING
5832,4485.0,2755.02,INR,2026-03-17 02:39:40,FAILED
5833,425.0,3832.62,INR,2026-05-29 00:45:28,SUCCESS
5834,4768.0,2026.45,INR,2026-05-20 22:10:20,FAILED
5835,3594.0,4018.86,INR,2026-04-14 02:32:35,PENDING
5836,2559.0,6959.93,INR,2026-01-11 05:16:06,SUCCESS
5837,3934.0,9857.31,INR,2026-04-12 11:05:05,PENDING
5838,3842.0,8246.56,INR,2026-03-02 16:47:20,FAILED
5839,2501.0,9049.73,INR,2026-03-22 20:13:52,PENDING
5840,3585.0,4925.73,INR,2026-05-14 19:33:40,FAILED
5841,3095.0,3113.73,INR,2026-03-22 16:18:26,PENDING
5842,4882.0,5006.65,INR,2026-03-03 00:51:27,FAILED
5843,1429.0,3751.71,INR,2026-05-09 18:08:27,SUCCESS
5844,13.0,5473.46,INR,2026-06-16 02:44:14,SUCCESS
5845,312.0,2927.39,INR,2026-05-29 06:14:04,PENDING
5846,1611.0,2219.19,INR,invalid_date,PENDING
5847,4146.0,7483.31,INR,2026-05-01 07:22:12,PENDING
5848,4405.0,7245.75,INR,2026-02-12 13:27:19,SUCCESS
5849,3419.0,6906.99,INR,2026-03-22 18:08:30,SUCCESS
5850,4206.0,4472.8,INR,2026-05-07 07:07:09,PENDING
5851,374.0,5758.25,INR,2026-01-15 17:33:42,PENDING
5852,1946.0,5797.82,INR,2026-04-06 14:58:40,FAILED
5853,122.0,2359.05,INR,2026-04-23 22:09:03,PENDING
5854,2627.0,9112.45,INR,2026-05-23 04:56:25,FAILED
5855,2191.0,384.45,INR,2026-02-10 08:10:24,SUCCESS
5856,4651.0,4100.17,INR,2026-01-01 21:12:06,PENDING
5857,403.0,6486.4,INR,2026-06-19 11:31:20,PENDING
5858,1343.0,5880.53,INR,2026-02-19 15:48:08,SUCCESS
5859,2763.0,1838.47,INR,2026-03-16 05:02:36,FAILED
5860,1926.0,4464.5,INR,2026-04-26 21:55:11,PENDING
5861,2701.0,9055.87,INR,2026-01-01 14:33:05,FAILED
5862,2886.0,4901.55,INR,2026-04-13 17:41:01,FAILED
5863,3185.0,1459.29,INR,2026-01-02 22:02:18,FAILED
5864,2381.0,8171.46,INR,2026-05-04 02:21:14,PENDING
5865,719.0,2033.36,INR,2026-01-02 07:57:34,PENDING
5866,1997.0,2371.93,INR,2026-02-14 01:29:28,PENDING
5867,3714.0,5816.08,INR,2026-02-21 02:13:43,PENDING
5868,3075.0,9867.56,INR,2026-04-11 16:31:00,SUCCESS
5869,3005.0,122.6,INR,2026-03-25 15:10:24,FAILED
5870,3323.0,369.91,INR,2026-05-05 10:31:40,SUCCESS
5871,2306.0,8596.73,INR,invalid_date,PENDING
5872,167.0,5812.97,INR,invalid_date,PENDING
5873,4705.0,3582.21,INR,2026-04-21 18:49:28,FAILED
5874,1886.0,1881.76,INR,2026-05-10 08:57:17,SUCCESS
5875,2431.0,472.77,INR,2026-05-13 19:31:41,PENDING
5876,1996.0,3129.21,INR,2026-01-25 17:02:03,SUCCESS
5877,4810.0,4054.26,INR,2026-06-03 08:32:56,FAILED
5878,380.0,5780.88,INR,2026-05-10 11:27:18,FAILED
5879,2168.0,8377.29,INR,2026-01-12 15:03:31,FAILED
5880,2985.0,915.64,INR,2026-05-05 19:39:14,FAILED
5881,3783.0,8335.53,INR,2026-03-26 13:59:35,FAILED
5882,4467.0,2388.83,INR,2026-03-30 00:08:37,PENDING
5883,450.0,7367.54,INR,2026-06-01 03:01:02,FAILED
5884,4845.0,8875.51,INR,2026-03-25 13:21:43,FAILED
5885,2699.0,6791.66,INR,2026-03-05 02:43:33,SUCCESS
5886,1920.0,4302.73,INR,2026-04-17 19:50:55,SUCCESS
5887,1519.0,3494.54,INR,2026-03-25 10:00:38,PENDING
5888,1914.0,1415.92,INR,2026-03-07 19:04:41,FAILED
5889,2363.0,5158.49,INR,2026-05-30 18:05:43,PENDING
5890,3155.0,9157.03,INR,2026-05-28 12:56:39,FAILED
5891,4204.0,7615.85,INR,2026-02-18 11:55:59,SUCCESS
5892,4358.0,9499.43,INR,2026-01-10 07:10:14,PENDING
5893,3731.0,7885.74,INR,2026-02-11 04:06:30,FAILED
5894,2825.0,8942.59,INR,2026-04-18 16:15:08,FAILED
5895,2100.0,7861.51,INR,2026-02-17 13:19:41,SUCCESS
5896,2708.0,8306.18,INR,2026-04-11 04:47:35,SUCCESS
5897,4101.0,8160.92,INR,2026-02-15 02:42:56,SUCCESS
5898,3658.0,3733.03,INR,2026-04-01 09:01:03,PENDING
5899,,3146.97,INR,2026-02-03 08:54:21,SUCCESS
5900,3243.0,1536.29,INR,2026-04-12 13:39:25,FAILED
5901,1622.0,8451.06,INR,2026-06-04 12:24:59,PENDING
5902,4436.0,6134.44,INR,2026-01-11 01:13:44,SUCCESS
5903,3394.0,1314.84,INR,2026-04-29 13:29:18,PENDING
5904,4098.0,1928.44,INR,2026-02-16 20:12:19,SUCCESS
5905,776.0,3305.02,INR,2026-02-21 13:35:39,SUCCESS
5906,615.0,4952.27,INR,2026-01-05 07:13:56,FAILED
5907,8.0,-6939.09,INR,2026-03-21 20:48:59,PENDING
5908,979.0,6628.02,INR,2026-05-11 17:17:07,PENDING
5909,2742.0,5292.02,INR,2026-05-06 23:26:49,PENDING
5910,2774.0,8710.56,INR,2026-06-02 20:08:28,SUCCESS
5911,1025.0,8882.4,INR,2026-05-27 10:01:47,PENDING
5912,1273.0,2520.16,INR,2026-01-09 09:18:56,PENDING
5913,4094.0,416.8,INR,2026-01-13 13:18:02,FAILED
5914,1466.0,217.27,INR,2026-02-04 01:48:11,FAILED
5915,195.0,8029.67,INR,2026-02-27 12:17:31,FAILED
5916,2325.0,8753.4,INR,2026-02-22 20:09:57,FAILED
5917,4745.0,1368.2,INR,2026-03-11 11:26:52,PENDING
5918,1522.0,3979.59,INR,2026-01-13 23:50:45,SUCCESS
5919,4695.0,8955.55,INR,invalid_date,SUCCESS
5920,4177.0,625.48,INR,2026-06-02 01:54:35,SUCCESS
5921,3469.0,4258.38,INR,2026-02-20 23:05:28,SUCCESS
5922,526.0,1563.29,INR,2026-01-13 04:49:07,SUCCESS
5923,1683.0,2691.4,INR,2026-02-09 04:51:00,SUCCESS
5924,3020.0,135.91,INR,2026-05-02 14:47:07,PENDING
5925,2276.0,9577.01,INR,2026-02-28 06:35:33,SUCCESS
5926,1680.0,3463.02,INR,2026-06-11 01:41:11,FAILED
5927,3424.0,2495.53,INR,2026-06-13 22:47:43,PENDING
5928,3460.0,3702.24,INR,2026-05-26 02:08:24,FAILED
5929,4998.0,1728.97,INR,2026-05-28 21:40:29,SUCCESS
5930,3619.0,2665.92,INR,2026-04-23 00:22:25,SUCCESS
5931,4005.0,8526.27,INR,2026-04-28 10:02:41,PENDING
5932,2447.0,5983.33,INR,2026-05-22 12:07:52,SUCCESS
5933,2311.0,2503.2,INR,2026-05-08 08:30:05,SUCCESS
5934,2940.0,4432.8,INR,2026-06-11 19:50:49,FAILED
5935,405.0,9292.13,INR,2026-04-08 01:59:54,PENDING
5936,2364.0,4816.47,INR,2026-01-14 03:47:56,SUCCESS
5937,2936.0,5560.24,INR,2026-01-20 17:11:30,SUCCESS
5938,2938.0,8673.73,INR,2026-03-11 17:18:30,PENDING
5939,548.0,1122.58,INR,2026-05-28 22:21:30,FAILED
5940,932.0,-7438.41,INR,2026-04-16 07:39:15,FAILED
5941,4668.0,245.91,INR,2026-03-10 05:32:20,FAILED
5942,1454.0,3187.53,INR,2026-05-25 11:00:34,SUCCESS
5943,2591.0,2198.22,INR,2026-04-05 03:54:13,PENDING
5944,3963.0,9494.67,INR,2026-03-31 13:44:16,FAILED
5945,1959.0,3820.92,INR,2026-01-05 16:22:06,FAILED
5946,3675.0,5146.32,INR,2026-04-15 03:32:46,PENDING
5947,944.0,1753.71,INR,2026-03-12 18:16:08,FAILED
5948,335.0,7340.43,INR,2026-02-17 08:40:05,FAILED
5949,227.0,5539.45,INR,2026-06-02 16:34:23,SUCCESS
5950,,176.37,INR,2026-04-08 12:04:53,PENDING
5951,3727.0,389.39,INR,2026-01-10 09:24:39,SUCCESS
5952,1936.0,7103.99,INR,2026-03-24 13:04:13,FAILED
5953,4094.0,5944.57,INR,2026-05-17 00:41:27,FAILED
5954,3203.0,1120.81,INR,2026-03-15 11:00:21,PENDING
5955,3746.0,6874.36,INR,2026-04-15 20:28:53,PENDING
5956,1535.0,4636.5,INR,2026-01-18 08:39:34,FAILED
5957,4999.0,9224.49,INR,2026-01-18 14:12:51,FAILED
5958,4191.0,1609.37,INR,2026-03-26 17:17:38,SUCCESS
5959,3172.0,-1131.74,INR,2026-03-22 03:50:16,SUCCESS
5960,3249.0,-3723.07,INR,2026-05-29 13:33:45,PENDING
5961,2647.0,1710.54,INR,2026-06-15 09:56:27,PENDING
5962,3264.0,1644.05,INR,2026-01-02 05:38:49,FAILED
5963,2192.0,1608.03,INR,2026-02-02 06:13:12,FAILED
5964,1208.0,9035.67,INR,2026-03-22 11:11:19,PENDING
5965,2294.0,5048.08,INR,2026-05-20 21:46:22,FAILED
5966,749.0,7665.99,INR,2026-03-22 21:39:16,FAILED
5967,1518.0,4387.7,INR,2026-06-11 13:57:17,FAILED
5968,1943.0,3744.69,INR,2026-01-15 04:13:58,FAILED
5969,3825.0,9104.7,INR,2026-04-27 15:49:35,FAILED
5970,2418.0,5724.44,INR,2026-01-01 15:12:40,SUCCESS
5971,2413.0,3599.17,INR,2026-05-20 23:12:07,PENDING
5972,4256.0,7681.02,INR,2026-01-19 22:25:11,FAILED
5973,4711.0,1227.97,INR,2026-02-05 22:12:23,PENDING
5974,2587.0,259.18,INR,2026-03-19 08:02:38,SUCCESS
5975,207.0,3531.04,INR,2026-04-07 12:04:29,SUCCESS
5976,574.0,1048.43,INR,2026-06-07 17:12:46,SUCCESS
5977,3354.0,8926.53,INR,2026-04-20 03:49:31,SUCCESS
5978,4176.0,429.4,INR,2026-04-22 14:06:56,PENDING
5979,4297.0,8535.55,INR,2026-03-30 04:51:32,SUCCESS
5980,2644.0,241.57,INR,2026-02-13 21:19:59,SUCCESS
5981,4370.0,5028.91,INR,2026-05-16 21:57:23,PENDING
5982,4606.0,5553.17,INR,2026-04-11 01:16:28,PENDING
5983,3797.0,8210.13,INR,2026-01-04 12:07:40,SUCCESS
5984,1469.0,4714.88,INR,2026-02-07 14:30:18,PENDING
5985,3907.0,5360.81,INR,2026-04-03 05:53:36,PENDING
5986,3199.0,2578.88,INR,2026-02-25 06:00:28,PENDING
5987,4326.0,1989.43,INR,2026-01-22 04:07:30,PENDING
5988,3900.0,4795.81,INR,2026-03-12 09:43:50,SUCCESS
5989,497.0,8192.9,INR,2026-06-16 17:35:20,SUCCESS
5990,4445.0,5519.88,INR,2026-03-01 12:45:49,SUCCESS
5991,1345.0,9464.64,INR,2026-03-08 14:30:00,SUCCESS
5992,3460.0,1172.93,INR,2026-03-13 00:13:30,FAILED
5993,217.0,2379.73,INR,2026-03-08 02:11:10,PENDING
5994,4139.0,1967.34,INR,2026-01-09 07:51:04,PENDING
5995,1656.0,5259.8,INR,2026-05-07 21:54:45,PENDING
5996,3348.0,1768.15,INR,2026-03-17 13:59:25,FAILED
5997,1871.0,114.02,INR,2026-03-12 04:10:23,SUCCESS
5998,893.0,8858.42,INR,2026-05-15 23:17:24,FAILED
5999,4492.0,2384.75,INR,2026-02-10 02:49:22,PENDING
6000,4628.0,772.06,INR,2026-01-31 08:10:37,PENDING
6001,657.0,4461.95,INR,2026-03-22 04:09:06,FAILED
6002,2378.0,2944.47,INR,2026-02-22 13:26:28,SUCCESS
6003,2392.0,4732.73,INR,2026-02-12 10:44:25,PENDING
6004,4265.0,9059.74,INR,2026-06-04 14:53:38,SUCCESS
6005,2882.0,9789.72,INR,2026-01-29 07:50:31,PENDING
6006,3358.0,9071.31,INR,2026-02-21 22:56:35,PENDING
6007,1142.0,6168.26,INR,2026-03-10 10:12:20,SUCCESS
6008,4368.0,7729.78,INR,2026-02-08 16:13:02,PENDING
6009,1584.0,9310.85,INR,2026-01-20 14:57:20,PENDING
6010,2929.0,5691.38,INR,2026-04-30 12:12:24,SUCCESS
6011,3868.0,5651.42,INR,2026-01-01 06:38:20,FAILED
6012,2648.0,7648.0,INR,2026-04-06 12:19:58,FAILED
6013,2272.0,3116.24,INR,2026-03-18 01:27:22,SUCCESS
6014,1135.0,2393.2,INR,2026-03-16 17:42:01,FAILED
6015,4258.0,3090.45,INR,2026-04-19 05:45:14,FAILED
6016,4790.0,4455.31,INR,2026-04-10 20:04:23,PENDING
6017,1639.0,4153.71,INR,2026-04-12 02:13:11,SUCCESS
6018,812.0,15.83,INR,2026-02-11 02:35:18,FAILED
6019,3024.0,-1231.71,INR,2026-02-10 13:07:45,FAILED
6020,3154.0,769.81,INR,2026-05-09 09:48:40,SUCCESS
6021,441.0,8497.3,INR,2026-06-02 10:23:18,FAILED
6022,2738.0,8994.25,INR,2026-03-26 03:25:42,FAILED
6023,450.0,6692.48,INR,2026-02-08 11:59:39,FAILED
6024,166.0,2044.71,INR,2026-01-16 18:50:17,FAILED
6025,3683.0,6766.52,INR,2026-02-07 06:52:31,FAILED
6026,4839.0,8320.45,INR,2026-02-01 10:51:13,SUCCESS
6027,3362.0,766.43,INR,2026-01-13 08:51:29,PENDING
6028,3403.0,4569.83,INR,2026-02-10 04:29:25,FAILED
6029,117.0,757.73,INR,2026-02-20 02:26:13,PENDING
6030,4621.0,3620.57,INR,2026-03-31 14:20:43,PENDING
6031,4856.0,5688.7,INR,2026-02-19 23:21:54,FAILED
6032,1321.0,198.21,INR,2026-04-16 08:54:10,FAILED
6033,2503.0,8631.31,INR,2026-01-21 00:51:47,SUCCESS
6034,4617.0,293.88,INR,2026-03-02 02:51:21,FAILED
6035,1233.0,9050.35,INR,2026-05-04 18:13:59,FAILED
6036,2254.0,8999.46,INR,2026-01-09 02:15:05,SUCCESS
6037,4309.0,4625.89,INR,2026-04-08 10:29:23,FAILED
6038,1183.0,3526.89,INR,2026-06-10 11:55:01,PENDING
6039,4858.0,1497.46,INR,2026-05-31 15:53:46,PENDING
6040,679.0,6076.33,INR,2026-06-14 11:56:55,PENDING
6041,1325.0,4464.17,INR,2026-04-13 09:35:26,SUCCESS
6042,3743.0,247.3,INR,2026-01-20 06:03:09,SUCCESS
6043,553.0,146.74,INR,2026-05-08 03:35:38,SUCCESS
6044,1449.0,984.39,INR,2026-02-11 01:57:55,SUCCESS
6045,1690.0,-7257.94,INR,2026-04-01 23:10:22,FAILED
6046,2926.0,536.79,INR,2026-02-06 00:26:54,FAILED
6047,1112.0,9999.77,INR,invalid_date,SUCCESS
6048,3299.0,2458.51,INR,2026-01-28 23:22:49,FAILED
6049,635.0,7183.06,INR,2026-03-19 04:40:08,FAILED
6050,2333.0,8550.5,INR,2026-02-21 16:44:53,SUCCESS
6051,447.0,903.22,INR,2026-02-14 19:13:48,SUCCESS
6052,4540.0,1081.52,INR,2026-01-02 11:53:45,SUCCESS
6053,4764.0,4635.59,INR,2026-02-07 19:07:43,FAILED
6054,2060.0,5160.28,INR,2026-02-05 21:39:19,PENDING
6055,,7980.17,INR,2026-05-23 10:53:20,FAILED
6056,4503.0,1600.13,INR,2026-02-05 08:31:40,SUCCESS
6057,1831.0,4002.49,INR,2026-05-07 22:30:20,FAILED
6058,1288.0,7563.14,INR,2026-03-16 03:11:38,FAILED
6059,258.0,5805.32,INR,2026-03-27 17:00:21,SUCCESS
6060,415.0,9912.79,INR,2026-01-08 17:26:14,PENDING
6061,,3926.07,INR,2026-01-25 14:02:21,SUCCESS
6062,1871.0,112.2,INR,2026-06-11 05:21:46,PENDING
6063,3356.0,5191.53,INR,2026-06-02 21:25:17,PENDING
6064,,3526.09,INR,2026-04-15 16:17:49,FAILED
6065,3322.0,483.14,INR,2026-03-27 14:21:58,SUCCESS
6066,4780.0,8921.8,INR,2026-02-04 01:51:42,SUCCESS
6067,469.0,4347.12,INR,2026-01-05 15:06:36,SUCCESS
6068,2469.0,9297.2,INR,2026-01-03 17:12:56,FAILED
6069,3703.0,3160.46,INR,2026-04-01 07:30:17,SUCCESS
6070,40.0,7856.86,INR,2026-01-24 08:48:11,FAILED
6071,1917.0,-4825.0,INR,2026-06-15 19:53:25,PENDING
6072,1364.0,3970.43,INR,2026-05-23 18:54:02,FAILED
6073,4536.0,-5759.07,INR,2026-05-08 10:59:27,PENDING
6074,4756.0,6903.34,INR,2026-04-05 05:50:56,FAILED
6075,3113.0,4045.08,INR,2026-02-15 01:31:47,FAILED
6076,2263.0,6801.98,INR,2026-03-26 22:05:22,PENDING
6077,3005.0,6074.02,INR,2026-06-01 05:07:58,PENDING
6078,961.0,2849.11,INR,2026-03-22 04:05:52,SUCCESS
6079,361.0,9143.34,INR,2026-05-11 20:33:43,SUCCESS
6080,1313.0,8649.23,INR,2026-05-10 23:31:00,PENDING
6081,4060.0,8539.15,INR,2026-01-18 08:03:53,FAILED
6082,2118.0,7142.72,INR,2026-04-25 15:23:17,FAILED
6083,4395.0,8396.19,INR,2026-05-12 09:21:47,SUCCESS
6084,2514.0,6050.11,INR,2026-01-21 11:21:29,PENDING
6085,522.0,7946.15,INR,2026-04-25 18:36:09,FAILED
6086,657.0,7421.47,INR,2026-01-14 20:31:49,PENDING
6087,4946.0,-9096.7,INR,2026-06-17 22:22:39,SUCCESS
6088,266.0,135.91,INR,2026-04-30 06:21:43,FAILED
6089,4704.0,1286.24,INR,2026-03-09 13:32:43,FAILED
6090,1968.0,2242.76,INR,2026-05-17 02:19:44,SUCCESS
6091,387.0,6578.7,INR,2026-02-19 10:31:00,FAILED
6092,3860.0,6504.89,INR,2026-02-10 10:59:52,PENDING
6093,1786.0,6966.89,INR,2026-01-06 01:58:42,SUCCESS
6094,239.0,3286.57,INR,2026-03-09 05:31:44,PENDING
6095,2089.0,9294.86,INR,2026-06-07 20:23:10,FAILED
6096,2800.0,1919.32,INR,2026-03-09 16:28:52,FAILED
6097,4403.0,1173.96,INR,2026-05-14 17:54:30,SUCCESS
6098,4344.0,6310.65,INR,2026-01-14 09:27:07,FAILED
6099,,1656.07,INR,2026-05-18 07:41:02,SUCCESS
6100,2723.0,6058.62,INR,2026-01-14 11:10:42,FAILED
6101,2790.0,6840.58,INR,2026-03-29 10:54:39,PENDING
6102,1651.0,6411.94,INR,2026-04-21 09:20:15,FAILED
6103,4045.0,9919.4,INR,2026-02-03 02:08:28,FAILED
6104,3627.0,4444.12,INR,2026-06-15 07:06:02,SUCCESS
6105,3757.0,4207.63,INR,2026-03-25 15:48:04,PENDING
6106,4812.0,1938.82,INR,2026-02-09 14:25:08,FAILED
6107,,8002.74,INR,2026-05-17 07:52:08,PENDING
6108,2110.0,6745.94,INR,2026-04-27 02:26:39,FAILED
6109,3498.0,1735.89,INR,2026-05-31 07:19:46,PENDING
6110,3606.0,5797.62,INR,2026-02-28 23:54:12,PENDING
6111,1839.0,-8252.58,INR,2026-05-20 13:41:42,FAILED
6112,3323.0,8123.19,INR,2026-05-15 03:41:43,SUCCESS
6113,2472.0,7126.47,INR,2026-03-20 01:42:46,PENDING
6114,1542.0,380.44,INR,2026-06-18 14:57:44,SUCCESS
6115,3838.0,6295.12,INR,2026-03-06 17:00:28,FAILED
6116,1983.0,1948.72,INR,2026-04-27 01:40:53,FAILED
6117,4715.0,3323.97,INR,2026-01-24 18:13:52,SUCCESS
6118,4930.0,5386.79,INR,2026-05-28 16:49:32,FAILED
6119,810.0,5738.22,INR,2026-04-22 16:10:52,FAILED
6120,2111.0,5835.05,INR,2026-05-11 01:39:34,FAILED
6121,1800.0,2344.29,INR,2026-04-19 23:22:13,FAILED
6122,3039.0,3275.17,INR,2026-05-17 15:45:04,SUCCESS
6123,2378.0,7480.94,INR,2026-03-21 09:42:23,PENDING
6124,3024.0,2628.99,INR,2026-06-13 06:08:06,PENDING
6125,2768.0,6756.96,INR,2026-04-08 09:00:17,FAILED
6126,1066.0,422.37,INR,2026-02-21 21:23:57,PENDING
6127,4895.0,284.61,INR,2026-01-31 15:34:43,FAILED
6128,1486.0,3517.36,INR,2026-03-22 22:42:58,PENDING
6129,2238.0,3098.27,INR,2026-06-04 02:10:34,SUCCESS
6130,827.0,7845.82,INR,2026-01-29 11:19:23,SUCCESS
6131,379.0,8708.03,INR,2026-02-12 13:51:29,FAILED
6132,1758.0,5565.55,INR,2026-05-03 14:21:57,FAILED
6133,4476.0,3690.78,INR,2026-01-26 05:58:12,SUCCESS
6134,4217.0,3022.26,INR,2026-04-07 01:28:53,SUCCESS
6135,3759.0,8580.55,INR,2026-02-03 07:07:33,PENDING
6136,4130.0,1529.82,INR,2026-04-18 00:25:12,SUCCESS
6137,15.0,5748.68,INR,2026-03-06 03:43:35,PENDING
6138,4144.0,2261.3,INR,2026-05-07 02:53:22,PENDING
6139,4727.0,141.47,INR,2026-06-14 22:14:02,FAILED
6140,4675.0,4304.21,INR,2026-03-10 10:23:18,FAILED
6141,,2399.19,INR,2026-03-16 23:55:51,PENDING
6142,1211.0,8917.42,INR,2026-04-21 05:13:57,SUCCESS
6143,2491.0,-7948.8,INR,2026-02-27 17:56:46,FAILED
6144,2018.0,883.49,INR,2026-03-02 14:59:30,PENDING
6145,4323.0,1730.95,INR,2026-03-06 17:05:23,FAILED
6146,2024.0,9723.19,INR,2026-05-13 08:42:42,SUCCESS
6147,4972.0,2091.23,INR,2026-02-20 08:56:15,PENDING
6148,4946.0,3981.37,INR,2026-02-08 07:42:03,FAILED
6149,594.0,6694.06,INR,2026-02-17 13:47:47,PENDING
6150,399.0,3232.75,INR,2026-03-01 15:02:50,PENDING
6151,4146.0,2598.51,INR,2026-06-16 01:59:01,SUCCESS
6152,1332.0,-4445.82,INR,2026-05-14 18:07:13,SUCCESS
6153,973.0,1062.53,INR,2026-02-03 15:14:16,FAILED
6154,842.0,9570.29,INR,2026-02-23 08:02:56,SUCCESS
6155,4963.0,4969.83,INR,2026-01-20 17:28:23,FAILED
6156,249.0,3514.66,INR,2026-05-27 05:43:40,FAILED
6157,3387.0,8129.48,INR,2026-05-22 09:14:15,SUCCESS
6158,2812.0,8381.38,INR,2026-04-19 15:08:10,FAILED
6159,4594.0,1530.61,INR,2026-04-13 17:12:45,SUCCESS
6160,2920.0,5547.53,INR,2026-01-17 13:51:27,SUCCESS
6161,3287.0,6156.17,INR,2026-06-04 10:11:23,PENDING
6162,2127.0,3424.82,INR,2026-05-19 23:17:59,SUCCESS
6163,4501.0,194.22,INR,2026-05-21 06:54:35,FAILED
6164,3536.0,4924.31,INR,2026-02-09 20:35:18,SUCCESS
6165,4098.0,9749.83,INR,2026-05-20 23:34:06,SUCCESS
6166,3657.0,3302.89,INR,2026-01-07 05:13:55,FAILED
6167,4877.0,8258.46,INR,2026-03-30 04:57:17,SUCCESS
6168,3489.0,68.91,INR,2026-04-19 18:25:27,PENDING
6169,1152.0,1903.02,INR,2026-04-10 11:33:25,SUCCESS
6170,3147.0,6308.77,INR,2026-05-27 14:17:29,SUCCESS
6171,2387.0,8955.54,INR,2026-05-20 14:51:13,SUCCESS
6172,2950.0,3985.35,INR,2026-02-10 07:37:59,FAILED
6173,611.0,546.64,INR,2026-03-29 14:03:21,FAILED
6174,2892.0,2168.5,INR,2026-02-19 22:59:29,SUCCESS
6175,2386.0,2957.98,INR,2026-01-08 08:33:32,FAILED
6176,1604.0,5730.0,INR,2026-06-13 12:18:24,SUCCESS
6177,3039.0,9561.17,INR,2026-02-10 22:00:34,FAILED
6178,450.0,4293.58,INR,2026-04-08 11:04:06,FAILED
6179,853.0,4008.28,INR,2026-03-08 23:28:29,FAILED
6180,3408.0,3541.15,INR,2026-01-17 14:40:41,FAILED
6181,3409.0,3346.14,INR,2026-03-22 11:17:05,FAILED
6182,1419.0,9313.78,INR,2026-03-27 09:20:22,SUCCESS
6183,3059.0,532.63,INR,2026-04-10 11:34:51,PENDING
6184,,5725.49,INR,invalid_date,PENDING
6185,3897.0,3304.48,INR,2026-05-10 22:31:16,FAILED
6186,594.0,7969.97,INR,2026-01-02 02:17:27,FAILED
6187,3460.0,5285.19,INR,2026-02-19 06:17:42,FAILED
6188,4622.0,2108.72,INR,2026-06-16 17:41:02,SUCCESS
6189,3357.0,7169.3,INR,2026-01-15 04:59:09,FAILED
6190,3258.0,2192.91,INR,2026-03-20 14:35:49,FAILED
6191,3072.0,5562.21,INR,2026-01-11 04:27:04,FAILED
6192,3288.0,792.72,INR,2026-06-14 21:23:19,PENDING
6193,4599.0,-3387.81,INR,2026-01-22 11:25:01,PENDING
6194,2627.0,2797.23,INR,2026-04-17 11:58:51,SUCCESS
6195,669.0,8295.08,INR,2026-01-06 05:40:46,FAILED
6196,1284.0,-3719.79,INR,2026-02-01 02:42:28,SUCCESS
6197,4480.0,4807.88,INR,2026-01-17 12:18:23,FAILED
6198,537.0,6467.23,INR,2026-05-25 17:40:50,PENDING
6199,3583.0,7429.37,INR,2026-03-14 01:20:01,FAILED
6200,4338.0,1394.46,INR,2026-03-15 23:54:00,FAILED
6201,1149.0,6304.31,INR,2026-03-14 00:44:32,FAILED
6202,838.0,4694.49,INR,2026-04-13 09:36:17,SUCCESS
6203,3900.0,9137.85,INR,2026-04-19 14:44:20,FAILED
6204,2304.0,186.32,INR,2026-06-05 12:39:34,FAILED
6205,2408.0,1703.65,INR,2026-05-13 02:29:16,FAILED
6206,152.0,2478.26,INR,2026-03-10 20:56:18,SUCCESS
6207,1935.0,3669.35,INR,2026-05-12 21:56:59,PENDING
6208,365.0,7484.22,INR,2026-01-26 02:42:11,PENDING
6209,2394.0,8813.11,INR,2026-04-04 07:34:52,SUCCESS
6210,4731.0,-4488.78,INR,2026-03-06 03:40:35,SUCCESS
6211,3134.0,4028.46,INR,2026-02-28 12:01:57,FAILED
6212,4371.0,4572.83,INR,2026-05-30 09:04:30,PENDING
6213,2089.0,480.05,INR,2026-04-04 08:29:27,FAILED
6214,1505.0,2871.04,INR,2026-03-28 00:56:26,FAILED
6215,4994.0,8338.17,INR,2026-01-06 14:52:22,FAILED
6216,2929.0,8984.32,INR,2026-04-13 02:59:07,PENDING
6217,2992.0,8981.04,INR,2026-05-29 16:17:56,FAILED
6218,4833.0,5568.06,INR,2026-03-16 07:45:14,PENDING
6219,2998.0,4052.01,INR,2026-03-10 05:54:07,SUCCESS
6220,2282.0,2652.88,INR,2026-01-10 01:15:29,PENDING
6221,544.0,4867.68,INR,2026-05-23 09:23:49,FAILED
6222,3306.0,9613.14,INR,2026-04-29 19:21:10,SUCCESS
6223,85.0,3515.36,INR,2026-02-13 14:05:37,FAILED
6224,556.0,3116.31,INR,2026-02-24 23:06:29,PENDING
6225,3513.0,1870.86,INR,2026-02-18 14:02:37,SUCCESS
6226,177.0,2468.28,INR,2026-04-04 01:20:24,PENDING
6227,2722.0,8224.08,INR,2026-01-31 03:49:29,PENDING
6228,1973.0,6443.58,INR,2026-02-23 18:20:28,SUCCESS
6229,4010.0,9880.53,INR,2026-01-27 05:21:11,FAILED
6230,4855.0,5540.54,INR,2026-02-22 17:35:21,FAILED
6231,1211.0,5302.74,INR,invalid_date,FAILED
6232,3793.0,3100.17,INR,2026-05-09 19:39:48,FAILED
6233,4378.0,4203.03,INR,2026-03-06 09:02:45,FAILED
6234,653.0,4427.94,INR,2026-04-07 06:22:31,SUCCESS
6235,,2470.67,INR,2026-03-29 10:58:51,FAILED
6236,1621.0,7608.53,INR,2026-03-30 14:01:55,SUCCESS
6237,1677.0,8156.4,INR,invalid_date,PENDING
6238,2385.0,5408.92,INR,2026-03-29 12:40:21,PENDING
6239,,1712.71,INR,2026-04-26 23:57:54,PENDING
6240,3274.0,6756.54,INR,2026-05-04 15:08:37,PENDING
6241,1704.0,1164.21,INR,2026-02-20 03:04:32,PENDING
6242,4803.0,3073.84,INR,2026-05-19 12:38:35,SUCCESS
6243,1685.0,4024.71,INR,2026-01-23 20:51:06,SUCCESS
6244,746.0,3715.91,INR,2026-02-17 23:38:21,FAILED
6245,412.0,4412.38,INR,2026-05-25 02:27:59,FAILED
6246,3918.0,1297.3,INR,2026-05-28 07:26:27,FAILED
6247,668.0,8508.96,INR,2026-01-24 10:00:17,FAILED
6248,2596.0,1373.45,INR,2026-06-04 13:20:52,PENDING
6249,4057.0,689.5,INR,2026-04-24 05:23:25,SUCCESS
6250,3075.0,7617.91,INR,2026-03-12 05:41:48,SUCCESS
6251,1932.0,9882.33,INR,2026-05-26 04:14:03,SUCCESS
6252,2855.0,3737.29,INR,2026-05-12 17:06:59,SUCCESS
6253,3865.0,7178.29,INR,2026-05-06 05:17:47,FAILED
6254,3496.0,4878.66,INR,2026-06-11 11:31:09,PENDING
6255,4847.0,1834.78,INR,2026-06-11 18:58:44,PENDING
6256,50.0,6251.14,INR,2026-01-09 10:48:28,FAILED
6257,415.0,7904.46,INR,2026-03-11 04:15:14,SUCCESS
6258,1713.0,5583.92,INR,2026-03-21 08:50:24,FAILED
6259,4718.0,4258.31,INR,2026-02-20 00:03:01,SUCCESS
6260,4101.0,912.38,INR,2026-04-19 12:16:57,SUCCESS
6261,1787.0,7870.22,INR,2026-01-24 01:51:24,PENDING
6262,3111.0,4077.93,INR,2026-02-25 17:11:04,FAILED
6263,1945.0,6108.19,INR,2026-01-25 23:21:06,PENDING
6264,,1014.36,INR,2026-01-13 06:00:23,PENDING
6265,731.0,3707.33,INR,2026-06-04 13:48:22,FAILED
6266,3426.0,1197.25,INR,2026-03-15 03:57:29,FAILED
6267,3711.0,5724.17,INR,2026-04-14 04:56:12,SUCCESS
6268,2956.0,9858.51,INR,2026-06-16 22:22:39,PENDING
6269,4162.0,2161.58,INR,2026-01-23 05:47:31,PENDING
6270,2737.0,1103.77,INR,2026-03-22 18:01:18,SUCCESS
6271,4269.0,7289.51,INR,2026-05-02 23:00:03,SUCCESS
6272,641.0,6476.85,INR,2026-05-16 03:48:22,SUCCESS
6273,631.0,6315.49,INR,2026-01-25 15:14:05,PENDING
6274,4203.0,1936.76,INR,2026-04-07 17:08:11,FAILED
6275,533.0,2262.75,INR,2026-05-14 04:11:06,PENDING
6276,4745.0,7621.25,INR,2026-02-11 23:44:01,SUCCESS
6277,3110.0,7102.67,INR,2026-04-01 17:24:48,FAILED
6278,3144.0,5689.02,INR,2026-02-18 03:28:20,FAILED
6279,,7137.23,INR,2026-01-02 19:29:45,SUCCESS
6280,1060.0,7867.75,INR,2026-05-08 04:25:52,PENDING
6281,4373.0,4876.99,INR,2026-02-25 09:06:43,PENDING
6282,2029.0,5850.91,INR,2026-02-27 11:29:13,PENDING
6283,1245.0,339.12,INR,2026-01-18 01:22:21,SUCCESS
6284,1504.0,6295.8,INR,2026-03-16 09:35:35,PENDING
6285,2745.0,6604.55,INR,2026-02-15 11:41:00,PENDING
6286,3856.0,2973.8,INR,2026-05-13 01:48:57,SUCCESS
6287,2672.0,7006.22,INR,2026-05-09 13:20:25,SUCCESS
6288,3357.0,3570.73,INR,2026-05-31 13:52:40,SUCCESS
6289,38.0,6447.61,INR,2026-03-15 17:46:29,SUCCESS
6290,1404.0,8211.08,INR,2026-03-19 13:03:19,FAILED
6291,3767.0,7731.32,INR,2026-04-15 03:11:04,PENDING
6292,4880.0,-2419.71,INR,2026-02-06 19:26:53,FAILED
6293,1556.0,8168.47,INR,2026-05-02 19:06:54,SUCCESS
6294,1235.0,-8324.62,INR,2026-05-01 00:11:58,PENDING
6295,3381.0,7199.04,INR,2026-05-09 14:15:45,FAILED
6296,433.0,4455.11,INR,2026-01-28 01:58:47,FAILED
6297,744.0,7076.54,INR,2026-02-17 10:12:05,SUCCESS
6298,3762.0,5435.91,INR,2026-04-14 11:41:45,FAILED
6299,4906.0,9776.12,INR,2026-06-03 11:17:15,PENDING
6300,4988.0,495.99,INR,2026-04-28 00:47:54,SUCCESS
6301,876.0,8038.75,INR,2026-01-26 12:56:23,PENDING
6302,2985.0,5532.32,INR,2026-03-07 11:14:42,PENDING
6303,4038.0,8639.19,INR,2026-02-16 03:21:39,PENDING
6304,2734.0,2356.3,INR,2026-04-05 09:15:08,FAILED
6305,1626.0,5245.12,INR,2026-01-22 02:53:53,FAILED
6306,3169.0,5081.97,INR,2026-05-27 21:00:31,SUCCESS
6307,2478.0,5316.68,INR,2026-04-25 21:50:20,FAILED
6308,934.0,5603.26,INR,2026-06-02 21:21:31,SUCCESS
6309,4278.0,1383.62,INR,2026-05-23 03:06:43,SUCCESS
6310,4435.0,-9838.84,INR,2026-01-09 13:26:34,SUCCESS
6311,791.0,8913.72,INR,2026-04-19 21:52:51,SUCCESS
6312,3420.0,9886.39,INR,2026-03-13 15:19:17,SUCCESS
6313,2279.0,3813.31,INR,2026-06-04 00:43:58,PENDING
6314,4571.0,8679.02,INR,2026-04-20 12:20:09,FAILED
6315,199.0,4808.32,INR,2026-03-13 06:41:14,SUCCESS
6316,3795.0,9639.95,INR,2026-03-07 19:31:48,PENDING
6317,,3259.27,INR,2026-05-27 17:55:55,PENDING
6318,218.0,980.57,INR,2026-03-14 01:12:59,PENDING
6319,2099.0,8793.93,INR,2026-03-30 01:53:16,FAILED
6320,3520.0,3492.29,INR,2026-03-01 15:49:46,SUCCESS
6321,971.0,5694.92,INR,2026-03-19 21:34:33,FAILED
6322,11.0,6773.71,INR,2026-03-09 10:17:43,PENDING
6323,2107.0,9211.09,INR,2026-02-17 18:49:10,FAILED
6324,2045.0,5653.83,INR,2026-04-04 11:51:16,SUCCESS
6325,3110.0,2846.67,INR,2026-03-17 06:42:22,SUCCESS
6326,2872.0,5238.35,INR,2026-06-16 03:30:10,SUCCESS
6327,1353.0,5764.31,INR,2026-03-30 15:34:55,SUCCESS
6328,3567.0,6596.63,INR,2026-05-06 13:03:27,SUCCESS
6329,2435.0,7437.67,INR,2026-02-21 21:06:01,FAILED
6330,1250.0,8626.81,INR,2026-02-06 06:11:29,PENDING
6331,4156.0,-8553.21,INR,2026-05-19 13:21:57,PENDING
6332,3056.0,4897.68,INR,2026-05-31 00:37:32,SUCCESS
6333,2403.0,8333.89,INR,2026-04-29 16:43:08,FAILED
6334,4622.0,6862.3,INR,2026-04-17 18:02:13,FAILED
6335,,7708.69,INR,2026-03-16 06:30:04,SUCCESS
6336,4871.0,9809.68,INR,2026-02-22 14:31:20,FAILED
6337,2007.0,-4855.93,INR,2026-04-23 07:52:13,PENDING
6338,117.0,3749.72,INR,2026-03-10 23:53:15,PENDING
6339,2647.0,6654.78,INR,2026-06-10 04:44:41,SUCCESS
6340,1866.0,1361.41,INR,2026-02-03 06:01:45,FAILED
6341,957.0,796.61,INR,2026-06-07 16:28:48,SUCCESS
6342,2700.0,-8799.44,INR,2026-02-26 10:53:57,SUCCESS
6343,3550.0,9527.99,INR,2026-06-02 21:06:34,PENDING
6344,1533.0,7737.97,INR,2026-02-22 00:10:51,PENDING
6345,2678.0,8709.82,INR,2026-04-29 11:40:01,SUCCESS
6346,952.0,1166.9,INR,2026-01-22 12:19:46,PENDING
6347,1240.0,1189.52,INR,2026-06-11 10:57:45,SUCCESS
6348,4364.0,5035.09,INR,2026-06-18 07:16:14,FAILED
6349,3863.0,9313.34,INR,2026-04-12 03:00:14,PENDING
6350,564.0,6244.73,INR,2026-05-24 16:16:19,FAILED
6351,1163.0,2005.67,INR,2026-03-22 14:30:09,FAILED
6352,4632.0,4508.6,INR,2026-03-22 13:48:30,PENDING
6353,3927.0,1988.4,INR,2026-05-09 20:32:54,FAILED
6354,1322.0,7211.87,INR,2026-01-23 13:05:41,SUCCESS
6355,2236.0,8648.39,INR,2026-03-08 04:29:17,PENDING
6356,766.0,4827.31,INR,2026-01-10 14:58:50,FAILED
6357,,5437.43,INR,2026-06-10 21:57:22,SUCCESS
6358,2282.0,9471.64,INR,2026-03-23 06:09:31,SUCCESS
6359,2088.0,4291.56,INR,2026-01-18 20:43:28,FAILED
6360,650.0,5602.6,INR,2026-01-28 10:18:22,FAILED
6361,3962.0,2506.3,INR,2026-05-08 13:25:38,SUCCESS
6362,462.0,-9202.68,INR,2026-03-26 08:03:58,SUCCESS
6363,309.0,6452.13,INR,2026-05-05 02:41:10,SUCCESS
6364,3421.0,1575.86,INR,2026-01-14 16:22:39,SUCCESS
6365,2785.0,6108.55,INR,2026-04-22 06:28:46,PENDING
6366,959.0,8744.53,INR,2026-06-16 10:39:06,SUCCESS
6367,1048.0,335.58,INR,2026-01-28 09:45:46,FAILED
6368,1638.0,4499.43,INR,2026-03-29 14:22:24,FAILED
6369,4623.0,7355.88,INR,2026-05-13 10:02:22,SUCCESS
6370,1366.0,7088.17,INR,2026-05-24 22:04:19,PENDING
6371,4381.0,6444.48,INR,invalid_date,SUCCESS
6372,3395.0,3944.68,INR,2026-03-21 11:58:39,SUCCESS
6373,3697.0,5233.72,INR,2026-03-12 13:20:29,FAILED
6374,4871.0,3787.43,INR,2026-06-18 05:30:20,PENDING
6375,102.0,7310.24,INR,2026-05-02 21:08:04,FAILED
6376,,3976.45,INR,2026-06-10 00:52:41,PENDING
6377,2644.0,998.19,INR,2026-01-13 21:03:53,PENDING
6378,2108.0,8138.8,INR,2026-02-02 19:21:48,SUCCESS
6379,2314.0,639.44,INR,2026-01-20 13:02:40,PENDING
6380,4158.0,8718.3,INR,2026-05-01 03:26:29,PENDING
6381,2049.0,-546.44,INR,2026-05-13 17:26:55,FAILED
6382,1432.0,4215.8,INR,2026-03-22 14:05:21,SUCCESS
6383,4791.0,3774.88,INR,2026-02-04 10:34:40,FAILED
6384,4065.0,7038.74,INR,2026-01-25 23:03:01,SUCCESS
6385,110.0,3975.43,INR,2026-01-02 01:48:42,SUCCESS
6386,1236.0,3261.26,INR,2026-06-17 09:31:02,FAILED
6387,1193.0,5595.18,INR,2026-05-25 20:26:43,FAILED
6388,1835.0,762.31,INR,2026-05-23 10:14:44,FAILED
6389,734.0,2112.92,INR,2026-04-09 01:33:29,PENDING
6390,4542.0,6034.97,INR,2026-01-31 17:10:03,PENDING
6391,591.0,3295.36,INR,2026-06-01 23:11:25,PENDING
6392,2683.0,8186.37,INR,2026-03-25 10:42:41,PENDING
6393,1357.0,6193.8,INR,2026-04-08 02:23:35,PENDING
6394,,8941.9,INR,2026-05-12 08:13:19,FAILED
6395,2022.0,5650.67,INR,2026-01-12 10:45:53,FAILED
6396,4793.0,8444.03,INR,2026-03-20 01:32:23,FAILED
6397,3473.0,372.07,INR,2026-01-09 05:16:42,FAILED
6398,3016.0,984.1,INR,invalid_date,SUCCESS
6399,1842.0,9287.44,INR,2026-01-18 04:57:53,SUCCESS
6400,713.0,9877.36,INR,invalid_date,PENDING
6401,1540.0,4287.7,INR,2026-01-12 15:30:45,PENDING
6402,2939.0,5666.62,INR,2026-04-26 20:24:26,PENDING
6403,951.0,8094.62,INR,2026-01-23 08:06:26,SUCCESS
6404,,2919.5,INR,2026-03-29 19:27:49,FAILED
6405,4749.0,6832.71,INR,2026-04-18 16:10:33,FAILED
6406,3171.0,8026.42,INR,2026-02-18 13:46:44,SUCCESS
6407,2787.0,6804.84,INR,2026-02-13 22:01:38,SUCCESS
6408,381.0,6161.43,INR,2026-05-19 04:04:57,SUCCESS
6409,3267.0,8839.75,INR,2026-02-24 07:59:57,FAILED
6410,2791.0,4526.48,INR,2026-04-25 23:53:29,SUCCESS
6411,4444.0,6671.46,INR,2026-05-03 02:23:21,PENDING
6412,1162.0,3248.64,INR,2026-06-03 20:14:02,PENDING
6413,254.0,8171.55,INR,2026-01-28 04:46:23,SUCCESS
6414,2411.0,8523.02,INR,2026-06-18 14:29:46,FAILED
6415,4288.0,8540.82,INR,2026-03-05 20:55:11,SUCCESS
6416,740.0,4519.46,INR,2026-02-11 04:42:22,SUCCESS
6417,2238.0,7374.41,INR,2026-01-29 03:29:31,FAILED
6418,3926.0,3894.95,INR,2026-03-31 08:10:50,SUCCESS
6419,1691.0,3919.57,INR,2026-01-17 07:20:35,FAILED
6420,4399.0,9066.01,INR,2026-05-21 22:39:08,SUCCESS
6421,788.0,3900.25,INR,2026-03-13 02:30:08,SUCCESS
6422,1226.0,4664.88,INR,2026-05-26 00:32:42,PENDING
6423,3688.0,4702.84,INR,2026-01-22 13:17:51,SUCCESS
6424,2608.0,517.16,INR,2026-03-13 13:11:27,SUCCESS
6425,1720.0,-1395.57,INR,2026-01-03 12:24:55,PENDING
6426,4604.0,850.61,INR,2026-01-24 05:11:37,SUCCESS
6427,330.0,6228.59,INR,2026-04-23 08:38:06,PENDING
6428,589.0,2504.56,INR,2026-04-23 23:54:05,PENDING
6429,4920.0,-5151.05,INR,2026-01-03 17:55:56,PENDING
6430,2611.0,9841.63,INR,2026-05-18 03:56:30,FAILED
6431,3827.0,2013.32,INR,2026-03-09 16:30:14,FAILED
6432,1893.0,4329.19,INR,2026-02-10 05:55:36,PENDING
6433,761.0,2614.64,INR,2026-04-09 18:57:26,FAILED
6434,898.0,9775.48,INR,2026-03-11 17:15:00,PENDING
6435,141.0,9391.74,INR,2026-01-25 14:18:57,PENDING
6436,1777.0,8824.82,INR,2026-05-08 18:00:16,SUCCESS
6437,978.0,-2238.11,INR,2026-06-02 03:03:02,PENDING
6438,4032.0,147.57,INR,2026-03-08 01:46:34,PENDING
6439,,-4420.99,INR,2026-04-22 16:55:58,FAILED
6440,4148.0,755.13,INR,2026-02-25 18:21:39,FAILED
6441,4717.0,4023.11,INR,2026-05-26 09:52:18,FAILED
6442,798.0,9433.52,INR,2026-01-11 12:33:26,FAILED
6443,1414.0,5077.14,INR,2026-05-04 04:45:22,FAILED
6444,152.0,4251.82,INR,2026-06-08 21:23:16,SUCCESS
6445,4798.0,8913.52,INR,2026-03-30 05:30:54,SUCCESS
6446,2349.0,4621.55,INR,2026-01-13 01:41:59,SUCCESS
6447,4271.0,2155.26,INR,2026-01-09 21:56:02,PENDING
6448,861.0,6995.21,INR,2026-01-03 22:26:30,SUCCESS
6449,1623.0,6417.59,INR,2026-05-12 16:02:57,FAILED
6450,2736.0,7174.82,INR,2026-05-20 08:27:36,FAILED
6451,731.0,2088.92,INR,2026-06-14 16:39:35,PENDING
6452,4907.0,8124.58,INR,2026-02-19 01:00:01,SUCCESS
6453,2813.0,1859.47,INR,2026-01-10 13:00:10,FAILED
6454,3055.0,-5498.5,INR,2026-01-19 08:45:22,SUCCESS
6455,2081.0,5144.63,INR,2026-05-13 20:47:50,PENDING
6456,2567.0,6315.47,INR,2026-03-07 10:33:43,FAILED
6457,3139.0,7908.29,INR,2026-05-24 19:37:54,FAILED
6458,3078.0,8164.98,INR,2026-05-29 05:27:25,SUCCESS
6459,2322.0,4623.62,INR,2026-03-13 08:26:39,FAILED
6460,4030.0,3419.15,INR,2026-01-16 16:00:06,PENDING
6461,2412.0,1610.08,INR,2026-02-28 06:08:59,PENDING
6462,699.0,7552.57,INR,2026-02-01 12:47:02,SUCCESS
6463,1260.0,8307.94,INR,2026-02-20 23:46:24,PENDING
6464,387.0,3187.3,INR,2026-02-17 07:21:33,PENDING
6465,4827.0,1118.94,INR,2026-03-31 10:39:57,PENDING
6466,1337.0,8742.19,INR,2026-05-24 23:00:09,SUCCESS
6467,879.0,511.02,INR,2026-01-05 04:36:46,SUCCESS
6468,3729.0,8976.59,INR,2026-01-27 08:20:58,FAILED
6469,4973.0,2496.86,INR,2026-06-08 12:03:59,FAILED
6470,970.0,2761.85,INR,2026-01-09 00:16:27,SUCCESS
6471,4096.0,2267.07,INR,2026-03-21 15:24:35,PENDING
6472,1520.0,1124.83,INR,2026-04-14 03:47:38,FAILED
6473,3604.0,1355.64,INR,2026-05-29 16:15:19,SUCCESS
6474,735.0,2890.03,INR,2026-04-18 11:56:01,SUCCESS
6475,2447.0,2629.79,INR,2026-05-29 12:15:24,PENDING
6476,2109.0,2455.71,INR,2026-06-12 16:30:10,PENDING
6477,1950.0,-2110.45,INR,2026-05-19 11:02:43,SUCCESS
6478,2028.0,3243.12,INR,2026-06-09 22:56:57,FAILED
6479,3761.0,1780.5,INR,2026-06-05 11:25:47,PENDING
6480,4825.0,9165.84,INR,2026-01-08 05:12:34,SUCCESS
6481,1052.0,7954.52,INR,2026-01-10 21:34:39,PENDING
6482,2271.0,2485.47,INR,2026-06-18 14:56:06,PENDING
6483,,3139.02,INR,2026-02-13 08:23:28,SUCCESS
6484,4670.0,8623.95,INR,2026-01-16 06:42:30,SUCCESS
6485,1446.0,3854.76,INR,2026-06-09 18:35:09,PENDING
6486,1436.0,9939.51,INR,2026-02-16 14:01:40,PENDING
6487,4314.0,294.48,INR,2026-03-22 10:17:11,SUCCESS
6488,2277.0,7740.4,INR,2026-06-02 11:52:53,SUCCESS
6489,3572.0,4168.37,INR,2026-04-11 04:57:55,FAILED
6490,2853.0,7540.39,INR,2026-04-01 01:24:44,PENDING
6491,4431.0,5628.21,INR,2026-05-14 21:09:33,SUCCESS
6492,4498.0,7221.84,INR,2026-06-02 10:17:16,FAILED
6493,2034.0,303.26,INR,2026-05-11 01:49:50,SUCCESS
6494,4748.0,2524.97,INR,2026-03-14 09:15:18,SUCCESS
6495,2368.0,4977.3,INR,2026-03-23 05:39:02,FAILED
6496,4814.0,9155.26,INR,2026-04-07 17:46:00,PENDING
6497,2078.0,1173.84,INR,2026-03-14 01:58:13,SUCCESS
6498,4382.0,4898.56,INR,2026-02-12 19:47:15,FAILED
6499,704.0,639.71,INR,2026-04-20 22:05:08,PENDING
6500,519.0,3496.91,INR,2026-04-21 17:44:51,FAILED
6501,3671.0,685.73,INR,2026-02-17 19:54:14,SUCCESS
6502,1239.0,3564.15,INR,2026-05-30 07:28:14,PENDING
6503,325.0,7301.43,INR,2026-01-16 04:53:52,FAILED
6504,3267.0,3524.62,INR,2026-04-28 05:29:04,PENDING
6505,536.0,1847.89,INR,2026-03-03 08:44:49,SUCCESS
6506,2131.0,9863.45,INR,2026-04-13 12:33:06,PENDING
6507,2671.0,3791.33,INR,2026-02-10 15:57:40,PENDING
6508,1083.0,2399.14,INR,2026-05-15 21:13:05,PENDING
6509,2539.0,8635.02,INR,2026-01-04 17:58:21,SUCCESS
6510,1465.0,4681.61,INR,2026-02-10 10:52:21,SUCCESS
6511,1629.0,206.51,INR,2026-06-05 14:53:09,PENDING
6512,2614.0,1256.64,INR,2026-01-23 20:33:44,FAILED
6513,3299.0,7356.64,INR,invalid_date,PENDING
6514,1269.0,3773.02,INR,2026-06-03 16:58:07,PENDING
6515,3105.0,362.45,INR,2026-05-02 05:45:29,PENDING
6516,4326.0,5236.43,INR,2026-06-13 15:17:42,FAILED
6517,2334.0,4345.44,INR,2026-06-10 16:54:15,SUCCESS
6518,505.0,4769.08,INR,2026-02-20 12:06:35,SUCCESS
6519,4007.0,9459.04,INR,2026-02-15 09:08:15,FAILED
6520,284.0,6400.55,INR,2026-05-01 04:45:35,FAILED
6521,1091.0,514.2,INR,2026-03-19 18:42:53,FAILED
6522,27.0,210.86,INR,2026-03-02 00:59:45,PENDING
6523,2773.0,4590.7,INR,2026-03-14 22:46:14,PENDING
6524,2845.0,7149.43,INR,2026-02-07 21:55:12,SUCCESS
6525,3498.0,8500.18,INR,2026-06-17 06:24:10,FAILED
6526,1698.0,3271.3,INR,2026-01-03 01:00:23,SUCCESS
6527,2682.0,5534.48,INR,2026-01-08 13:00:55,SUCCESS
6528,1454.0,5942.67,INR,2026-02-18 17:35:55,FAILED
6529,3966.0,2707.93,INR,2026-01-02 03:11:06,SUCCESS
6530,1409.0,3662.93,INR,2026-01-27 11:50:13,SUCCESS
6531,601.0,5198.2,INR,2026-02-12 00:04:22,FAILED
6532,1616.0,8135.82,INR,2026-02-06 16:12:41,FAILED
6533,1143.0,-6617.44,INR,2026-04-04 20:30:46,PENDING
6534,1245.0,7911.37,INR,2026-03-21 22:33:02,FAILED
6535,3732.0,6336.9,INR,2026-01-24 14:28:19,SUCCESS
6536,815.0,4333.46,INR,2026-03-27 19:27:02,SUCCESS
6537,4699.0,9823.58,INR,2026-01-19 11:39:50,SUCCESS
6538,2406.0,582.7,INR,2026-04-17 17:09:30,FAILED
6539,4525.0,6323.68,INR,2026-01-29 00:54:47,PENDING
6540,301.0,8180.06,INR,2026-02-08 10:53:42,FAILED
6541,1649.0,8503.75,INR,2026-04-14 12:05:22,PENDING
6542,4768.0,4649.98,INR,2026-04-02 01:24:21,FAILED
6543,4044.0,2490.85,INR,2026-05-11 01:47:48,PENDING
6544,2595.0,8125.28,INR,2026-06-08 05:21:55,FAILED
6545,3683.0,5678.52,INR,2026-02-07 12:43:06,PENDING
6546,1647.0,8978.74,INR,2026-02-09 12:50:55,PENDING
6547,2092.0,3975.0,INR,2026-03-30 09:58:56,SUCCESS
6548,2022.0,1909.44,INR,2026-06-07 08:48:23,PENDING
6549,3119.0,7793.25,INR,2026-01-12 21:44:33,FAILED
6550,2583.0,3572.4,INR,invalid_date,SUCCESS
6551,4220.0,9030.64,INR,2026-03-07 20:43:41,SUCCESS
6552,2679.0,3523.75,INR,2026-03-23 03:48:43,SUCCESS
6553,2823.0,9203.79,INR,2026-01-31 02:55:47,PENDING
6554,1256.0,22.29,INR,2026-04-27 00:16:57,SUCCESS
6555,488.0,4375.05,INR,2026-02-10 15:20:18,PENDING
6556,1732.0,7758.77,INR,invalid_date,FAILED
6557,1712.0,154.17,INR,2026-03-30 20:35:46,PENDING
6558,4199.0,2331.21,INR,2026-04-26 22:23:36,SUCCESS
6559,3745.0,7453.24,INR,2026-04-17 15:11:36,SUCCESS
6560,2937.0,7681.33,INR,2026-06-16 07:42:23,PENDING
6561,1069.0,6864.15,INR,2026-01-14 13:48:16,PENDING
6562,888.0,28.3,INR,2026-04-02 00:28:44,SUCCESS
6563,4496.0,8066.95,INR,2026-02-07 22:09:53,PENDING
6564,948.0,-2789.47,INR,2026-01-05 16:06:22,SUCCESS
6565,1400.0,-4262.51,INR,2026-02-15 02:04:41,FAILED
6566,4019.0,7614.27,INR,2026-02-01 23:09:23,FAILED
6567,2705.0,3048.43,INR,2026-02-27 22:56:31,SUCCESS
6568,2055.0,6880.41,INR,2026-02-27 09:19:18,SUCCESS
6569,3563.0,9122.64,INR,2026-01-15 03:27:07,SUCCESS
6570,3615.0,8119.75,INR,2026-02-16 07:42:59,FAILED
6571,1388.0,-8271.52,INR,2026-01-01 05:01:39,PENDING
6572,977.0,1007.87,INR,2026-01-04 10:31:19,FAILED
6573,4369.0,7663.72,INR,2026-04-21 04:26:06,PENDING
6574,2287.0,3855.04,INR,2026-03-10 05:43:06,PENDING
6575,926.0,-8814.15,INR,2026-04-30 18:59:12,PENDING
6576,2390.0,8158.1,INR,2026-06-17 14:50:33,PENDING
6577,1935.0,3603.97,INR,2026-02-20 06:10:48,SUCCESS
6578,2443.0,9203.16,INR,2026-03-16 03:48:40,PENDING
6579,1094.0,9178.81,INR,2026-05-23 05:33:20,FAILED
6580,734.0,7351.83,INR,2026-05-14 02:58:44,FAILED
6581,4821.0,3978.06,INR,2026-06-01 10:17:34,SUCCESS
6582,3216.0,1045.75,INR,2026-06-14 06:32:39,FAILED
6583,3390.0,1862.45,INR,2026-04-07 06:22:13,FAILED
6584,648.0,-2334.89,INR,2026-06-16 14:33:17,FAILED
6585,1213.0,2422.45,INR,2026-03-28 11:52:26,FAILED
6586,,3662.15,INR,2026-05-28 06:45:34,FAILED
6587,3033.0,3878.31,INR,2026-05-29 05:09:18,FAILED
6588,1682.0,6556.53,INR,2026-05-15 00:47:33,FAILED
6589,3033.0,6537.16,INR,2026-04-23 02:15:37,PENDING
6590,4312.0,7983.47,INR,2026-03-05 21:55:02,FAILED
6591,1986.0,3334.45,INR,2026-02-05 17:24:53,PENDING
6592,,3310.0,INR,2026-03-21 16:17:24,FAILED
6593,2133.0,1975.6,INR,2026-03-23 07:30:20,SUCCESS
6594,4383.0,3820.15,INR,2026-01-15 08:21:55,FAILED
6595,2091.0,3470.42,INR,2026-06-14 01:40:49,PENDING
6596,1371.0,2162.4,INR,2026-05-06 04:35:06,FAILED
6597,2623.0,6130.08,INR,2026-06-06 11:55:24,PENDING
6598,4888.0,-1805.74,INR,2026-06-02 10:27:10,SUCCESS
6599,2119.0,6398.51,INR,2026-06-04 10:48:53,PENDING
6600,1812.0,6371.1,INR,2026-05-23 03:01:00,SUCCESS
6601,3434.0,1019.99,INR,2026-05-18 20:40:49,PENDING
6602,4990.0,3680.33,INR,2026-04-13 12:58:46,SUCCESS
6603,2406.0,1501.95,INR,2026-04-03 10:42:38,SUCCESS
6604,4114.0,2143.43,INR,2026-06-05 20:12:52,SUCCESS
6605,3952.0,3073.81,INR,2026-04-15 05:33:29,FAILED
6606,471.0,8622.39,INR,invalid_date,FAILED
6607,4467.0,4992.43,INR,2026-04-17 12:09:56,PENDING
6608,709.0,-17.56,INR,2026-03-24 06:43:06,SUCCESS
6609,759.0,1062.79,INR,2026-06-13 23:58:47,FAILED
6610,543.0,8599.92,INR,2026-04-14 15:49:07,PENDING
6611,2185.0,1273.14,INR,2026-06-18 04:08:48,PENDING
6612,105.0,7184.09,INR,2026-04-19 01:01:46,PENDING
6613,422.0,6314.59,INR,2026-05-25 15:41:00,SUCCESS
6614,2932.0,6787.89,INR,2026-02-22 06:43:21,PENDING
6615,3884.0,5690.68,INR,2026-05-28 10:11:18,SUCCESS
6616,4560.0,5716.83,INR,2026-04-08 17:19:58,SUCCESS
6617,829.0,80.51,INR,2026-06-09 15:08:37,SUCCESS
6618,4426.0,4490.27,INR,2026-06-10 08:53:50,SUCCESS
6619,2710.0,8114.47,INR,2026-02-14 05:20:22,PENDING
6620,2532.0,1974.19,INR,invalid_date,SUCCESS
6621,4360.0,6929.6,INR,2026-01-31 11:21:00,PENDING
6622,118.0,1548.56,INR,2026-05-12 10:45:16,PENDING
6623,791.0,6663.56,INR,2026-01-25 21:31:00,FAILED
6624,3557.0,-4182.75,INR,2026-04-18 10:13:58,FAILED
6625,624.0,4426.27,INR,2026-01-16 00:28:09,FAILED
6626,805.0,8110.19,INR,2026-03-31 22:50:41,SUCCESS
6627,988.0,5001.27,INR,2026-04-30 12:28:08,PENDING
6628,735.0,9172.25,INR,2026-01-22 21:27:53,SUCCESS
6629,2129.0,4222.19,INR,2026-06-18 10:12:36,FAILED
6630,3256.0,2174.03,INR,2026-06-07 09:05:09,FAILED
6631,3658.0,9249.51,INR,2026-05-19 09:35:18,FAILED
6632,1268.0,8368.23,INR,2026-05-02 02:37:58,SUCCESS
6633,385.0,7432.08,INR,2026-06-01 02:00:08,SUCCESS
6634,4315.0,3842.49,INR,2026-03-22 17:29:22,SUCCESS
6635,974.0,891.83,INR,2026-01-30 19:04:30,PENDING
6636,146.0,4436.74,INR,2026-05-03 13:42:32,FAILED
6637,1771.0,2081.14,INR,2026-04-12 11:24:06,FAILED
6638,884.0,251.49,INR,2026-06-12 00:51:48,SUCCESS
6639,4266.0,3207.0,INR,2026-02-17 00:52:53,SUCCESS
6640,4967.0,1992.83,INR,2026-05-04 10:37:46,SUCCESS
6641,3991.0,403.42,INR,2026-01-13 07:24:21,PENDING
6642,4526.0,4547.27,INR,2026-04-16 13:10:25,PENDING
6643,1470.0,1472.1,INR,2026-01-13 09:58:52,SUCCESS
6644,,1749.79,INR,2026-04-27 00:08:30,FAILED
6645,2855.0,4095.95,INR,2026-02-17 00:38:56,SUCCESS
6646,4463.0,8184.59,INR,2026-03-02 21:02:32,SUCCESS
6647,83.0,996.63,INR,2026-01-09 04:30:47,PENDING
6648,1913.0,3900.19,INR,2026-06-18 20:17:12,FAILED
6649,931.0,7966.41,INR,2026-06-07 10:24:15,PENDING
6650,3484.0,5242.69,INR,2026-04-23 21:04:11,FAILED
6651,3705.0,2418.35,INR,2026-03-30 13:14:47,FAILED
6652,1727.0,6130.67,INR,2026-03-24 05:26:49,PENDING
6653,4795.0,9325.47,INR,2026-06-04 13:50:12,PENDING
6654,2621.0,5497.38,INR,2026-01-26 07:41:51,PENDING
6655,67.0,3146.53,INR,2026-04-06 05:05:21,PENDING
6656,732.0,4262.15,INR,2026-01-12 09:44:03,SUCCESS
6657,4750.0,1974.81,INR,2026-04-19 08:19:25,FAILED
6658,3562.0,531.71,INR,2026-01-29 22:44:49,SUCCESS
6659,778.0,7079.4,INR,2026-01-25 08:55:32,PENDING
6660,2065.0,6989.39,INR,2026-03-05 07:57:23,SUCCESS
6661,123.0,-3579.41,INR,2026-04-25 05:15:35,SUCCESS
6662,422.0,147.69,INR,2026-02-11 06:52:11,PENDING
6663,,-5915.44,INR,2026-02-28 05:31:51,PENDING
6664,2379.0,8252.83,INR,2026-01-17 00:45:25,SUCCESS
6665,395.0,3301.96,INR,2026-02-04 17:01:34,PENDING
6666,3083.0,3169.81,INR,2026-02-22 11:25:54,PENDING
6667,2104.0,8294.51,INR,2026-06-09 03:32:07,PENDING
6668,1803.0,2587.12,INR,2026-05-16 06:04:08,SUCCESS
6669,2372.0,6114.45,INR,2026-04-06 19:00:44,PENDING
6670,1796.0,980.76,INR,2026-02-09 03:40:37,SUCCESS
6671,3188.0,8565.95,INR,2026-01-31 02:53:12,SUCCESS
6672,1252.0,3113.23,INR,2026-04-21 23:06:54,SUCCESS
6673,695.0,1011.43,INR,2026-03-18 07:27:24,SUCCESS
6674,2311.0,5376.2,INR,2026-01-02 22:23:50,PENDING
6675,1170.0,3170.99,INR,2026-05-03 05:45:27,FAILED
6676,1432.0,5022.37,INR,2026-01-22 05:31:34,SUCCESS
6677,378.0,1702.45,INR,2026-04-12 09:36:36,FAILED
6678,4273.0,2386.22,INR,2026-06-01 17:42:29,PENDING
6679,4991.0,4228.88,INR,2026-01-07 05:49:27,SUCCESS
6680,2362.0,8007.18,INR,2026-05-09 03:34:47,PENDING
6681,1970.0,2010.39,INR,2026-05-01 00:14:41,PENDING
6682,1491.0,8146.51,INR,2026-03-13 00:42:57,PENDING
6683,1273.0,5562.22,INR,2026-04-08 14:45:07,PENDING
6684,4106.0,-6301.21,INR,2026-02-23 01:49:56,PENDING
6685,2733.0,6556.12,INR,2026-04-11 23:09:47,SUCCESS
6686,3555.0,865.67,INR,2026-05-12 19:29:34,PENDING
6687,1030.0,8341.11,INR,2026-02-16 03:22:13,FAILED
6688,4394.0,7832.96,INR,2026-05-09 05:52:15,PENDING
6689,4980.0,8539.52,INR,2026-04-18 08:22:38,FAILED
6690,829.0,8021.7,INR,2026-01-18 10:32:10,SUCCESS
6691,,5620.64,INR,2026-02-28 10:58:12,SUCCESS
6692,3890.0,6905.88,INR,2026-04-09 01:45:55,PENDING
6693,4430.0,3727.07,INR,2026-03-10 17:07:26,SUCCESS
6694,829.0,1746.69,INR,2026-05-12 07:55:37,PENDING
6695,1862.0,2534.12,INR,2026-05-16 05:43:49,PENDING
6696,4448.0,390.45,INR,2026-06-19 06:43:13,PENDING
6697,1822.0,5427.92,INR,2026-04-19 15:35:58,FAILED
6698,3486.0,3017.84,INR,2026-04-22 10:31:14,SUCCESS
6699,4566.0,2267.11,INR,2026-02-28 07:00:10,FAILED
6700,4299.0,8670.22,INR,2026-05-26 22:47:36,PENDING
6701,2481.0,908.72,INR,2026-04-06 21:53:48,SUCCESS
6702,228.0,6995.7,INR,2026-01-23 13:20:18,SUCCESS
6703,3465.0,6458.3,INR,2026-02-13 15:31:26,SUCCESS
6704,3780.0,9235.37,INR,2026-05-11 02:44:36,FAILED
6705,3346.0,3037.91,INR,2026-04-27 07:59:49,SUCCESS
6706,4707.0,2972.06,INR,2026-05-27 04:07:48,SUCCESS
6707,2467.0,4721.24,INR,2026-01-14 03:23:40,PENDING
6708,3092.0,525.19,INR,2026-05-28 06:29:26,SUCCESS
6709,3321.0,6460.76,INR,2026-06-10 16:30:54,SUCCESS
6710,4953.0,7467.59,INR,2026-04-03 10:38:10,FAILED
6711,271.0,4112.64,INR,2026-04-18 04:39:53,PENDING
6712,2039.0,6140.31,INR,2026-01-07 12:11:04,SUCCESS
6713,2433.0,2533.62,INR,2026-05-09 10:45:14,FAILED
6714,933.0,9627.36,INR,2026-02-20 12:28:19,PENDING
6715,4877.0,455.63,INR,2026-01-05 05:23:05,SUCCESS
6716,2266.0,7594.43,INR,2026-04-22 18:58:31,PENDING
6717,4866.0,8525.27,INR,2026-03-05 03:04:01,PENDING
6718,2030.0,9361.63,INR,2026-02-28 05:49:47,PENDING
6719,3369.0,372.69,INR,2026-06-06 16:06:47,PENDING
6720,2424.0,5580.76,INR,2026-02-03 03:12:32,PENDING
6721,1121.0,9244.06,INR,2026-03-01 03:55:00,PENDING
6722,4407.0,5457.79,INR,2026-03-30 16:03:05,PENDING
6723,6.0,249.35,INR,2026-06-06 10:44:20,FAILED
6724,1545.0,7466.08,INR,2026-04-28 14:10:34,SUCCESS
6725,3846.0,6620.8,INR,2026-03-07 12:52:09,SUCCESS
6726,847.0,5778.53,INR,2026-06-13 00:53:23,PENDING
6727,2518.0,9992.02,INR,2026-05-10 15:09:25,SUCCESS
6728,82.0,598.62,INR,2026-01-09 04:45:15,FAILED
6729,4590.0,-7553.56,INR,2026-05-29 23:54:50,FAILED
6730,4917.0,684.1,INR,2026-06-14 02:31:24,SUCCESS
6731,3743.0,1560.7,INR,2026-01-22 15:02:59,SUCCESS
6732,1854.0,5691.82,INR,2026-03-16 08:11:09,FAILED
6733,2359.0,3564.85,INR,2026-02-10 04:20:44,PENDING
6734,3524.0,1396.68,INR,2026-03-21 17:24:55,PENDING
6735,419.0,6627.56,INR,2026-01-07 04:35:36,PENDING
6736,3768.0,4688.07,INR,2026-01-29 05:31:07,SUCCESS
6737,2259.0,3763.96,INR,2026-01-14 11:04:44,SUCCESS
6738,971.0,9461.04,INR,2026-05-09 04:19:59,FAILED
6739,3339.0,1917.41,INR,2026-06-16 09:44:45,PENDING
6740,1537.0,6225.14,INR,2026-06-16 09:35:54,FAILED
6741,2256.0,1201.52,INR,2026-06-06 12:29:13,FAILED
6742,3585.0,1382.51,INR,2026-04-07 22:38:59,FAILED
6743,2832.0,7628.44,INR,2026-06-07 06:44:23,PENDING
6744,4369.0,9954.79,INR,2026-05-14 18:34:47,PENDING
6745,4801.0,6430.83,INR,2026-02-21 03:12:22,PENDING
6746,4755.0,5656.65,INR,2026-04-24 18:28:17,SUCCESS
6747,2312.0,3899.3,INR,2026-02-07 01:24:26,SUCCESS
6748,2065.0,6099.12,INR,2026-04-22 11:34:04,FAILED
6749,2829.0,3169.86,INR,2026-05-31 19:36:52,FAILED
6750,3713.0,3364.79,INR,2026-06-12 18:12:47,PENDING
6751,912.0,8791.74,INR,2026-05-16 00:24:54,FAILED
6752,1218.0,4474.38,INR,2026-03-03 18:53:16,PENDING
6753,1974.0,5374.89,INR,2026-05-11 05:07:35,PENDING
6754,687.0,6408.79,INR,2026-04-22 11:04:34,FAILED
6755,2872.0,7273.55,INR,2026-04-23 04:10:48,PENDING
6756,4259.0,7292.09,INR,2026-01-14 06:44:23,FAILED
6757,2732.0,4630.89,INR,2026-06-08 15:06:06,FAILED
6758,542.0,2719.34,INR,2026-01-05 20:30:28,FAILED
6759,1656.0,7184.46,INR,2026-02-16 19:20:45,SUCCESS
6760,1325.0,6062.28,INR,2026-03-04 13:57:54,PENDING
6761,1784.0,8245.21,INR,2026-01-23 10:08:11,PENDING
6762,162.0,2070.77,INR,2026-01-28 21:16:45,PENDING
6763,1310.0,249.97,INR,2026-01-11 20:20:56,SUCCESS
6764,1316.0,1376.4,INR,2026-05-23 04:09:07,SUCCESS
6765,,883.39,INR,2026-05-10 21:18:46,PENDING
6766,2256.0,9182.79,INR,2026-03-22 12:23:59,PENDING
6767,3780.0,9426.23,INR,2026-01-11 10:28:47,PENDING
6768,949.0,4900.36,INR,2026-04-19 00:29:20,PENDING
6769,4798.0,6258.23,INR,2026-02-09 22:57:44,PENDING
6770,4413.0,5332.51,INR,2026-01-31 22:42:59,SUCCESS
6771,963.0,8457.56,INR,2026-03-17 17:36:18,SUCCESS
6772,474.0,7901.72,INR,2026-02-28 13:14:52,FAILED
6773,904.0,5745.05,INR,2026-06-19 01:24:18,FAILED
6774,3960.0,6790.53,INR,2026-05-05 00:46:47,FAILED
6775,4658.0,2851.09,INR,2026-04-25 02:06:52,FAILED
6776,3.0,1644.2,INR,2026-05-03 02:14:02,SUCCESS
6777,4736.0,9545.39,INR,2026-05-19 09:53:48,PENDING
6778,4844.0,1449.02,INR,2026-03-26 11:33:43,FAILED
6779,223.0,5195.42,INR,2026-04-10 10:16:53,FAILED
6780,1043.0,4469.17,INR,2026-02-06 23:49:11,PENDING
6781,2846.0,8749.83,INR,2026-01-01 23:53:07,PENDING
6782,4834.0,8170.47,INR,2026-03-07 13:57:03,SUCCESS
6783,3262.0,2335.29,INR,2026-06-15 01:20:58,SUCCESS
6784,4680.0,4037.54,INR,2026-05-24 04:02:40,PENDING
6785,3268.0,8709.85,INR,2026-05-19 16:08:20,FAILED
6786,240.0,-2643.99,INR,2026-04-29 12:21:14,PENDING
6787,3731.0,3866.17,INR,2026-04-23 03:25:09,SUCCESS
6788,710.0,6613.86,INR,2026-02-18 16:16:19,SUCCESS
6789,3310.0,-7598.51,INR,2026-05-17 21:05:28,PENDING
6790,4919.0,2626.99,INR,2026-01-21 19:34:10,SUCCESS
6791,1785.0,5738.9,INR,2026-05-03 01:38:31,PENDING
6792,3899.0,3244.44,INR,2026-02-22 15:09:10,PENDING
6793,1352.0,180.86,INR,2026-06-03 19:30:29,FAILED
6794,3428.0,2804.08,INR,invalid_date,PENDING
6795,3409.0,6770.25,INR,2026-02-14 04:40:22,FAILED
6796,1360.0,962.47,INR,2026-02-17 10:40:59,PENDING
6797,3902.0,713.28,INR,2026-01-23 06:00:57,PENDING
6798,1926.0,4207.69,INR,2026-04-17 01:10:57,PENDING
6799,2799.0,7751.73,INR,2026-04-24 15:16:05,FAILED
6800,667.0,2922.89,INR,2026-05-09 01:13:19,FAILED
6801,1519.0,5839.31,INR,2026-05-10 00:55:33,SUCCESS
6802,1887.0,9164.36,INR,2026-05-23 15:38:28,PENDING
6803,4396.0,3629.2,INR,2026-06-17 15:59:51,SUCCESS
6804,650.0,2293.8,INR,2026-05-24 15:21:47,SUCCESS
6805,4205.0,4217.9,INR,2026-04-26 08:07:13,PENDING
6806,4835.0,1955.61,INR,2026-04-10 18:17:45,SUCCESS
6807,4650.0,6088.0,INR,2026-02-12 07:07:15,PENDING
6808,171.0,7676.56,INR,2026-04-07 23:05:29,FAILED
6809,3317.0,9604.26,INR,2026-01-30 07:36:12,PENDING
6810,2617.0,2545.81,INR,2026-02-03 11:25:21,SUCCESS
6811,4606.0,5502.61,INR,2026-06-14 19:21:23,PENDING
6812,4120.0,2710.24,INR,2026-05-23 21:25:51,SUCCESS
6813,3258.0,7255.06,INR,2026-02-17 15:56:09,PENDING
6814,3076.0,2976.62,INR,2026-04-19 09:23:48,SUCCESS
6815,145.0,4383.67,INR,2026-03-07 07:53:28,SUCCESS
6816,4619.0,9741.67,INR,2026-03-26 14:45:08,FAILED
6817,923.0,7996.44,INR,2026-01-10 02:30:56,FAILED
6818,751.0,4740.39,INR,2026-02-20 09:21:36,SUCCESS
6819,4733.0,1818.42,INR,2026-03-23 12:15:28,PENDING
6820,783.0,8708.54,INR,2026-02-15 02:24:53,SUCCESS
6821,4645.0,8035.54,INR,2026-04-15 04:38:26,SUCCESS
6822,1997.0,9905.28,INR,2026-04-28 05:33:22,PENDING
6823,327.0,6922.71,INR,2026-04-22 21:14:53,FAILED
6824,3792.0,8792.28,INR,2026-05-09 20:26:16,SUCCESS
6825,3882.0,9531.67,INR,2026-01-12 00:45:24,PENDING
6826,3927.0,5115.01,INR,2026-02-10 09:11:45,FAILED
6827,3523.0,6907.5,INR,2026-03-19 09:57:30,SUCCESS
6828,4897.0,6562.81,INR,2026-06-13 19:05:59,PENDING
6829,908.0,8226.6,INR,2026-05-01 10:07:09,SUCCESS
6830,3246.0,-7664.54,INR,2026-04-11 00:39:55,PENDING
6831,2322.0,1619.81,INR,invalid_date,PENDING
6832,4190.0,59.44,INR,2026-06-06 11:02:18,SUCCESS
6833,2057.0,9418.08,INR,2026-02-17 18:06:16,FAILED
6834,1481.0,1997.13,INR,2026-02-19 06:30:50,SUCCESS
6835,4213.0,3836.52,INR,2026-01-29 21:29:56,FAILED
6836,1940.0,7551.78,INR,2026-05-18 01:19:35,PENDING
6837,2876.0,5590.99,INR,invalid_date,PENDING
6838,4438.0,1635.04,INR,2026-03-28 23:33:31,SUCCESS
6839,1801.0,9155.15,INR,2026-02-18 01:05:13,SUCCESS
6840,3386.0,3157.09,INR,2026-02-16 07:13:19,PENDING
6841,1522.0,5182.48,INR,2026-06-18 08:15:46,SUCCESS
6842,3147.0,7027.28,INR,2026-05-09 14:56:08,SUCCESS
6843,2556.0,3087.67,INR,2026-05-19 22:09:21,SUCCESS
6844,2848.0,8548.46,INR,2026-06-13 04:53:05,FAILED
6845,1653.0,6571.61,INR,2026-05-11 18:40:04,FAILED
6846,90.0,2417.27,INR,2026-04-04 11:45:18,PENDING
6847,3962.0,5731.51,INR,2026-05-25 19:46:22,SUCCESS
6848,882.0,3946.65,INR,2026-01-24 04:55:30,PENDING
6849,1344.0,1331.77,INR,2026-02-17 14:13:47,PENDING
6850,1652.0,8646.99,INR,2026-03-30 13:22:10,FAILED
6851,2856.0,2616.86,INR,2026-04-18 07:53:41,PENDING
6852,4425.0,6614.54,INR,2026-04-25 00:49:43,PENDING
6853,4597.0,7374.26,INR,2026-02-10 09:31:08,FAILED
6854,2424.0,7586.42,INR,2026-02-20 17:30:37,PENDING
6855,4478.0,7454.28,INR,2026-01-02 19:26:56,SUCCESS
6856,1032.0,6162.56,INR,2026-03-24 00:41:07,PENDING
6857,192.0,237.37,INR,2026-03-18 21:44:27,PENDING
6858,1244.0,9713.22,INR,2026-03-07 00:27:09,FAILED
6859,98.0,8337.6,INR,2026-01-20 23:55:48,FAILED
6860,3112.0,-8199.04,INR,2026-01-08 06:57:52,PENDING
6861,1846.0,2631.1,INR,2026-05-11 04:02:48,FAILED
6862,4984.0,9666.92,INR,2026-06-11 23:05:38,FAILED
6863,500.0,7029.98,INR,invalid_date,PENDING
6864,2578.0,-1217.85,INR,2026-01-25 02:26:59,SUCCESS
6865,2318.0,1050.77,INR,2026-01-06 01:38:00,SUCCESS
6866,2218.0,4035.78,INR,2026-05-15 11:09:27,SUCCESS
6867,1496.0,1137.46,INR,2026-02-11 03:04:07,FAILED
6868,3014.0,4098.51,INR,2026-03-17 17:55:11,PENDING
6869,647.0,5808.4,INR,2026-03-20 11:11:52,PENDING
6870,4267.0,6700.94,INR,2026-04-04 19:59:19,SUCCESS
6871,666.0,4210.59,INR,2026-04-16 17:29:44,FAILED
6872,4639.0,2943.67,INR,2026-06-19 00:04:55,PENDING
6873,3490.0,3227.43,INR,2026-04-28 10:59:49,PENDING
6874,1497.0,8661.39,INR,2026-01-31 05:37:42,SUCCESS
6875,3506.0,5859.59,INR,2026-02-16 19:21:11,FAILED
6876,2841.0,8631.16,INR,2026-05-13 12:57:15,PENDING
6877,4425.0,162.88,INR,2026-04-28 02:32:15,SUCCESS
6878,3749.0,3876.26,INR,2026-01-14 17:44:57,FAILED
6879,1908.0,261.48,INR,2026-06-13 03:16:23,SUCCESS
6880,,6951.27,INR,2026-01-08 09:29:32,FAILED
6881,3052.0,9959.19,INR,2026-05-11 13:20:05,SUCCESS
6882,2077.0,416.14,INR,2026-03-13 20:17:58,FAILED
6883,4994.0,6293.76,INR,2026-01-09 20:34:03,FAILED
6884,221.0,4270.66,INR,2026-06-17 04:40:11,SUCCESS
6885,3090.0,6041.05,INR,2026-05-15 16:38:13,SUCCESS
6886,1341.0,9872.87,INR,2026-06-09 22:48:55,FAILED
6887,3941.0,5652.69,INR,2026-05-22 11:12:15,FAILED
6888,1459.0,5232.86,INR,2026-02-15 08:09:21,PENDING
6889,1972.0,2038.99,INR,2026-05-02 05:51:24,SUCCESS
6890,4409.0,6049.55,INR,2026-05-06 20:51:35,SUCCESS
6891,3127.0,3065.79,INR,2026-03-29 04:38:10,SUCCESS
6892,1102.0,3308.37,INR,2026-01-09 23:12:53,FAILED
6893,2166.0,4260.91,INR,2026-02-25 07:38:31,SUCCESS
6894,,7280.56,INR,2026-02-20 22:23:07,FAILED
6895,2146.0,2594.98,INR,2026-05-29 00:31:37,FAILED
6896,,1656.46,INR,2026-05-07 09:26:49,FAILED
6897,1731.0,4523.09,INR,2026-04-05 02:11:18,SUCCESS
6898,516.0,6666.67,INR,2026-02-26 16:27:55,SUCCESS
6899,2125.0,1273.67,INR,2026-03-19 01:12:34,FAILED
6900,73.0,6707.44,INR,2026-02-23 01:34:29,FAILED
6901,4479.0,8788.47,INR,2026-01-08 13:39:02,SUCCESS
6902,4929.0,4159.51,INR,2026-03-09 08:01:14,FAILED
6903,1668.0,1234.24,INR,2026-01-04 14:29:25,SUCCESS
6904,1481.0,6967.68,INR,2026-06-05 15:16:09,FAILED
6905,2372.0,3337.64,INR,2026-03-17 01:24:22,SUCCESS
6906,124.0,3045.55,INR,2026-05-02 14:52:36,SUCCESS
6907,195.0,3254.52,INR,2026-01-26 18:34:17,FAILED
6908,2043.0,2837.92,INR,2026-06-13 17:44:56,FAILED
6909,4792.0,2307.88,INR,2026-02-15 19:17:40,FAILED
6910,2230.0,178.47,INR,2026-04-27 11:25:04,FAILED
6911,4979.0,3632.17,INR,2026-03-05 07:12:55,FAILED
6912,4754.0,4485.38,INR,2026-02-17 00:49:21,SUCCESS
6913,3744.0,7569.97,INR,2026-03-09 16:10:52,SUCCESS
6914,2979.0,7057.93,INR,2026-06-06 23:26:33,PENDING
6915,317.0,7514.41,INR,2026-04-20 12:53:19,FAILED
6916,1144.0,9161.84,INR,2026-01-24 13:36:51,PENDING
6917,3446.0,948.28,INR,2026-02-08 10:29:07,PENDING
6918,4785.0,5301.56,INR,2026-02-07 21:47:06,PENDING
6919,3019.0,6433.99,INR,2026-02-22 00:07:49,PENDING
6920,4931.0,7550.4,INR,2026-04-02 04:54:28,FAILED
6921,1881.0,8620.57,INR,2026-05-24 11:15:39,SUCCESS
6922,4107.0,-7377.49,INR,2026-02-09 07:32:43,FAILED
6923,2514.0,2551.49,INR,2026-04-29 20:14:15,PENDING
6924,4686.0,4135.24,INR,2026-04-23 16:19:56,SUCCESS
6925,1340.0,1689.06,INR,2026-06-02 16:45:03,SUCCESS
6926,1082.0,443.88,INR,2026-02-10 16:42:31,SUCCESS
6927,2370.0,2812.4,INR,invalid_date,PENDING
6928,4145.0,3850.48,INR,2026-02-03 17:33:40,SUCCESS
6929,2491.0,4199.12,INR,2026-02-26 11:43:09,FAILED
6930,4287.0,4644.3,INR,2026-02-08 20:44:37,PENDING
6931,2747.0,7403.2,INR,2026-06-11 18:54:55,PENDING
6932,4355.0,739.98,INR,2026-01-20 05:20:18,SUCCESS
6933,406.0,8888.12,INR,2026-06-02 17:42:40,SUCCESS
6934,2435.0,5372.16,INR,2026-02-28 01:54:21,SUCCESS
6935,2811.0,6563.01,INR,2026-01-20 10:04:10,FAILED
6936,1675.0,-2097.21,INR,2026-01-01 01:40:03,SUCCESS
6937,2155.0,5039.11,INR,2026-04-21 00:04:58,PENDING
6938,3262.0,6377.36,INR,2026-01-10 09:53:11,PENDING
6939,4265.0,8843.41,INR,2026-02-17 09:03:55,PENDING
6940,4032.0,2369.2,INR,2026-04-04 07:35:13,SUCCESS
6941,2224.0,1013.23,INR,2026-04-24 14:05:33,SUCCESS
6942,,2737.23,INR,2026-05-02 09:22:48,SUCCESS
6943,685.0,3392.91,INR,2026-01-05 11:22:00,FAILED
6944,1736.0,347.36,INR,2026-06-09 04:42:35,SUCCESS
6945,1797.0,1227.31,INR,2026-04-02 08:40:54,FAILED
6946,4277.0,850.39,INR,2026-05-19 13:26:06,SUCCESS
6947,3676.0,-4095.09,INR,2026-03-23 22:24:16,SUCCESS
6948,671.0,2946.91,INR,2026-03-13 21:57:21,SUCCESS
6949,135.0,3539.01,INR,2026-04-13 07:08:15,FAILED
6950,4700.0,4493.0,INR,2026-02-02 02:17:46,FAILED
6951,929.0,9716.16,INR,2026-06-12 19:58:43,PENDING
6952,1360.0,1122.52,INR,2026-05-14 13:35:16,SUCCESS
6953,2033.0,-2142.94,INR,2026-05-09 18:04:25,FAILED
6954,898.0,4714.12,INR,2026-01-25 07:12:39,FAILED
6955,2688.0,5643.83,INR,2026-05-15 10:29:25,SUCCESS
6956,607.0,-329.68,INR,2026-03-29 19:58:21,PENDING
6957,1910.0,6867.97,INR,2026-03-30 00:07:50,SUCCESS
6958,4850.0,2089.86,INR,2026-02-25 08:16:53,FAILED
6959,3517.0,2563.02,INR,2026-01-02 01:19:27,PENDING
6960,997.0,2084.2,INR,2026-02-26 17:56:46,FAILED
6961,1053.0,129.74,INR,2026-01-08 15:59:54,PENDING
6962,1498.0,4393.41,INR,2026-01-07 09:49:44,PENDING
6963,2887.0,5908.01,INR,2026-01-03 07:14:58,PENDING
6964,4448.0,6807.89,INR,2026-01-07 15:08:53,SUCCESS
6965,3600.0,5237.3,INR,2026-03-08 19:48:04,PENDING
6966,785.0,5637.67,INR,2026-06-13 10:49:49,PENDING
6967,1030.0,3128.01,INR,2026-02-17 03:51:26,SUCCESS
6968,2776.0,3688.97,INR,2026-02-12 15:31:29,PENDING
6969,2733.0,-239.85,INR,2026-06-02 06:04:18,SUCCESS
6970,3024.0,6141.39,INR,2026-01-09 10:17:06,SUCCESS
6971,2433.0,8646.58,INR,2026-04-26 10:00:29,PENDING
6972,4591.0,191.88,INR,2026-05-05 02:09:20,PENDING
6973,288.0,688.51,INR,2026-03-14 02:20:33,FAILED
6974,3875.0,9366.04,INR,2026-03-12 09:13:32,PENDING
6975,3062.0,7886.77,INR,2026-02-05 17:41:21,PENDING
6976,1890.0,7674.58,INR,2026-04-01 06:32:54,PENDING
6977,629.0,9529.8,INR,2026-04-01 08:49:13,FAILED
6978,4513.0,3952.76,INR,2026-05-05 00:01:20,FAILED
6979,2921.0,6782.27,INR,invalid_date,SUCCESS
6980,4916.0,2923.26,INR,2026-05-31 12:06:57,SUCCESS
6981,1936.0,78.22,INR,2026-06-15 02:15:56,SUCCESS
6982,3406.0,5881.99,INR,2026-01-04 15:34:17,SUCCESS
6983,4292.0,4671.2,INR,2026-03-01 21:22:56,SUCCESS
6984,3973.0,6511.88,INR,2026-02-02 15:53:00,SUCCESS
6985,3551.0,6532.52,INR,2026-06-05 04:50:48,FAILED
6986,2742.0,9141.3,INR,2026-02-18 14:55:16,SUCCESS
6987,3439.0,3907.69,INR,2026-01-08 17:53:01,PENDING
6988,367.0,9978.9,INR,2026-01-22 12:14:06,FAILED
6989,2245.0,7477.68,INR,2026-03-03 08:18:20,FAILED
6990,363.0,6102.9,INR,2026-03-19 11:15:47,FAILED
6991,3990.0,8367.95,INR,2026-02-13 06:02:03,FAILED
6992,2525.0,3754.87,INR,2026-05-17 15:17:02,PENDING
6993,2874.0,2661.39,INR,2026-05-19 13:20:19,SUCCESS
6994,1299.0,9140.63,INR,2026-01-15 23:06:56,FAILED
6995,,9626.93,INR,2026-06-02 05:33:50,PENDING
6996,3773.0,5810.27,INR,2026-05-22 04:39:07,PENDING
6997,3717.0,4957.12,INR,2026-02-23 02:00:10,PENDING
6998,3566.0,6468.95,INR,invalid_date,PENDING
6999,1029.0,-1614.6,INR,2026-06-18 19:13:04,SUCCESS
7000,2655.0,8309.68,INR,2026-05-11 14:18:16,FAILED
7001,4710.0,9738.99,INR,2026-04-02 01:48:18,SUCCESS
7002,3159.0,4302.61,INR,invalid_date,PENDING
7003,1405.0,4660.28,INR,2026-01-21 07:01:17,FAILED
7004,2187.0,1468.31,INR,2026-04-26 14:00:12,FAILED
7005,3109.0,9622.77,INR,2026-04-17 04:50:04,PENDING
7006,1923.0,5226.59,INR,2026-02-04 16:40:21,FAILED
7007,3381.0,-3004.64,INR,2026-04-22 21:34:55,FAILED
7008,1669.0,1974.07,INR,2026-03-24 04:05:36,SUCCESS
7009,230.0,209.11,INR,2026-02-02 19:58:16,FAILED
7010,161.0,1820.4,INR,2026-02-14 04:54:58,FAILED
7011,923.0,60.71,INR,2026-02-01 13:50:21,PENDING
7012,4779.0,8372.11,INR,2026-02-05 11:58:55,PENDING
7013,,6627.06,INR,2026-01-11 09:46:11,FAILED
7014,3016.0,1638.03,INR,2026-03-12 00:00:44,SUCCESS
7015,3613.0,1231.62,INR,invalid_date,FAILED
7016,1815.0,6653.86,INR,2026-06-11 06:11:26,SUCCESS
7017,4964.0,7869.75,INR,2026-04-18 18:49:37,PENDING
7018,482.0,1404.8,INR,2026-06-03 02:22:23,PENDING
7019,2516.0,8877.37,INR,2026-04-08 00:15:09,PENDING
7020,26.0,2412.62,INR,2026-03-12 16:24:01,SUCCESS
7021,1099.0,5696.83,INR,2026-03-18 04:16:33,PENDING
7022,426.0,8493.64,INR,2026-06-17 07:36:08,SUCCESS
7023,1824.0,8336.62,INR,2026-02-05 11:04:33,SUCCESS
7024,4634.0,8506.72,INR,2026-06-15 09:26:11,PENDING
7025,3804.0,-3487.4,INR,2026-06-11 16:44:19,FAILED
7026,1965.0,318.03,INR,2026-02-19 06:05:07,FAILED
7027,1072.0,1456.69,INR,2026-06-17 00:11:36,FAILED
7028,3697.0,3530.11,INR,2026-03-19 01:03:56,PENDING
7029,1505.0,865.51,INR,2026-05-06 22:28:17,FAILED
7030,858.0,-5071.42,INR,2026-03-15 15:51:15,FAILED
7031,661.0,4825.52,INR,2026-01-01 13:24:39,FAILED
7032,72.0,648.2,INR,2026-05-30 17:27:36,PENDING
7033,320.0,5369.41,INR,2026-03-24 12:24:46,SUCCESS
7034,804.0,2026.61,INR,invalid_date,PENDING
7035,1066.0,7648.69,INR,2026-05-24 12:34:00,PENDING
7036,1451.0,536.34,INR,2026-04-13 10:07:38,PENDING
7037,672.0,2205.86,INR,invalid_date,PENDING
7038,3410.0,235.72,INR,2026-03-03 19:25:46,FAILED
7039,4775.0,6643.31,INR,2026-03-25 03:44:20,FAILED
7040,3463.0,3820.55,INR,2026-05-09 06:56:55,FAILED
7041,3442.0,4310.75,INR,2026-01-30 04:44:38,FAILED
7042,4762.0,6095.53,INR,2026-03-07 10:22:27,PENDING
7043,4368.0,5609.92,INR,2026-04-11 05:22:16,FAILED
7044,3043.0,533.71,INR,2026-04-08 00:36:28,PENDING
7045,349.0,9874.95,INR,2026-04-12 13:10:01,SUCCESS
7046,,4897.57,INR,2026-05-12 17:05:22,FAILED
7047,4643.0,8018.12,INR,2026-03-30 12:37:55,FAILED
7048,735.0,-4303.06,INR,2026-05-30 18:54:25,PENDING
7049,4710.0,671.94,INR,2026-05-01 13:11:21,FAILED
7050,1938.0,5814.29,INR,2026-02-28 01:18:33,FAILED
7051,1152.0,7718.6,INR,2026-02-09 18:42:21,PENDING
7052,4978.0,4131.89,INR,2026-06-14 04:31:10,SUCCESS
7053,1056.0,5635.97,INR,2026-06-19 05:13:27,SUCCESS
7054,4700.0,720.18,INR,2026-02-04 09:46:49,FAILED
7055,4963.0,9818.64,INR,2026-02-08 22:27:02,PENDING
7056,1726.0,1665.54,INR,2026-03-06 05:58:13,PENDING
7057,3273.0,8523.69,INR,2026-05-15 01:30:59,PENDING
7058,2267.0,4704.66,INR,2026-05-11 01:48:09,FAILED
7059,3810.0,2043.08,INR,2026-04-14 21:29:36,SUCCESS
7060,2486.0,7199.03,INR,2026-03-07 18:57:52,SUCCESS
7061,2413.0,5608.77,INR,invalid_date,FAILED
7062,1988.0,6354.87,INR,2026-03-13 02:50:00,PENDING
7063,2008.0,1660.19,INR,2026-04-11 15:38:58,FAILED
7064,3521.0,1401.33,INR,2026-01-24 02:58:39,SUCCESS
7065,200.0,4043.1,INR,2026-06-10 02:58:45,PENDING
7066,1926.0,3356.54,INR,2026-05-11 11:05:10,SUCCESS
7067,1015.0,3257.13,INR,2026-04-02 04:28:18,FAILED
7068,3709.0,4919.29,INR,2026-04-26 00:18:35,FAILED
7069,3845.0,128.68,INR,2026-02-05 06:25:21,PENDING
7070,1183.0,9519.03,INR,2026-03-09 02:10:26,FAILED
7071,3278.0,2431.06,INR,2026-06-10 23:02:25,SUCCESS
7072,609.0,2537.75,INR,2026-03-23 09:19:44,PENDING
7073,1879.0,5352.98,INR,2026-01-20 19:10:50,SUCCESS
7074,995.0,413.28,INR,2026-06-01 08:48:07,FAILED
7075,2465.0,4007.52,INR,2026-05-29 21:45:29,PENDING
7076,2483.0,3461.74,INR,2026-01-28 05:42:39,SUCCESS
7077,,6059.75,INR,2026-01-17 19:50:55,SUCCESS
7078,2837.0,1629.52,INR,2026-06-17 05:48:55,SUCCESS
7079,1096.0,7213.68,INR,2026-05-09 14:43:16,FAILED
7080,3893.0,9956.11,INR,2026-03-30 06:00:41,SUCCESS
7081,3614.0,7214.86,INR,2026-01-11 08:43:35,SUCCESS
7082,2627.0,9323.51,INR,2026-05-20 04:01:54,FAILED
7083,3241.0,2545.51,INR,2026-04-28 13:14:25,SUCCESS
7084,4267.0,4387.18,INR,2026-02-04 19:01:07,FAILED
7085,2593.0,8421.85,INR,2026-03-14 01:04:51,PENDING
7086,3275.0,7927.45,INR,2026-05-15 20:07:25,PENDING
7087,4373.0,4113.98,INR,2026-03-28 00:54:31,SUCCESS
7088,2449.0,782.26,INR,2026-05-29 20:10:43,PENDING
7089,4760.0,-8923.36,INR,2026-03-28 09:38:04,FAILED
7090,1364.0,-5879.32,INR,2026-05-30 04:39:35,SUCCESS
7091,3804.0,6441.28,INR,2026-01-28 17:26:45,PENDING
7092,2405.0,2819.7,INR,2026-01-26 05:31:53,PENDING
7093,3627.0,7033.93,INR,2026-03-16 15:39:06,SUCCESS
7094,1208.0,2910.25,INR,2026-01-05 19:56:09,FAILED
7095,3707.0,4354.94,INR,2026-01-19 04:17:12,PENDING
7096,3083.0,680.98,INR,2026-05-08 10:15:45,FAILED
7097,970.0,4066.83,INR,2026-05-11 07:56:56,FAILED
7098,1338.0,4149.67,INR,2026-03-21 07:08:43,PENDING
7099,911.0,7321.54,INR,2026-04-11 14:49:41,PENDING
7100,4664.0,6712.03,INR,2026-05-20 20:30:10,FAILED
7101,1866.0,7066.3,INR,2026-02-19 15:13:36,FAILED
7102,2681.0,6480.88,INR,2026-06-02 05:09:47,SUCCESS
7103,3910.0,7544.63,INR,2026-05-26 07:16:41,PENDING
7104,4989.0,5358.47,INR,2026-01-20 02:13:34,SUCCESS
7105,2461.0,3398.27,INR,2026-05-12 13:01:01,FAILED
7106,2195.0,3938.28,INR,2026-04-28 11:35:27,FAILED
7107,46.0,5316.78,INR,2026-01-26 22:29:14,PENDING
7108,4764.0,152.96,INR,2026-04-13 14:09:01,SUCCESS
7109,1838.0,5446.19,INR,2026-03-22 02:50:08,PENDING
7110,773.0,1008.8,INR,2026-02-07 07:04:58,FAILED
7111,175.0,5848.76,INR,2026-01-04 03:02:09,FAILED
7112,4539.0,6122.29,INR,2026-03-03 11:05:48,SUCCESS
7113,49.0,4548.73,INR,2026-01-19 19:16:21,SUCCESS
7114,3197.0,450.66,INR,2026-01-04 07:52:57,SUCCESS
7115,3689.0,7299.36,INR,2026-02-17 15:33:22,FAILED
7116,1402.0,3777.45,INR,2026-01-08 14:43:36,SUCCESS
7117,1103.0,7307.52,INR,2026-05-26 19:53:19,PENDING
7118,690.0,3526.91,INR,2026-01-24 03:22:49,SUCCESS
7119,4315.0,1975.81,INR,2026-01-03 04:30:23,SUCCESS
7120,4584.0,-3705.09,INR,2026-05-05 19:15:12,FAILED
7121,4887.0,4804.72,INR,2026-02-20 11:36:55,PENDING
7122,277.0,5025.64,INR,2026-04-19 20:05:50,PENDING
7123,4185.0,9416.69,INR,2026-04-25 14:11:46,SUCCESS
7124,2828.0,6608.72,INR,2026-01-11 22:09:28,PENDING
7125,218.0,1050.33,INR,2026-02-08 16:32:04,SUCCESS
7126,3886.0,5928.42,INR,invalid_date,FAILED
7127,837.0,5248.21,INR,2026-04-21 19:08:06,PENDING
7128,4703.0,564.46,INR,2026-04-30 17:59:01,PENDING
7129,266.0,5211.61,INR,2026-01-03 22:34:45,PENDING
7130,968.0,48.75,INR,2026-04-29 05:51:54,PENDING
7131,4741.0,450.33,INR,2026-06-12 01:50:31,SUCCESS
7132,3545.0,916.78,INR,2026-04-19 22:42:05,PENDING
7133,3687.0,-4840.33,INR,2026-02-19 13:30:01,SUCCESS
7134,3436.0,7018.37,INR,2026-02-13 14:53:37,SUCCESS
7135,3192.0,9398.04,INR,2026-04-01 11:09:28,FAILED
7136,3461.0,9786.82,INR,2026-04-28 00:06:02,PENDING
7137,2842.0,7821.2,INR,2026-01-30 13:14:55,SUCCESS
7138,1273.0,2318.69,INR,2026-04-07 19:36:11,FAILED
7139,2173.0,1251.89,INR,2026-04-18 11:18:02,FAILED
7140,2198.0,5359.94,INR,2026-01-06 02:40:06,SUCCESS
7141,4120.0,5923.97,INR,2026-03-04 12:06:00,SUCCESS
7142,1815.0,1492.96,INR,2026-05-06 19:10:26,PENDING
7143,4531.0,3498.48,INR,2026-05-31 23:38:13,FAILED
7144,1291.0,2034.16,INR,2026-03-19 21:33:40,FAILED
7145,203.0,8958.07,INR,2026-01-15 08:57:08,SUCCESS
7146,522.0,188.6,INR,2026-01-01 13:01:32,FAILED
7147,1899.0,7476.81,INR,2026-02-03 21:48:16,PENDING
7148,4716.0,2396.05,INR,2026-06-06 04:08:02,SUCCESS
7149,1523.0,9321.95,INR,2026-04-02 09:25:42,FAILED
7150,4533.0,4486.47,INR,2026-03-07 08:47:43,PENDING
7151,2750.0,8641.74,INR,2026-02-25 23:26:30,SUCCESS
7152,4922.0,7350.3,INR,2026-06-16 21:20:33,SUCCESS
7153,3566.0,7766.42,INR,2026-01-27 19:45:06,SUCCESS
7154,4724.0,5979.94,INR,2026-02-13 12:05:33,FAILED
7155,829.0,6871.72,INR,2026-04-08 08:39:50,SUCCESS
7156,2782.0,8960.69,INR,2026-06-02 14:00:28,PENDING
7157,3875.0,3647.26,INR,2026-06-10 18:13:51,PENDING
7158,594.0,3166.48,INR,2026-01-21 00:09:21,PENDING
7159,1500.0,5901.72,INR,2026-04-01 09:25:01,PENDING
7160,4651.0,6026.01,INR,invalid_date,SUCCESS
7161,155.0,3318.98,INR,2026-05-08 04:31:08,PENDING
7162,1857.0,-2945.18,INR,2026-03-19 06:57:03,SUCCESS
7163,198.0,6060.58,INR,2026-01-05 20:50:26,FAILED
7164,4189.0,93.3,INR,2026-03-28 17:11:46,SUCCESS
7165,2031.0,504.95,INR,2026-02-26 06:35:23,PENDING
7166,4808.0,1507.7,INR,2026-04-27 06:57:55,PENDING
7167,2351.0,1755.52,INR,2026-05-27 22:05:09,SUCCESS
7168,702.0,218.44,INR,2026-01-22 08:58:11,FAILED
7169,2812.0,1285.34,INR,2026-01-19 23:08:01,FAILED
7170,2013.0,7631.52,INR,2026-03-19 18:45:04,SUCCESS
7171,4817.0,182.79,INR,2026-01-03 10:31:53,SUCCESS
7172,2762.0,8138.08,INR,2026-02-28 19:04:43,PENDING
7173,1663.0,2204.4,INR,2026-04-30 02:06:12,SUCCESS
7174,1000.0,4989.43,INR,2026-03-24 23:00:07,FAILED
7175,3544.0,9047.51,INR,2026-05-12 13:34:26,SUCCESS
7176,1479.0,7149.98,INR,2026-04-03 19:40:32,PENDING
7177,3095.0,2908.52,INR,2026-05-02 07:44:52,FAILED
7178,1745.0,9274.69,INR,2026-03-20 13:11:17,PENDING
7179,1822.0,874.86,INR,2026-06-03 03:09:54,FAILED
7180,4410.0,614.25,INR,2026-04-09 04:37:01,PENDING
7181,2302.0,7282.72,INR,2026-02-20 17:04:44,PENDING
7182,2255.0,2118.15,INR,2026-02-12 08:49:41,FAILED
7183,2956.0,8946.17,INR,2026-04-19 08:37:38,FAILED
7184,3030.0,1501.43,INR,2026-01-09 13:50:08,PENDING
7185,1137.0,2142.21,INR,2026-02-08 15:29:47,PENDING
7186,2297.0,5890.51,INR,2026-03-04 11:53:20,FAILED
7187,56.0,5694.29,INR,2026-04-17 03:06:38,PENDING
7188,969.0,973.26,INR,2026-01-24 23:39:58,FAILED
7189,3223.0,8832.8,INR,2026-01-08 06:31:12,FAILED
7190,804.0,276.86,INR,2026-03-28 23:54:02,FAILED
7191,2186.0,8980.36,INR,2026-05-15 01:42:48,FAILED
7192,3302.0,3698.05,INR,2026-04-29 21:46:06,FAILED
7193,1625.0,1177.7,INR,2026-03-03 20:33:11,PENDING
7194,2292.0,8574.63,INR,2026-06-05 19:48:24,PENDING
7195,1351.0,8685.49,INR,2026-05-21 15:16:21,PENDING
7196,1102.0,6607.45,INR,2026-02-12 22:29:41,PENDING
7197,3180.0,9776.85,INR,2026-03-13 22:31:02,FAILED
7198,2649.0,2051.16,INR,2026-05-21 06:32:19,SUCCESS
7199,4204.0,1474.09,INR,2026-02-08 06:47:08,PENDING
7200,4714.0,6956.52,INR,2026-05-23 19:24:16,PENDING
7201,1873.0,7552.52,INR,2026-04-25 15:41:04,FAILED
7202,286.0,6277.82,INR,2026-05-05 05:17:39,FAILED
7203,2683.0,7909.38,INR,2026-05-29 11:53:43,PENDING
7204,4529.0,3242.36,INR,2026-06-15 05:31:44,FAILED
7205,906.0,2972.56,INR,2026-03-03 23:09:32,FAILED
7206,1417.0,5816.59,INR,2026-05-11 08:31:29,FAILED
7207,3575.0,5416.87,INR,2026-01-10 10:22:13,FAILED
7208,1680.0,5653.64,INR,2026-02-05 11:47:31,SUCCESS
7209,1924.0,3274.93,INR,2026-01-15 12:53:03,FAILED
7210,1089.0,1096.54,INR,2026-01-13 02:08:51,PENDING
7211,2549.0,7014.52,INR,2026-06-06 09:28:00,PENDING
7212,3192.0,284.21,INR,2026-05-09 16:09:10,PENDING
7213,446.0,3471.13,INR,2026-05-23 07:09:19,FAILED
7214,2197.0,9475.74,INR,2026-02-22 16:15:27,PENDING
7215,3356.0,2673.67,INR,2026-04-20 19:06:28,PENDING
7216,,6736.85,INR,2026-03-02 02:47:49,FAILED
7217,1795.0,4408.88,INR,invalid_date,FAILED
7218,2157.0,9086.19,INR,2026-01-28 04:06:32,SUCCESS
7219,1168.0,5495.61,INR,2026-03-16 04:58:35,PENDING
7220,922.0,3417.07,INR,2026-03-26 23:08:25,FAILED
7221,3349.0,9109.21,INR,2026-04-20 12:13:18,SUCCESS
7222,4357.0,6049.03,INR,2026-05-11 05:28:31,SUCCESS
7223,224.0,2391.04,INR,invalid_date,PENDING
7224,3068.0,3258.14,INR,2026-02-21 02:59:06,FAILED
7225,2443.0,3560.66,INR,2026-04-03 01:47:02,FAILED
7226,1161.0,5240.53,INR,2026-02-05 10:30:32,PENDING
7227,746.0,6125.21,INR,2026-05-28 00:35:38,SUCCESS
7228,,4407.61,INR,2026-01-28 09:34:53,SUCCESS
7229,1424.0,7859.64,INR,2026-06-12 20:54:36,SUCCESS
7230,3204.0,636.67,INR,2026-04-25 11:47:27,PENDING
7231,2819.0,2515.3,INR,2026-02-12 15:19:30,PENDING
7232,2678.0,7921.2,INR,2026-01-17 19:24:13,PENDING
7233,787.0,-2221.8,INR,2026-04-04 12:36:23,FAILED
7234,1008.0,8916.0,INR,2026-01-05 22:16:16,SUCCESS
7235,571.0,3148.27,INR,2026-01-30 21:02:57,SUCCESS
7236,2462.0,1228.07,INR,2026-01-16 15:15:35,FAILED
7237,2297.0,4658.66,INR,2026-03-21 19:55:19,SUCCESS
7238,2245.0,2450.45,INR,2026-03-14 15:59:15,PENDING
7239,4928.0,3610.55,INR,2026-03-25 23:14:57,SUCCESS
7240,496.0,4124.4,INR,2026-04-15 06:25:03,PENDING
7241,1254.0,5291.06,INR,2026-02-27 07:35:40,FAILED
7242,487.0,7606.84,INR,2026-05-05 18:50:45,SUCCESS
7243,2240.0,5108.56,INR,2026-05-05 22:12:46,SUCCESS
7244,3611.0,5224.48,INR,2026-04-30 23:49:11,SUCCESS
7245,2574.0,6283.6,INR,2026-04-30 22:59:46,PENDING
7246,3712.0,3606.59,INR,2026-04-13 17:51:44,FAILED
7247,2023.0,1997.5,INR,2026-02-25 01:57:06,PENDING
7248,4310.0,4970.15,INR,2026-04-24 17:52:15,PENDING
7249,4797.0,6729.8,INR,2026-01-08 07:34:30,SUCCESS
7250,1379.0,3711.94,INR,2026-06-02 08:48:31,PENDING
7251,1398.0,-2594.16,INR,2026-01-20 11:08:20,SUCCESS
7252,3501.0,3213.21,INR,2026-03-26 04:56:43,PENDING
7253,1048.0,214.44,INR,2026-05-14 18:02:57,FAILED
7254,945.0,-17.7,INR,2026-02-04 23:12:36,FAILED
7255,1274.0,3218.54,INR,2026-06-05 20:30:51,FAILED
7256,4524.0,7938.89,INR,2026-04-26 16:18:16,SUCCESS
7257,3176.0,2921.24,INR,2026-03-29 21:28:17,PENDING
7258,1976.0,4015.91,INR,2026-01-26 03:59:22,PENDING
7259,3137.0,9934.95,INR,2026-01-28 06:11:21,FAILED
7260,4254.0,1367.71,INR,2026-06-15 18:15:46,PENDING
7261,1166.0,4771.9,INR,2026-04-10 15:09:26,FAILED
7262,633.0,2094.16,INR,2026-04-22 15:12:28,SUCCESS
7263,532.0,6413.1,INR,2026-03-08 15:51:09,SUCCESS
7264,860.0,3603.37,INR,invalid_date,PENDING
7265,2057.0,9571.16,INR,2026-04-07 04:08:32,SUCCESS
7266,2491.0,3879.09,INR,2026-06-17 05:48:52,FAILED
7267,3541.0,4190.43,INR,invalid_date,SUCCESS
7268,475.0,3003.92,INR,2026-04-08 04:54:25,FAILED
7269,1981.0,4743.56,INR,2026-04-22 03:13:41,FAILED
7270,4584.0,5086.13,INR,2026-02-08 10:02:36,FAILED
7271,,5336.62,INR,2026-05-26 22:02:45,FAILED
7272,594.0,9628.26,INR,2026-01-03 08:19:55,PENDING
7273,785.0,5410.33,INR,invalid_date,FAILED
7274,4136.0,6194.6,INR,2026-01-16 19:10:41,SUCCESS
7275,1550.0,7483.96,INR,2026-04-13 09:08:49,FAILED
7276,2954.0,2148.88,INR,2026-03-17 18:44:11,FAILED
7277,2656.0,2826.01,INR,2026-02-18 15:59:26,PENDING
7278,572.0,4496.6,INR,2026-01-23 03:28:01,FAILED
7279,3344.0,1433.15,INR,2026-02-24 17:08:14,FAILED
7280,2391.0,6618.86,INR,2026-02-02 21:36:10,FAILED
7281,511.0,1332.31,INR,2026-01-09 18:00:27,SUCCESS
7282,4002.0,9034.29,INR,2026-01-09 09:10:11,PENDING
7283,589.0,9392.24,INR,2026-03-21 14:33:48,FAILED
7284,2079.0,474.18,INR,2026-05-05 00:16:50,PENDING
7285,4754.0,-1601.29,INR,2026-05-18 22:30:55,FAILED
7286,1599.0,3005.5,INR,2026-02-28 06:49:18,FAILED
7287,4404.0,7297.0,INR,2026-05-03 13:14:37,SUCCESS
7288,3739.0,5989.05,INR,2026-04-25 20:41:38,SUCCESS
7289,4585.0,5538.15,INR,2026-03-19 13:32:22,FAILED
7290,1803.0,5359.93,INR,2026-01-30 16:19:27,FAILED
7291,,9109.95,INR,2026-03-25 05:44:13,FAILED
7292,4134.0,3189.1,INR,2026-03-14 16:22:23,SUCCESS
7293,3160.0,6509.87,INR,2026-01-08 08:06:28,FAILED
7294,291.0,9896.08,INR,2026-06-12 18:40:11,PENDING
7295,1320.0,1817.66,INR,2026-01-03 09:25:44,PENDING
7296,3381.0,6658.1,INR,2026-01-08 10:56:03,FAILED
7297,4555.0,4742.1,INR,2026-01-15 10:07:33,FAILED
7298,4118.0,3668.4,INR,2026-05-11 13:16:47,PENDING
7299,3325.0,2727.5,INR,2026-05-03 10:13:32,FAILED
7300,118.0,3220.37,INR,2026-02-08 06:52:12,SUCCESS
7301,782.0,8406.9,INR,2026-03-24 08:44:32,SUCCESS
7302,2879.0,8317.39,INR,2026-03-28 08:52:45,PENDING
7303,2785.0,1787.52,INR,2026-04-14 04:19:15,SUCCESS
7304,444.0,6027.74,INR,2026-01-21 11:03:49,FAILED
7305,3786.0,2531.59,INR,2026-06-06 00:27:59,PENDING
7306,403.0,8231.49,INR,2026-06-11 17:32:28,PENDING
7307,518.0,7117.45,INR,2026-05-03 17:41:01,SUCCESS
7308,3757.0,6373.59,INR,2026-04-10 12:47:28,PENDING
7309,3727.0,1597.0,INR,2026-02-08 04:31:27,FAILED
7310,4033.0,5719.31,INR,2026-05-10 19:00:10,SUCCESS
7311,2449.0,7606.97,INR,2026-04-16 07:16:51,FAILED
7312,616.0,363.75,INR,2026-02-04 21:50:39,PENDING
7313,630.0,7487.51,INR,2026-04-23 18:10:43,PENDING
7314,653.0,5467.96,INR,2026-05-15 22:04:02,PENDING
7315,4379.0,130.05,INR,2026-01-20 04:08:02,PENDING
7316,935.0,6826.8,INR,2026-03-24 08:34:59,FAILED
7317,1600.0,-2282.25,INR,2026-02-17 10:21:02,PENDING
7318,112.0,6410.15,INR,2026-05-22 15:07:36,SUCCESS
7319,1414.0,3413.82,INR,2026-06-05 15:59:49,SUCCESS
7320,654.0,6065.66,INR,2026-05-24 02:02:50,SUCCESS
7321,3384.0,9306.09,INR,2026-06-08 05:53:24,FAILED
7322,3901.0,3439.67,INR,2026-02-10 15:19:03,PENDING
7323,1879.0,9839.82,INR,2026-03-09 03:28:17,SUCCESS
7324,4495.0,5646.14,INR,2026-03-15 16:06:43,FAILED
7325,1475.0,1065.71,INR,2026-05-30 05:30:32,PENDING
7326,4169.0,3299.96,INR,2026-03-10 09:42:40,SUCCESS
7327,4386.0,2003.69,INR,invalid_date,PENDING
7328,1806.0,6689.95,INR,2026-04-24 15:12:14,SUCCESS
7329,3357.0,9508.24,INR,2026-05-04 11:06:42,SUCCESS
7330,1090.0,4901.71,INR,2026-01-13 19:53:50,FAILED
7331,4019.0,5573.9,INR,2026-06-02 09:38:19,FAILED
7332,1187.0,3080.18,INR,2026-04-06 01:17:24,PENDING
7333,2475.0,2555.09,INR,2026-05-12 17:10:34,FAILED
7334,,9112.72,INR,2026-03-28 04:04:32,PENDING
7335,14.0,8539.41,INR,2026-02-08 21:07:30,PENDING
7336,2302.0,6191.16,INR,2026-06-01 15:04:03,SUCCESS
7337,745.0,2205.17,INR,2026-03-29 14:01:37,SUCCESS
7338,3071.0,1951.19,INR,2026-02-17 03:33:03,FAILED
7339,2501.0,1698.82,INR,2026-05-01 05:46:32,SUCCESS
7340,3979.0,6187.87,INR,2026-06-10 05:15:12,PENDING
7341,3566.0,2557.16,INR,2026-06-12 09:27:58,SUCCESS
7342,2910.0,9548.8,INR,2026-05-31 02:50:01,PENDING
7343,846.0,2379.46,INR,2026-05-19 00:10:07,PENDING
7344,3085.0,3214.71,INR,2026-05-22 22:27:47,PENDING
7345,3533.0,4229.73,INR,2026-05-15 16:46:25,SUCCESS
7346,38.0,144.63,INR,2026-06-15 21:57:29,FAILED
7347,2473.0,3691.79,INR,2026-02-24 18:49:11,SUCCESS
7348,2996.0,1501.3,INR,2026-02-24 08:13:42,PENDING
7349,4283.0,9306.37,INR,2026-04-01 11:47:42,FAILED
7350,3530.0,5995.29,INR,2026-03-11 21:23:45,PENDING
7351,2500.0,1617.18,INR,2026-04-11 21:30:33,PENDING
7352,53.0,5870.95,INR,2026-03-27 01:17:52,FAILED
7353,2095.0,5358.8,INR,2026-05-22 02:15:15,PENDING
7354,1294.0,2318.95,INR,2026-03-31 05:07:44,SUCCESS
7355,2112.0,4722.76,INR,2026-02-11 02:58:02,SUCCESS
7356,88.0,9328.54,INR,2026-02-15 10:56:08,PENDING
7357,4519.0,3100.24,INR,2026-01-15 16:27:38,SUCCESS
7358,1082.0,843.8,INR,2026-01-24 01:01:05,PENDING
7359,2293.0,5804.52,INR,2026-03-26 14:57:05,SUCCESS
7360,4849.0,3453.6,INR,2026-02-25 15:38:33,PENDING
7361,3031.0,1136.67,INR,invalid_date,PENDING
7362,2722.0,4464.27,INR,2026-04-10 16:08:46,FAILED
7363,4506.0,8469.26,INR,2026-06-13 14:33:03,PENDING
7364,2649.0,5289.05,INR,2026-04-01 02:40:35,FAILED
7365,4431.0,5234.29,INR,2026-04-21 11:07:28,FAILED
7366,253.0,8546.19,INR,2026-04-03 08:59:35,SUCCESS
7367,2871.0,5527.0,INR,2026-01-09 09:37:31,SUCCESS
7368,,3052.56,INR,2026-04-10 11:16:58,SUCCESS
7369,,517.85,INR,2026-03-07 16:34:38,PENDING
7370,2923.0,7588.07,INR,2026-05-10 07:44:08,PENDING
7371,3331.0,8827.97,INR,2026-01-13 07:29:25,PENDING
7372,3779.0,5907.66,INR,2026-04-14 14:53:18,SUCCESS
7373,4826.0,5510.95,INR,2026-01-11 04:13:45,SUCCESS
7374,1846.0,5353.93,INR,2026-01-08 06:15:16,PENDING
7375,402.0,8314.17,INR,2026-01-20 22:45:19,SUCCESS
7376,3233.0,8208.05,INR,2026-05-24 02:38:54,FAILED
7377,3302.0,3596.37,INR,2026-02-07 05:52:30,FAILED
7378,3830.0,3384.44,INR,2026-04-10 01:37:59,FAILED
7379,1125.0,9727.85,INR,2026-01-28 23:11:51,SUCCESS
7380,742.0,4438.33,INR,2026-02-04 10:42:06,FAILED
7381,4854.0,7083.7,INR,2026-01-27 01:03:10,FAILED
7382,337.0,25.64,INR,2026-05-15 09:34:09,FAILED
7383,194.0,5874.74,INR,2026-04-14 17:43:19,PENDING
7384,4744.0,8144.49,INR,invalid_date,SUCCESS
7385,143.0,782.34,INR,2026-05-04 02:16:21,PENDING
7386,4834.0,3510.77,INR,2026-06-03 02:52:27,PENDING
7387,4635.0,4916.76,INR,2026-03-15 02:21:01,FAILED
7388,2669.0,6662.03,INR,2026-05-19 02:01:36,PENDING
7389,3412.0,7667.69,INR,2026-03-27 11:44:52,PENDING
7390,3023.0,2987.08,INR,2026-03-20 00:58:21,SUCCESS
7391,4543.0,1767.36,INR,2026-06-02 14:19:35,FAILED
7392,2512.0,2968.49,INR,2026-04-26 03:28:46,SUCCESS
7393,3154.0,9187.89,INR,2026-02-17 14:25:41,SUCCESS
7394,,6039.88,INR,2026-04-14 16:06:27,FAILED
7395,812.0,4375.13,INR,2026-05-04 08:02:22,SUCCESS
7396,4841.0,4215.2,INR,2026-05-26 18:32:00,FAILED
7397,1211.0,-8362.83,INR,2026-04-06 20:50:12,SUCCESS
7398,4238.0,6588.84,INR,2026-03-12 15:44:02,SUCCESS
7399,1774.0,-7376.08,INR,2026-05-28 07:03:56,PENDING
7400,4296.0,5134.41,INR,2026-03-07 12:35:50,FAILED
7401,1662.0,4877.41,INR,2026-03-12 16:49:04,SUCCESS
7402,2474.0,8246.82,INR,2026-03-19 18:45:07,SUCCESS
7403,2459.0,8017.44,INR,2026-03-21 03:55:34,FAILED
7404,1983.0,8968.68,INR,2026-02-06 01:26:30,SUCCESS
7405,2616.0,294.29,INR,2026-04-13 13:28:10,FAILED
7406,2603.0,8993.81,INR,2026-02-28 01:37:11,FAILED
7407,3360.0,6953.64,INR,2026-02-06 10:51:31,FAILED
7408,4785.0,3084.88,INR,2026-01-04 05:38:29,FAILED
7409,340.0,9400.89,INR,2026-02-17 14:56:51,PENDING
7410,,2868.31,INR,2026-03-24 01:42:52,FAILED
7411,3629.0,4956.91,INR,2026-06-10 03:24:42,PENDING
7412,1016.0,2920.17,INR,2026-01-15 00:02:47,FAILED
7413,1407.0,4055.68,INR,2026-04-14 13:09:48,FAILED
7414,3831.0,9419.56,INR,2026-01-09 21:13:50,PENDING
7415,,4284.11,INR,2026-06-10 08:25:22,PENDING
7416,4321.0,3966.8,INR,2026-02-14 08:26:44,PENDING
7417,226.0,555.65,INR,2026-06-04 15:29:02,FAILED
7418,2761.0,4694.15,INR,2026-06-12 09:04:17,PENDING
7419,3158.0,6131.07,INR,2026-06-14 20:27:36,FAILED
7420,3337.0,9790.39,INR,2026-04-25 11:48:06,FAILED
7421,4022.0,3693.24,INR,2026-04-08 08:01:10,PENDING
7422,2882.0,5631.12,INR,2026-01-23 06:01:05,SUCCESS
7423,4474.0,6072.2,INR,2026-06-12 08:15:40,PENDING
7424,4257.0,7740.09,INR,2026-02-02 11:56:03,PENDING
7425,3073.0,3837.5,INR,2026-06-04 07:39:58,FAILED
7426,4954.0,8108.3,INR,2026-01-14 23:50:54,SUCCESS
7427,2897.0,8156.03,INR,2026-05-11 07:49:41,SUCCESS
7428,4506.0,8999.47,INR,2026-06-11 08:43:33,PENDING
7429,848.0,229.04,INR,2026-04-15 02:17:51,SUCCESS
7430,1683.0,7008.25,INR,2026-01-21 08:16:51,FAILED
7431,3060.0,6811.52,INR,2026-05-07 05:32:24,PENDING
7432,2301.0,5005.81,INR,2026-03-31 10:29:37,FAILED
7433,441.0,9963.95,INR,2026-05-09 08:14:47,SUCCESS
7434,2194.0,6127.94,INR,2026-01-05 21:56:04,SUCCESS
7435,347.0,3279.66,INR,2026-04-23 07:25:36,FAILED
7436,4905.0,-2491.51,INR,2026-04-24 09:15:57,SUCCESS
7437,868.0,3358.6,INR,2026-03-01 12:06:44,SUCCESS
7438,245.0,899.84,INR,2026-05-22 06:54:46,SUCCESS
7439,1099.0,8066.05,INR,2026-06-07 09:45:01,PENDING
7440,2636.0,1424.3,INR,2026-02-10 02:15:11,FAILED
7441,2213.0,4094.47,INR,2026-03-25 07:35:13,PENDING
7442,4908.0,3442.56,INR,2026-04-16 07:04:36,FAILED
7443,2016.0,7667.36,INR,2026-06-10 04:31:22,SUCCESS
7444,4927.0,7293.9,INR,2026-05-03 17:59:49,FAILED
7445,2.0,8946.61,INR,2026-03-23 01:11:54,FAILED
7446,1290.0,5052.77,INR,2026-04-19 00:03:27,SUCCESS
7447,4957.0,7307.62,INR,2026-01-25 18:01:20,SUCCESS
7448,3149.0,3178.21,INR,2026-04-30 01:14:37,PENDING
7449,3919.0,4008.32,INR,2026-06-09 03:41:50,FAILED
7450,4382.0,2117.45,INR,2026-05-25 00:05:36,SUCCESS
7451,4793.0,1590.52,INR,2026-02-27 04:36:01,FAILED
7452,815.0,1478.33,INR,2026-02-16 14:41:21,FAILED
7453,,5590.4,INR,2026-03-15 22:48:47,FAILED
7454,2125.0,1908.64,INR,2026-05-16 07:48:58,SUCCESS
7455,4055.0,7562.64,INR,2026-04-02 20:24:25,FAILED
7456,1261.0,1497.13,INR,2026-05-30 12:13:37,PENDING
7457,4341.0,3338.84,INR,2026-02-21 15:12:54,FAILED
7458,535.0,8472.97,INR,2026-05-22 03:19:44,FAILED
7459,3946.0,7243.63,INR,2026-01-24 11:26:59,PENDING
7460,1196.0,7074.16,INR,2026-01-09 02:18:52,FAILED
7461,1102.0,2449.49,INR,2026-02-08 21:32:33,SUCCESS
7462,3349.0,-4044.34,INR,2026-05-03 04:06:14,SUCCESS
7463,1322.0,5787.2,INR,2026-01-14 01:11:08,FAILED
7464,2388.0,6265.32,INR,2026-03-23 13:08:33,FAILED
7465,218.0,3164.15,INR,2026-04-25 09:04:16,FAILED
7466,3367.0,-6548.45,INR,2026-03-22 01:45:15,PENDING
7467,4985.0,7498.02,INR,2026-04-12 00:07:21,FAILED
7468,2992.0,6660.74,INR,2026-03-30 20:39:24,PENDING
7469,1964.0,9803.18,INR,2026-04-05 13:35:10,PENDING
7470,3575.0,6233.57,INR,2026-06-17 02:53:21,PENDING
7471,1696.0,9714.63,INR,2026-02-19 20:46:48,SUCCESS
7472,2305.0,8961.43,INR,2026-01-09 02:04:49,FAILED
7473,143.0,1701.19,INR,2026-02-01 03:31:53,PENDING
7474,3749.0,5260.78,INR,2026-03-16 16:15:41,PENDING
7475,2896.0,4724.35,INR,2026-01-09 01:50:21,SUCCESS
7476,2392.0,4012.01,INR,2026-01-13 05:43:44,FAILED
7477,2033.0,7711.56,INR,2026-03-31 17:00:54,SUCCESS
7478,4507.0,4813.02,INR,2026-01-31 01:29:41,SUCCESS
7479,639.0,57.46,INR,2026-04-18 16:39:24,PENDING
7480,300.0,791.55,INR,2026-05-02 18:51:22,PENDING
7481,908.0,4177.06,INR,2026-02-06 21:50:47,PENDING
7482,2688.0,5707.08,INR,2026-04-02 09:26:41,PENDING
7483,4704.0,5358.78,INR,2026-05-02 17:54:33,PENDING
7484,4988.0,2953.08,INR,2026-01-13 23:17:22,SUCCESS
7485,1043.0,6303.61,INR,2026-05-26 13:15:28,FAILED
7486,3353.0,6655.03,INR,2026-05-26 07:35:50,PENDING
7487,2681.0,5573.2,INR,2026-01-31 16:02:14,PENDING
7488,2891.0,602.86,INR,2026-04-12 18:06:43,SUCCESS
7489,714.0,6178.04,INR,2026-02-23 03:57:38,PENDING
7490,1911.0,6047.89,INR,2026-06-11 18:32:21,PENDING
7491,2407.0,5808.74,INR,2026-01-03 18:49:31,FAILED
7492,1904.0,8830.17,INR,2026-03-11 15:32:17,PENDING
7493,677.0,6938.22,INR,2026-02-28 22:29:44,PENDING
7494,4028.0,9270.93,INR,2026-06-08 09:41:20,SUCCESS
7495,4047.0,4175.18,INR,2026-02-25 15:09:51,SUCCESS
7496,4101.0,856.34,INR,2026-04-13 09:43:57,FAILED
7497,825.0,-4500.23,INR,2026-06-02 04:47:33,PENDING
7498,2331.0,4518.07,INR,2026-03-23 09:13:35,SUCCESS
7499,2299.0,7253.21,INR,2026-02-23 21:30:51,FAILED
7500,3290.0,-3681.46,INR,2026-04-14 22:10:43,PENDING
7501,,2502.06,INR,2026-03-12 21:32:56,SUCCESS
7502,969.0,9291.79,INR,2026-03-26 23:57:59,PENDING
7503,1791.0,5985.81,INR,2026-01-26 00:19:03,FAILED
7504,290.0,6145.17,INR,2026-06-10 06:39:22,FAILED
7505,1627.0,6793.23,INR,2026-02-19 06:05:05,FAILED
7506,4230.0,9076.98,INR,2026-01-15 14:32:12,SUCCESS
7507,2903.0,1572.01,INR,2026-06-17 13:25:12,PENDING
7508,4541.0,1509.99,INR,2026-04-03 14:02:55,FAILED
7509,2877.0,462.97,INR,2026-03-11 14:44:34,FAILED
7510,5.0,737.89,INR,2026-04-12 16:51:24,FAILED
7511,4824.0,5107.69,INR,2026-05-29 14:58:42,SUCCESS
7512,2247.0,8736.47,INR,2026-02-04 12:20:49,PENDING
7513,895.0,4200.3,INR,2026-02-22 02:42:44,SUCCESS
7514,3829.0,6522.45,INR,2026-06-05 19:26:09,PENDING
7515,3063.0,4123.64,INR,2026-01-28 04:59:12,PENDING
7516,586.0,-2031.39,INR,2026-03-15 06:24:27,PENDING
7517,2472.0,5545.57,INR,2026-06-03 22:17:52,PENDING
7518,2572.0,4518.73,INR,2026-05-20 02:42:22,FAILED
7519,4670.0,2651.01,INR,2026-02-07 08:10:43,PENDING
7520,1217.0,7458.05,INR,2026-03-30 17:29:26,PENDING
7521,2612.0,1010.19,INR,2026-01-25 22:33:25,PENDING
7522,2235.0,8133.93,INR,2026-03-24 05:27:28,FAILED
7523,,7535.89,INR,2026-05-22 06:29:02,FAILED
7524,3427.0,2862.9,INR,2026-01-09 18:29:25,SUCCESS
7525,3975.0,6747.72,INR,2026-06-02 06:23:44,PENDING
7526,2567.0,8565.99,INR,2026-01-21 07:14:39,FAILED
7527,3284.0,55.38,INR,2026-02-12 21:27:40,PENDING
7528,4634.0,3821.56,INR,2026-01-07 07:40:17,SUCCESS
7529,3952.0,6057.17,INR,2026-04-03 02:36:01,PENDING
7530,407.0,4929.17,INR,2026-03-23 11:55:00,PENDING
7531,2579.0,3796.3,INR,2026-01-28 05:42:36,FAILED
7532,191.0,7850.62,INR,2026-03-27 22:56:06,SUCCESS
7533,3907.0,2366.47,INR,2026-01-30 03:27:30,PENDING
7534,2813.0,4726.98,INR,2026-05-02 14:38:56,SUCCESS
7535,2226.0,3999.51,INR,2026-05-19 19:12:46,SUCCESS
7536,3386.0,-7980.23,INR,2026-04-24 03:16:35,FAILED
7537,2804.0,-5295.01,INR,2026-02-15 15:11:25,FAILED
7538,966.0,2107.68,INR,2026-02-07 08:33:07,SUCCESS
7539,1131.0,9622.68,INR,2026-04-13 11:26:45,FAILED
7540,3159.0,435.04,INR,2026-04-29 12:08:28,PENDING
7541,3883.0,5522.15,INR,2026-02-27 18:07:32,SUCCESS
7542,1574.0,1063.67,INR,2026-04-12 18:11:35,FAILED
7543,,3913.91,INR,2026-02-20 06:10:41,PENDING
7544,3820.0,2333.49,INR,2026-01-10 05:51:59,SUCCESS
7545,4178.0,961.74,INR,2026-02-28 06:14:52,SUCCESS
7546,3830.0,3268.53,INR,2026-02-16 03:35:57,SUCCESS
7547,788.0,654.13,INR,2026-06-16 22:28:31,SUCCESS
7548,2263.0,6320.65,INR,2026-02-02 02:46:56,PENDING
7549,967.0,7543.71,INR,2026-01-10 12:02:49,PENDING
7550,1624.0,4180.26,INR,2026-02-24 15:42:52,SUCCESS
7551,3406.0,6850.12,INR,2026-01-30 19:17:12,PENDING
7552,1914.0,1397.37,INR,2026-04-03 09:39:15,SUCCESS
7553,2585.0,7162.15,INR,2026-04-15 10:46:00,PENDING
7554,4302.0,1081.5,INR,2026-03-09 13:07:58,SUCCESS
7555,4485.0,3904.05,INR,2026-05-04 21:09:23,PENDING
7556,1610.0,307.23,INR,2026-06-01 10:17:06,FAILED
7557,,776.68,INR,2026-06-06 10:18:04,SUCCESS
7558,2968.0,4482.3,INR,2026-04-06 04:44:30,SUCCESS
7559,501.0,4969.98,INR,2026-01-28 06:30:23,PENDING
7560,,8864.04,INR,2026-03-06 01:02:49,PENDING
7561,2048.0,8039.63,INR,2026-01-13 09:25:43,SUCCESS
7562,1235.0,5422.32,INR,2026-01-17 18:17:06,SUCCESS
7563,2426.0,4238.55,INR,2026-02-05 21:30:34,SUCCESS
7564,2895.0,2732.11,INR,2026-04-24 17:41:07,FAILED
7565,4105.0,1652.79,INR,2026-05-28 15:35:13,PENDING
7566,4155.0,-6639.39,INR,2026-06-13 18:19:40,SUCCESS
7567,154.0,1696.59,INR,2026-01-15 20:14:05,FAILED
7568,3310.0,2711.03,INR,2026-03-14 20:40:53,FAILED
7569,4585.0,537.38,INR,2026-01-16 07:40:17,SUCCESS
7570,694.0,7562.17,INR,2026-04-14 04:23:03,SUCCESS
7571,2805.0,3641.14,INR,2026-04-24 06:25:53,FAILED
7572,998.0,6658.39,INR,2026-04-25 21:56:46,PENDING
7573,4711.0,2759.44,INR,2026-03-03 16:49:31,PENDING
7574,1317.0,9360.45,INR,2026-03-25 15:01:45,FAILED
7575,1337.0,5977.03,INR,2026-01-06 23:32:19,SUCCESS
7576,589.0,8106.17,INR,2026-01-03 21:02:51,FAILED
7577,4785.0,1464.24,INR,2026-06-10 17:18:11,PENDING
7578,,7577.96,INR,2026-03-13 10:03:51,PENDING
7579,2352.0,6222.78,INR,2026-01-13 19:48:51,FAILED
7580,2829.0,8099.18,INR,2026-06-16 02:43:03,FAILED
7581,822.0,6757.35,INR,2026-05-11 12:41:24,FAILED
7582,819.0,9788.93,INR,2026-01-31 11:45:02,FAILED
7583,1317.0,-7907.95,INR,2026-04-30 05:22:32,PENDING
7584,4787.0,4017.5,INR,2026-04-15 22:44:31,FAILED
7585,1307.0,4734.19,INR,2026-03-23 13:04:20,FAILED
7586,1801.0,1716.74,INR,2026-03-21 07:00:31,PENDING
7587,4755.0,7856.38,INR,2026-05-12 02:50:41,PENDING
7588,1815.0,5009.95,INR,2026-03-23 05:05:55,PENDING
7589,606.0,945.4,INR,2026-04-08 20:12:25,PENDING
7590,479.0,481.37,INR,2026-05-22 20:48:56,SUCCESS
7591,1567.0,-2579.98,INR,2026-01-22 07:40:53,SUCCESS
7592,2177.0,5231.57,INR,2026-02-10 20:31:12,FAILED
7593,2531.0,3475.87,INR,2026-05-28 17:52:01,SUCCESS
7594,29.0,9714.2,INR,2026-01-03 15:29:56,PENDING
7595,2738.0,3162.9,INR,2026-01-10 22:59:03,PENDING
7596,2141.0,5172.71,INR,2026-03-12 12:41:53,PENDING
7597,3510.0,5156.56,INR,2026-06-04 02:17:17,FAILED
7598,952.0,3729.11,INR,2026-01-06 11:27:30,PENDING
7599,2163.0,5813.68,INR,2026-02-12 11:18:29,PENDING
7600,104.0,3870.39,INR,invalid_date,PENDING
7601,1842.0,1658.99,INR,2026-02-08 01:10:50,FAILED
7602,1494.0,1330.7,INR,2026-04-05 00:26:10,SUCCESS
7603,1084.0,3709.57,INR,2026-01-20 20:36:41,SUCCESS
7604,4870.0,5044.71,INR,2026-03-09 13:19:08,PENDING
7605,1777.0,1225.45,INR,2026-01-25 10:10:42,PENDING
7606,2904.0,6150.88,INR,2026-04-18 15:47:25,SUCCESS
7607,4434.0,5896.7,INR,2026-06-15 11:37:10,FAILED
7608,2376.0,8481.54,INR,2026-02-17 01:25:56,PENDING
7609,1845.0,7449.15,INR,2026-05-19 17:07:17,FAILED
7610,3461.0,8211.85,INR,invalid_date,PENDING
7611,4636.0,7483.58,INR,2026-04-15 02:34:15,FAILED
7612,3233.0,3732.98,INR,2026-05-09 14:32:42,SUCCESS
7613,944.0,-9826.39,INR,2026-06-16 16:36:26,FAILED
7614,4578.0,605.43,INR,2026-05-15 13:09:48,FAILED
7615,3685.0,5503.44,INR,2026-02-04 15:11:57,FAILED
7616,1856.0,8678.2,INR,2026-04-20 20:22:26,SUCCESS
7617,4521.0,1224.0,INR,2026-02-26 08:16:27,FAILED
7618,1584.0,4263.19,INR,2026-06-07 00:29:39,FAILED
7619,693.0,3152.98,INR,2026-05-29 20:16:17,FAILED
7620,1397.0,6548.7,INR,2026-05-10 07:04:24,SUCCESS
7621,2074.0,6475.49,INR,2026-03-16 01:18:16,SUCCESS
7622,2431.0,628.73,INR,2026-05-01 04:41:51,SUCCESS
7623,727.0,1535.89,INR,2026-05-11 03:16:01,SUCCESS
7624,4705.0,-9770.79,INR,2026-01-02 04:47:46,FAILED
7625,2188.0,153.38,INR,2026-02-27 15:51:59,PENDING
7626,3410.0,1063.0,INR,2026-01-31 15:17:28,PENDING
7627,3291.0,7179.04,INR,2026-05-10 21:46:33,SUCCESS
7628,1285.0,4273.89,INR,2026-01-24 05:30:02,FAILED
7629,3048.0,8899.66,INR,2026-03-29 09:45:07,FAILED
7630,2426.0,937.21,INR,invalid_date,FAILED
7631,874.0,1241.24,INR,2026-03-01 18:44:02,FAILED
7632,248.0,4552.79,INR,2026-05-11 23:20:56,FAILED
7633,368.0,3812.07,INR,2026-04-30 14:14:03,PENDING
7634,981.0,811.8,INR,2026-06-05 01:00:19,SUCCESS
7635,2210.0,7791.45,INR,2026-02-10 07:52:56,FAILED
7636,1417.0,9200.6,INR,2026-01-03 00:45:18,SUCCESS
7637,3100.0,8390.85,INR,invalid_date,SUCCESS
7638,4955.0,5632.38,INR,2026-03-27 18:10:30,PENDING
7639,3081.0,7636.63,INR,2026-06-12 22:57:14,PENDING
7640,4943.0,-9764.8,INR,2026-03-24 19:40:12,FAILED
7641,2916.0,-9490.14,INR,2026-02-19 01:50:44,FAILED
7642,3800.0,6072.73,INR,2026-01-30 09:13:58,SUCCESS
7643,4539.0,7020.31,INR,2026-01-13 08:22:54,FAILED
7644,4586.0,8462.41,INR,2026-01-15 02:42:21,SUCCESS
7645,3987.0,1805.8,INR,2026-04-28 07:48:17,FAILED
7646,3043.0,9444.74,INR,2026-04-26 17:11:04,FAILED
7647,310.0,5259.26,INR,2026-06-01 04:46:40,SUCCESS
7648,3887.0,922.97,INR,2026-04-14 14:01:18,PENDING
7649,4563.0,349.31,INR,invalid_date,SUCCESS
7650,1534.0,9494.01,INR,2026-05-29 22:43:42,SUCCESS
7651,2019.0,6710.99,INR,invalid_date,FAILED
7652,1069.0,4478.96,INR,2026-02-06 11:15:01,PENDING
7653,1142.0,7310.04,INR,2026-03-18 13:05:31,SUCCESS
7654,3774.0,3734.24,INR,2026-05-29 00:27:31,SUCCESS
7655,35.0,5248.04,INR,2026-02-19 01:08:39,FAILED
7656,2684.0,8819.49,INR,2026-05-05 19:01:28,FAILED
7657,2022.0,2095.85,INR,2026-01-12 20:20:52,SUCCESS
7658,216.0,2527.98,INR,2026-05-30 05:04:16,FAILED
7659,1644.0,8791.82,INR,2026-06-04 01:16:13,FAILED
7660,298.0,1232.56,INR,2026-01-01 20:35:40,PENDING
7661,2402.0,1049.07,INR,2026-04-21 23:51:34,PENDING
7662,1037.0,2464.59,INR,2026-04-02 16:04:05,FAILED
7663,,145.41,INR,2026-01-13 14:19:14,PENDING
7664,2489.0,769.54,INR,2026-02-17 05:52:27,FAILED
7665,900.0,6542.01,INR,2026-01-05 05:59:43,FAILED
7666,,5876.71,INR,2026-03-17 15:23:46,PENDING
7667,231.0,886.84,INR,2026-03-09 11:42:32,FAILED
7668,3267.0,7733.49,INR,2026-01-09 13:21:56,PENDING
7669,670.0,277.74,INR,2026-03-17 20:45:05,FAILED
7670,831.0,270.26,INR,2026-03-05 07:23:46,SUCCESS
7671,892.0,5308.3,INR,2026-03-07 17:54:28,PENDING
7672,4267.0,2555.82,INR,2026-03-23 08:15:54,FAILED
7673,144.0,7861.16,INR,2026-04-24 00:00:15,SUCCESS
7674,997.0,7022.32,INR,2026-03-15 07:53:30,PENDING
7675,4784.0,6380.01,INR,2026-01-28 06:21:59,PENDING
7676,4548.0,2416.57,INR,2026-02-24 04:36:06,PENDING
7677,3314.0,1051.26,INR,2026-03-21 07:58:06,PENDING
7678,1480.0,2302.99,INR,2026-05-01 04:17:48,FAILED
7679,3590.0,8121.73,INR,2026-02-20 00:10:35,PENDING
7680,4215.0,6823.14,INR,2026-05-02 13:44:26,PENDING
7681,4895.0,8162.1,INR,2026-01-31 21:42:28,SUCCESS
7682,899.0,733.72,INR,2026-05-30 21:26:47,FAILED
7683,2524.0,-885.37,INR,2026-04-15 04:31:15,SUCCESS
7684,4726.0,2005.81,INR,2026-05-23 00:19:22,PENDING
7685,2032.0,1884.66,INR,2026-03-20 07:21:52,FAILED
7686,4904.0,5732.04,INR,2026-04-15 18:13:36,SUCCESS
7687,3546.0,7666.29,INR,2026-04-04 04:41:06,SUCCESS
7688,4435.0,2939.23,INR,2026-04-27 13:15:12,FAILED
7689,,2554.79,INR,2026-06-03 11:54:48,SUCCESS
7690,4271.0,6339.66,INR,2026-06-02 17:20:05,FAILED
7691,4705.0,3205.66,INR,2026-05-19 23:54:13,SUCCESS
7692,,9749.18,INR,2026-04-27 11:43:45,FAILED
7693,576.0,2154.66,INR,2026-05-03 16:46:38,FAILED
7694,126.0,5966.2,INR,2026-02-20 05:17:26,PENDING
7695,4390.0,2025.11,INR,2026-03-26 13:48:43,FAILED
7696,158.0,3568.55,INR,2026-02-17 16:52:52,SUCCESS
7697,33.0,1862.53,INR,2026-01-07 08:27:04,SUCCESS
7698,4628.0,2869.77,INR,2026-03-25 02:38:57,PENDING
7699,1270.0,7971.77,INR,2026-03-26 18:48:14,FAILED
7700,1077.0,-2143.21,INR,2026-03-06 21:13:45,FAILED
7701,4190.0,5834.51,INR,2026-01-09 04:41:29,PENDING
7702,1295.0,997.35,INR,2026-01-28 00:15:26,SUCCESS
7703,2827.0,7428.73,INR,2026-01-07 06:04:46,SUCCESS
7704,4487.0,4584.55,INR,2026-01-12 17:12:54,FAILED
7705,1392.0,9380.96,INR,2026-01-04 00:56:53,PENDING
7706,1515.0,2476.23,INR,2026-04-21 12:47:28,PENDING
7707,4904.0,456.19,INR,2026-01-26 04:34:14,FAILED
7708,3324.0,8423.11,INR,2026-04-06 15:59:55,FAILED
7709,2580.0,533.42,INR,2026-04-13 11:40:00,PENDING
7710,1808.0,3436.67,INR,2026-02-13 01:26:11,SUCCESS
7711,1704.0,1782.21,INR,2026-03-16 13:13:41,PENDING
7712,951.0,3653.43,INR,2026-03-16 11:50:16,FAILED
7713,3648.0,436.98,INR,2026-01-23 20:45:25,SUCCESS
7714,4077.0,5540.04,INR,2026-03-11 21:22:19,SUCCESS
7715,3008.0,2349.59,INR,2026-03-10 15:50:53,SUCCESS
7716,4489.0,6532.41,INR,2026-02-16 17:06:35,PENDING
7717,170.0,1739.8,INR,2026-01-19 04:55:47,FAILED
7718,883.0,5536.08,INR,2026-03-28 16:12:35,FAILED
7719,,1654.36,INR,2026-01-22 07:46:50,PENDING
7720,1617.0,8706.15,INR,2026-06-11 05:29:35,SUCCESS
7721,2893.0,3570.25,INR,2026-03-17 12:55:13,FAILED
7722,2138.0,6896.49,INR,2026-01-05 03:17:24,PENDING
7723,2717.0,7238.55,INR,2026-02-16 19:03:52,FAILED
7724,4392.0,7064.36,INR,2026-04-28 05:30:26,PENDING
7725,602.0,8786.41,INR,2026-03-18 18:32:24,SUCCESS
7726,1394.0,655.81,INR,2026-05-15 11:33:23,PENDING
7727,1828.0,-5976.87,INR,2026-04-14 07:43:31,SUCCESS
7728,2735.0,3928.83,INR,2026-01-16 16:15:55,PENDING
7729,2122.0,7656.3,INR,2026-02-17 14:54:02,FAILED
7730,3916.0,2739.33,INR,2026-01-15 07:22:50,SUCCESS
7731,1600.0,3614.62,INR,2026-02-16 13:40:16,FAILED
7732,4121.0,9774.68,INR,2026-05-03 15:51:32,PENDING
7733,1201.0,7678.4,INR,2026-03-12 13:00:01,SUCCESS
7734,1492.0,3206.65,INR,2026-03-05 22:30:26,SUCCESS
7735,3220.0,9168.97,INR,2026-04-14 15:43:30,PENDING
7736,2707.0,5567.37,INR,2026-03-29 00:05:31,SUCCESS
7737,4459.0,8631.06,INR,2026-05-21 17:08:14,FAILED
7738,3003.0,2408.36,INR,2026-04-13 22:13:13,SUCCESS
7739,4442.0,6631.46,INR,2026-03-21 07:40:19,SUCCESS
7740,2865.0,6063.88,INR,2026-03-04 20:31:54,SUCCESS
7741,2221.0,-319.83,INR,2026-03-19 12:45:53,PENDING
7742,1455.0,7094.05,INR,2026-04-19 22:36:23,PENDING
7743,4222.0,5573.09,INR,2026-05-21 12:29:34,PENDING
7744,4908.0,5062.51,INR,2026-03-16 04:24:20,PENDING
7745,1655.0,7627.2,INR,2026-03-01 15:03:28,PENDING
7746,3317.0,2539.95,INR,2026-02-28 14:42:08,PENDING
7747,32.0,9750.06,INR,2026-02-03 19:00:52,PENDING
7748,836.0,7928.46,INR,2026-05-06 22:07:12,SUCCESS
7749,2589.0,4426.67,INR,2026-02-09 02:15:48,PENDING
7750,2661.0,1055.52,INR,2026-02-09 11:02:37,PENDING
7751,,8534.05,INR,2026-04-11 12:38:06,SUCCESS
7752,,7859.79,INR,2026-04-21 02:03:37,SUCCESS
7753,1601.0,2059.85,INR,2026-03-20 04:23:29,PENDING
7754,234.0,708.57,INR,2026-01-02 06:03:10,FAILED
7755,3854.0,1433.31,INR,2026-01-17 03:09:38,SUCCESS
7756,3838.0,1675.42,INR,2026-06-14 19:10:26,SUCCESS
7757,3617.0,6485.93,INR,2026-06-11 05:31:40,SUCCESS
7758,1437.0,2122.71,INR,2026-02-07 02:14:59,FAILED
7759,113.0,4823.88,INR,2026-04-16 06:03:41,PENDING
7760,3073.0,6807.64,INR,2026-01-22 22:12:29,SUCCESS
7761,618.0,5521.42,INR,2026-02-25 18:41:43,SUCCESS
7762,3324.0,8369.57,INR,2026-04-14 02:05:02,SUCCESS
7763,4946.0,6950.31,INR,2026-01-11 21:12:18,PENDING
7764,433.0,4894.09,INR,2026-03-14 21:42:52,SUCCESS
7765,3248.0,5209.72,INR,2026-03-31 22:28:00,FAILED
7766,852.0,4070.07,INR,2026-03-09 03:19:18,FAILED
7767,2507.0,7904.52,INR,2026-04-25 19:15:01,PENDING
7768,1703.0,4974.91,INR,2026-04-20 15:25:08,PENDING
7769,4656.0,5524.87,INR,2026-01-20 15:55:22,PENDING
7770,3658.0,9539.59,INR,2026-01-12 12:49:36,SUCCESS
7771,679.0,1026.99,INR,2026-02-14 08:30:06,PENDING
7772,3619.0,9024.84,INR,2026-01-26 00:52:13,FAILED
7773,2660.0,1397.3,INR,2026-02-27 18:06:15,PENDING
7774,3646.0,441.0,INR,2026-03-10 10:11:40,SUCCESS
7775,3294.0,7740.94,INR,2026-04-05 00:02:18,PENDING
7776,4126.0,289.52,INR,2026-06-09 09:07:18,FAILED
7777,1573.0,2059.41,INR,2026-02-28 10:06:59,SUCCESS
7778,2999.0,7001.21,INR,2026-04-23 16:02:07,FAILED
7779,,9582.35,INR,2026-06-02 16:47:11,PENDING
7780,3140.0,5985.73,INR,2026-01-01 13:48:04,SUCCESS
7781,3688.0,3368.45,INR,2026-02-27 00:52:26,SUCCESS
7782,2097.0,8016.2,INR,2026-05-28 14:31:13,PENDING
7783,3524.0,9148.95,INR,2026-06-01 01:34:01,SUCCESS
7784,1279.0,4541.51,INR,2026-01-03 13:47:37,SUCCESS
7785,2434.0,2161.29,INR,invalid_date,FAILED
7786,904.0,791.1,INR,2026-05-15 01:08:34,FAILED
7787,1961.0,9505.88,INR,2026-05-13 16:06:45,PENDING
7788,3657.0,2102.75,INR,2026-01-23 20:38:40,PENDING
7789,435.0,2482.76,INR,2026-01-21 16:09:04,SUCCESS
7790,,3793.64,INR,2026-06-11 11:57:30,SUCCESS
7791,871.0,1366.44,INR,2026-03-25 19:10:09,SUCCESS
7792,549.0,5874.74,INR,2026-06-14 09:24:43,FAILED
7793,1248.0,1898.69,INR,2026-06-09 05:58:04,FAILED
7794,117.0,8895.75,INR,2026-02-08 12:45:43,SUCCESS
7795,2958.0,6937.52,INR,2026-01-25 04:33:46,FAILED
7796,507.0,3059.88,INR,2026-05-16 19:07:41,SUCCESS
7797,2447.0,4647.69,INR,2026-01-14 10:58:04,SUCCESS
7798,1194.0,9742.6,INR,2026-03-06 22:21:27,SUCCESS
7799,1509.0,6810.17,INR,2026-04-28 19:15:14,PENDING
7800,2749.0,2560.53,INR,2026-04-12 12:42:35,FAILED
7801,2427.0,8785.32,INR,2026-06-18 17:40:36,SUCCESS
7802,2477.0,3991.04,INR,2026-03-09 13:59:36,FAILED
7803,150.0,3975.25,INR,2026-04-14 04:16:38,FAILED
7804,3942.0,4140.41,INR,2026-03-05 20:46:55,FAILED
7805,3246.0,6431.72,INR,2026-06-02 17:11:21,PENDING
7806,312.0,241.81,INR,2026-03-13 16:02:30,SUCCESS
7807,194.0,7547.31,INR,2026-05-29 11:43:39,FAILED
7808,4228.0,7239.57,INR,2026-06-09 03:52:10,PENDING
7809,4611.0,8829.99,INR,2026-06-04 21:54:11,PENDING
7810,1516.0,6485.15,INR,2026-06-12 23:09:27,PENDING
7811,4819.0,3774.34,INR,2026-05-18 01:15:37,SUCCESS
7812,4145.0,1744.93,INR,2026-06-16 06:27:12,SUCCESS
7813,2551.0,6921.3,INR,2026-02-15 17:57:20,PENDING
7814,4398.0,6427.8,INR,invalid_date,FAILED
7815,1484.0,8435.01,INR,2026-04-23 23:25:28,PENDING
7816,3203.0,8311.71,INR,2026-05-04 17:35:34,FAILED
7817,4696.0,7213.63,INR,2026-04-20 16:22:46,SUCCESS
7818,4600.0,146.24,INR,2026-04-12 06:57:40,SUCCESS
7819,3448.0,1187.65,INR,2026-02-14 13:36:18,FAILED
7820,4380.0,4128.45,INR,2026-06-09 13:17:04,PENDING
7821,4901.0,7216.54,INR,2026-05-30 03:23:55,PENDING
7822,1827.0,3462.34,INR,2026-02-01 00:06:12,FAILED
7823,2283.0,5927.24,INR,2026-03-06 17:36:32,PENDING
7824,1359.0,8892.14,INR,2026-06-14 20:55:00,FAILED
7825,3914.0,561.46,INR,2026-03-06 07:22:23,FAILED
7826,58.0,9665.06,INR,2026-02-09 22:03:13,SUCCESS
7827,2991.0,2382.62,INR,2026-06-17 16:36:56,FAILED
7828,2231.0,8490.19,INR,2026-05-14 16:15:19,SUCCESS
7829,4176.0,5759.73,INR,2026-04-08 04:08:36,FAILED
7830,1458.0,9675.04,INR,2026-03-30 18:27:11,FAILED
7831,2872.0,1919.29,INR,2026-03-05 09:27:17,SUCCESS
7832,4755.0,1984.96,INR,2026-05-11 08:53:26,PENDING
7833,1370.0,7921.52,INR,2026-01-30 18:31:42,FAILED
7834,261.0,124.56,INR,2026-03-15 04:16:28,FAILED
7835,,-4766.01,INR,2026-02-23 21:18:58,SUCCESS
7836,,8411.41,INR,2026-03-13 14:43:04,FAILED
7837,888.0,8347.78,INR,2026-05-07 16:29:16,PENDING
7838,3531.0,6681.1,INR,2026-03-11 12:54:51,SUCCESS
7839,2726.0,322.51,INR,2026-01-12 16:22:49,PENDING
7840,1313.0,6027.03,INR,2026-05-28 04:25:11,PENDING
7841,2884.0,2683.49,INR,2026-01-30 07:57:17,SUCCESS
7842,3100.0,3434.2,INR,2026-05-26 22:27:47,PENDING
7843,110.0,1958.1,INR,2026-02-04 01:22:15,PENDING
7844,2968.0,142.57,INR,2026-03-08 16:54:59,FAILED
7845,1687.0,4497.1,INR,2026-04-30 10:55:44,PENDING
7846,4994.0,9457.75,INR,2026-01-20 19:17:11,PENDING
7847,2876.0,804.13,INR,2026-04-20 21:03:01,PENDING
7848,3475.0,1181.47,INR,2026-03-12 02:04:56,PENDING
7849,742.0,46.6,INR,2026-05-16 00:20:49,SUCCESS
7850,3746.0,7002.41,INR,2026-03-12 10:38:15,SUCCESS
7851,766.0,7225.17,INR,2026-04-03 09:29:36,FAILED
7852,204.0,3013.76,INR,2026-01-29 15:11:47,FAILED
7853,3168.0,7534.44,INR,2026-02-27 04:09:14,SUCCESS
7854,1206.0,5377.69,INR,2026-06-07 18:04:23,SUCCESS
7855,1689.0,5344.38,INR,2026-05-16 03:01:29,PENDING
7856,4422.0,9980.13,INR,2026-03-04 12:19:46,FAILED
7857,192.0,2913.57,INR,2026-03-20 16:26:49,FAILED
7858,2208.0,8650.62,INR,2026-05-11 11:37:41,PENDING
7859,53.0,5276.78,INR,invalid_date,SUCCESS
7860,2619.0,3858.0,INR,2026-01-18 20:53:47,FAILED
7861,216.0,8010.91,INR,2026-03-14 03:18:01,PENDING
7862,3012.0,2614.21,INR,2026-02-24 14:24:29,FAILED
7863,2652.0,1856.03,INR,2026-02-03 07:26:41,PENDING
7864,1633.0,5654.22,INR,2026-03-06 18:20:20,PENDING
7865,4350.0,6153.68,INR,2026-02-22 02:29:31,SUCCESS
7866,3408.0,7196.01,INR,2026-01-01 09:54:35,SUCCESS
7867,1381.0,2195.39,INR,2026-04-23 19:50:19,PENDING
7868,3159.0,449.92,INR,2026-04-27 15:09:27,PENDING
7869,4605.0,9418.83,INR,2026-03-29 10:13:26,SUCCESS
7870,2405.0,1903.52,INR,2026-04-08 11:43:18,SUCCESS
7871,,233.55,INR,2026-04-04 10:29:44,SUCCESS
7872,3890.0,2279.48,INR,2026-03-04 22:51:37,FAILED
7873,1541.0,4812.97,INR,2026-05-11 17:51:48,PENDING
7874,3595.0,7259.93,INR,2026-01-08 20:26:20,SUCCESS
7875,1911.0,2588.43,INR,2026-03-14 12:05:15,PENDING
7876,3873.0,5370.52,INR,2026-01-15 23:53:21,PENDING
7877,1281.0,8543.26,INR,2026-06-10 07:17:53,SUCCESS
7878,1254.0,6650.96,INR,2026-06-10 15:30:18,PENDING
7879,408.0,9746.89,INR,2026-01-21 21:40:30,PENDING
7880,704.0,5175.13,INR,2026-05-27 01:22:20,FAILED
7881,3983.0,1107.42,INR,2026-04-08 23:03:40,PENDING
7882,4922.0,4905.87,INR,2026-04-27 10:59:39,FAILED
7883,4779.0,1409.88,INR,2026-03-25 09:36:42,PENDING
7884,4857.0,5104.44,INR,2026-01-17 19:25:58,FAILED
7885,1763.0,4333.48,INR,2026-04-09 06:43:40,PENDING
7886,,2859.95,INR,2026-05-23 10:28:22,PENDING
7887,4954.0,8358.93,INR,2026-01-19 23:29:05,PENDING
7888,468.0,1678.47,INR,2026-01-18 08:47:21,PENDING
7889,2690.0,6317.71,INR,2026-05-28 09:03:00,FAILED
7890,1378.0,2559.27,INR,2026-03-06 16:52:31,FAILED
7891,2414.0,1673.71,INR,2026-02-07 06:22:08,FAILED
7892,1104.0,2194.46,INR,2026-05-24 16:38:06,SUCCESS
7893,1287.0,9620.35,INR,2026-04-13 19:00:53,SUCCESS
7894,,3218.42,INR,2026-03-02 23:04:59,FAILED
7895,4810.0,4318.59,INR,2026-05-03 09:10:17,PENDING
7896,2431.0,88.13,INR,2026-03-29 04:42:58,FAILED
7897,4840.0,3183.84,INR,2026-01-29 18:10:43,PENDING
7898,3007.0,9276.97,INR,invalid_date,PENDING
7899,2232.0,4085.49,INR,2026-04-26 20:11:53,PENDING
7900,4231.0,3271.15,INR,2026-01-10 01:58:11,FAILED
7901,3928.0,8898.04,INR,2026-01-14 08:06:30,FAILED
7902,1166.0,7915.59,INR,2026-04-22 06:44:56,SUCCESS
7903,4686.0,4404.03,INR,2026-05-25 23:02:33,FAILED
7904,4658.0,5024.57,INR,2026-04-05 22:50:06,PENDING
7905,2634.0,5055.47,INR,2026-05-05 16:19:58,PENDING
7906,2807.0,8342.59,INR,2026-02-14 07:20:08,SUCCESS
7907,3245.0,9789.85,INR,2026-04-30 23:56:40,FAILED
7908,1621.0,-4127.01,INR,2026-02-18 00:37:22,FAILED
7909,1236.0,-9507.23,INR,2026-06-13 16:37:17,SUCCESS
7910,3318.0,2656.25,INR,2026-05-04 05:32:57,PENDING
7911,1276.0,5568.13,INR,2026-04-20 14:35:49,SUCCESS
7912,986.0,-8203.69,INR,2026-02-24 02:30:43,FAILED
7913,4558.0,9643.63,INR,2026-03-30 15:56:31,PENDING
7914,4231.0,917.38,INR,2026-04-09 00:38:38,PENDING
7915,99.0,520.57,INR,2026-01-09 17:01:08,PENDING
7916,3713.0,1116.16,INR,2026-01-30 10:33:28,SUCCESS
7917,546.0,-384.88,INR,2026-01-19 16:41:19,PENDING
7918,4591.0,1335.37,INR,2026-01-02 10:33:55,FAILED
7919,1686.0,2286.75,INR,2026-06-14 14:38:08,PENDING
7920,1502.0,6701.14,INR,2026-01-25 05:59:54,PENDING
7921,4478.0,9411.17,INR,2026-06-08 15:44:19,PENDING
7922,181.0,4404.54,INR,2026-02-21 02:19:28,SUCCESS
7923,691.0,870.06,INR,2026-06-17 04:21:13,SUCCESS
7924,4544.0,6811.66,INR,2026-05-19 01:32:55,PENDING
7925,4089.0,8242.3,INR,2026-06-06 11:01:57,SUCCESS
7926,3294.0,5779.95,INR,2026-02-28 13:29:39,SUCCESS
7927,1914.0,1375.05,INR,2026-05-04 02:37:37,PENDING
7928,4319.0,5862.49,INR,2026-03-17 14:57:44,PENDING
7929,201.0,9908.74,INR,2026-05-16 13:17:35,PENDING
7930,3518.0,656.07,INR,2026-01-29 01:19:55,SUCCESS
7931,4514.0,1734.87,INR,2026-01-29 04:16:39,PENDING
7932,1811.0,8719.22,INR,2026-02-22 16:07:22,SUCCESS
7933,1148.0,3580.81,INR,2026-03-02 04:01:54,PENDING
7934,744.0,1981.87,INR,2026-01-10 00:29:06,PENDING
7935,65.0,16.58,INR,2026-01-19 12:26:24,FAILED
7936,1368.0,6753.39,INR,2026-04-16 18:21:21,PENDING
7937,4617.0,418.69,INR,2026-01-19 19:40:53,FAILED
7938,4351.0,2877.48,INR,2026-01-23 02:12:03,PENDING
7939,4577.0,8136.46,INR,2026-06-10 07:44:26,SUCCESS
7940,1325.0,8958.22,INR,2026-05-22 19:08:14,FAILED
7941,4382.0,7590.22,INR,invalid_date,FAILED
7942,3108.0,900.7,INR,2026-04-26 16:46:11,PENDING
7943,2476.0,5250.39,INR,2026-02-23 02:08:35,PENDING
7944,4207.0,2576.02,INR,2026-03-14 09:58:40,SUCCESS
7945,4176.0,2203.31,INR,2026-05-17 12:33:46,FAILED
7946,946.0,7274.86,INR,2026-03-13 19:30:35,PENDING
7947,2890.0,6618.62,INR,2026-01-16 14:24:18,PENDING
7948,4287.0,1836.1,INR,2026-04-18 00:11:28,FAILED
7949,4925.0,49.13,INR,2026-02-08 14:13:58,SUCCESS
7950,4412.0,1926.48,INR,2026-04-04 11:22:09,PENDING
7951,4148.0,-7273.03,INR,2026-05-13 06:57:04,FAILED
7952,3298.0,811.37,INR,2026-04-11 21:06:24,SUCCESS
7953,2337.0,848.58,INR,2026-05-02 06:57:21,PENDING
7954,2718.0,7526.37,INR,2026-05-23 04:41:14,PENDING
7955,3210.0,8924.4,INR,2026-03-02 14:43:09,PENDING
7956,,5745.11,INR,2026-03-29 12:09:44,PENDING
7957,1483.0,-2195.99,INR,2026-01-16 16:35:35,PENDING
7958,3138.0,7314.15,INR,2026-01-18 02:22:20,PENDING
7959,2568.0,8923.17,INR,2026-03-15 08:09:55,PENDING
7960,4796.0,926.37,INR,2026-01-05 10:59:10,SUCCESS
7961,264.0,2308.12,INR,2026-02-01 13:12:22,PENDING
7962,282.0,-6849.19,INR,2026-03-20 13:05:36,PENDING
7963,,662.47,INR,2026-03-31 08:21:27,PENDING
7964,2491.0,6772.91,INR,2026-06-17 22:26:55,SUCCESS
7965,3325.0,9327.65,INR,2026-06-03 09:25:15,FAILED
7966,2282.0,5676.02,INR,2026-04-18 21:46:38,SUCCESS
7967,1621.0,1607.45,INR,2026-05-19 12:41:19,SUCCESS
7968,689.0,5758.2,INR,2026-02-14 16:30:04,FAILED
7969,2867.0,6654.85,INR,2026-03-17 13:30:24,PENDING
7970,4025.0,3570.99,INR,2026-03-19 04:37:13,PENDING
7971,4267.0,8116.96,INR,2026-05-30 21:09:46,FAILED
7972,108.0,1962.74,INR,2026-06-06 02:28:25,PENDING
7973,2426.0,4486.7,INR,2026-02-04 04:58:02,FAILED
7974,1545.0,8106.13,INR,2026-04-20 12:26:13,FAILED
7975,625.0,547.84,INR,2026-03-17 15:24:21,PENDING
7976,2319.0,277.72,INR,2026-02-21 02:23:06,SUCCESS
7977,1211.0,2341.82,INR,2026-01-21 13:32:55,PENDING
7978,2762.0,3970.52,INR,2026-04-11 17:04:43,SUCCESS
7979,4754.0,7303.42,INR,2026-03-29 14:35:33,FAILED
7980,1867.0,321.37,INR,2026-05-20 06:46:27,SUCCESS
7981,1894.0,9284.42,INR,2026-04-20 19:27:39,FAILED
7982,4445.0,-7092.96,INR,2026-05-31 18:42:57,PENDING
7983,1131.0,6703.68,INR,2026-04-29 15:08:10,SUCCESS
7984,3845.0,839.22,INR,2026-03-06 04:22:21,PENDING
7985,3250.0,6001.43,INR,2026-05-28 17:19:21,PENDING
7986,4317.0,9421.07,INR,2026-05-04 12:13:43,FAILED
7987,3685.0,8104.1,INR,2026-05-24 21:58:40,SUCCESS
7988,1916.0,7500.73,INR,2026-04-25 21:03:30,SUCCESS
7989,1628.0,955.43,INR,2026-02-06 03:56:07,SUCCESS
7990,1471.0,9267.03,INR,invalid_date,SUCCESS
7991,1358.0,6000.99,INR,2026-02-07 00:15:14,SUCCESS
7992,3893.0,6986.16,INR,2026-04-23 06:10:15,PENDING
7993,624.0,9530.61,INR,2026-05-08 10:27:04,SUCCESS
7994,2174.0,2514.78,INR,2026-03-15 21:57:47,SUCCESS
7995,303.0,8680.39,INR,2026-03-15 02:35:44,SUCCESS
7996,1104.0,8962.66,INR,2026-05-06 02:02:25,PENDING
7997,3966.0,8308.85,INR,2026-03-14 11:05:52,FAILED
7998,3454.0,4467.29,INR,2026-04-10 19:49:07,PENDING
7999,2676.0,7723.38,INR,2026-03-16 07:44:53,FAILED
8000,3376.0,717.77,INR,2026-04-05 05:01:22,FAILED
8001,3750.0,76.12,INR,2026-02-19 14:17:55,PENDING
8002,661.0,3582.27,INR,2026-04-29 06:58:08,FAILED
8003,3716.0,5416.57,INR,2026-05-03 22:01:56,FAILED
8004,2465.0,2167.68,INR,2026-02-08 22:32:55,SUCCESS
8005,3170.0,1842.1,INR,2026-04-02 03:17:53,PENDING
8006,71.0,4377.66,INR,2026-04-17 13:26:48,FAILED
8007,2209.0,6042.73,INR,2026-06-19 08:04:01,PENDING
8008,2455.0,4842.77,INR,2026-03-23 11:27:24,FAILED
8009,62.0,8862.12,INR,2026-01-17 23:31:19,SUCCESS
8010,3308.0,8313.24,INR,2026-02-07 08:09:23,PENDING
8011,3433.0,2519.75,INR,2026-01-15 17:51:11,FAILED
8012,3913.0,7478.09,INR,2026-04-03 17:15:55,PENDING
8013,963.0,8431.18,INR,2026-02-24 18:38:53,PENDING
8014,469.0,3175.84,INR,2026-01-23 17:43:24,SUCCESS
8015,2168.0,3605.91,INR,2026-03-14 09:59:53,PENDING
8016,3981.0,8037.86,INR,2026-05-10 17:46:24,SUCCESS
8017,3347.0,8204.96,INR,2026-06-03 06:26:55,SUCCESS
8018,4297.0,3028.53,INR,2026-05-01 00:33:12,FAILED
8019,408.0,4027.65,INR,2026-05-16 03:19:31,SUCCESS
8020,4987.0,5929.24,INR,2026-05-18 08:30:37,PENDING
8021,3143.0,6929.61,INR,2026-03-27 16:59:36,SUCCESS
8022,1590.0,4119.72,INR,2026-03-23 15:17:10,SUCCESS
8023,4.0,8872.19,INR,2026-01-26 16:40:18,FAILED
8024,4092.0,392.53,INR,2026-01-02 13:42:34,SUCCESS
8025,4530.0,4787.22,INR,2026-04-05 11:24:47,FAILED
8026,31.0,3515.83,INR,2026-03-13 22:50:42,PENDING
8027,2621.0,8341.41,INR,2026-01-13 17:55:07,PENDING
8028,515.0,3858.47,INR,2026-01-22 03:25:46,SUCCESS
8029,1399.0,6871.5,INR,2026-05-06 15:03:21,FAILED
8030,932.0,8605.86,INR,2026-02-22 09:21:43,FAILED
8031,3326.0,8411.19,INR,2026-01-26 07:40:34,SUCCESS
8032,3531.0,2639.55,INR,2026-03-01 16:33:27,SUCCESS
8033,4784.0,8182.43,INR,2026-01-18 10:09:42,PENDING
8034,449.0,3507.76,INR,2026-02-18 03:15:05,SUCCESS
8035,2016.0,9161.82,INR,2026-05-02 08:41:42,PENDING
8036,3158.0,7024.11,INR,2026-03-11 01:19:33,FAILED
8037,3596.0,5992.54,INR,2026-01-30 01:43:11,SUCCESS
8038,3044.0,1077.17,INR,2026-03-17 17:22:39,SUCCESS
8039,4661.0,5822.98,INR,2026-02-28 18:56:02,PENDING
8040,4933.0,-6975.19,INR,2026-03-02 17:03:45,PENDING
8041,3131.0,3191.47,INR,2026-05-09 11:16:09,SUCCESS
8042,302.0,2661.25,INR,2026-01-06 14:59:36,FAILED
8043,4283.0,1517.25,INR,2026-03-25 14:26:12,SUCCESS
8044,3332.0,5892.93,INR,2026-02-18 17:23:03,SUCCESS
8045,1753.0,9665.02,INR,2026-05-03 20:32:07,SUCCESS
8046,3522.0,4108.46,INR,2026-06-03 20:34:02,SUCCESS
8047,3319.0,9736.85,INR,2026-05-24 02:13:30,PENDING
8048,3137.0,-6842.86,INR,2026-01-21 10:21:35,SUCCESS
8049,1109.0,3148.16,INR,2026-05-15 01:36:22,FAILED
8050,1011.0,5630.98,INR,2026-03-27 08:27:07,PENDING
8051,4920.0,3474.86,INR,2026-02-05 16:51:24,SUCCESS
8052,995.0,7731.92,INR,2026-01-10 11:48:40,PENDING
8053,4436.0,1058.45,INR,2026-01-22 01:48:29,PENDING
8054,4020.0,4994.22,INR,2026-01-05 09:27:28,SUCCESS
8055,586.0,569.8,INR,2026-02-25 13:05:21,SUCCESS
8056,1424.0,2721.85,INR,2026-05-15 01:36:56,FAILED
8057,3577.0,6696.64,INR,2026-04-14 21:08:52,PENDING
8058,236.0,2819.29,INR,2026-05-31 13:42:09,SUCCESS
8059,694.0,8453.6,INR,2026-04-19 08:11:58,FAILED
8060,1440.0,5393.47,INR,2026-06-05 17:40:44,FAILED
8061,576.0,4535.82,INR,2026-01-15 11:01:22,PENDING
8062,22.0,433.73,INR,2026-03-19 02:31:39,FAILED
8063,907.0,7027.94,INR,2026-04-30 13:53:39,SUCCESS
8064,3266.0,9212.12,INR,2026-02-12 14:55:34,PENDING
8065,2785.0,2098.24,INR,2026-03-01 21:26:27,SUCCESS
8066,4009.0,4330.1,INR,2026-02-27 11:33:17,PENDING
8067,,9035.05,INR,2026-03-04 08:58:39,SUCCESS
8068,1414.0,7378.94,INR,2026-05-31 06:42:49,SUCCESS
8069,2671.0,388.57,INR,2026-03-19 20:06:06,FAILED
8070,2208.0,9929.02,INR,2026-02-11 01:11:05,FAILED
8071,1829.0,3248.12,INR,2026-01-20 08:18:19,SUCCESS
8072,2130.0,7555.43,INR,2026-02-09 19:42:15,SUCCESS
8073,4400.0,4652.82,INR,2026-01-15 13:17:55,SUCCESS
8074,1851.0,8501.78,INR,2026-02-28 08:59:43,PENDING
8075,1457.0,6459.37,INR,2026-03-05 06:45:54,PENDING
8076,2837.0,-5430.44,INR,2026-01-05 01:53:58,PENDING
8077,1866.0,6956.7,INR,2026-03-13 04:31:36,FAILED
8078,2325.0,6864.13,INR,2026-01-08 18:29:50,FAILED
8079,1913.0,4260.92,INR,2026-03-20 16:59:47,SUCCESS
8080,1174.0,7938.1,INR,2026-03-26 21:43:26,SUCCESS
8081,637.0,4941.92,INR,2026-01-17 05:14:35,SUCCESS
8082,388.0,5759.65,INR,2026-05-30 12:23:41,FAILED
8083,832.0,9936.58,INR,2026-03-27 21:33:36,FAILED
8084,2134.0,4292.3,INR,2026-05-02 20:02:34,SUCCESS
8085,2668.0,7591.95,INR,2026-01-25 15:51:13,PENDING
8086,2059.0,1646.35,INR,2026-02-19 03:18:30,PENDING
8087,3463.0,9683.15,INR,2026-05-28 20:50:27,PENDING
8088,2818.0,9814.64,INR,2026-01-20 02:33:14,FAILED
8089,,6385.16,INR,2026-02-04 18:17:12,PENDING
8090,39.0,3819.99,INR,2026-02-11 14:06:52,PENDING
8091,1954.0,1975.22,INR,2026-04-20 06:13:24,PENDING
8092,3924.0,1977.0,INR,2026-01-11 04:45:56,PENDING
8093,690.0,6461.18,INR,2026-01-04 23:43:13,PENDING
8094,521.0,5981.23,INR,2026-06-13 17:08:49,FAILED
8095,4836.0,160.51,INR,2026-05-08 23:59:32,PENDING
8096,616.0,5778.85,INR,2026-06-18 11:53:59,SUCCESS
8097,4364.0,6815.62,INR,2026-04-11 11:09:16,PENDING
8098,4298.0,8136.69,INR,2026-05-16 18:46:34,PENDING
8099,3703.0,4692.2,INR,2026-01-30 07:14:50,SUCCESS
8100,2967.0,2744.13,INR,2026-03-13 00:27:16,FAILED
8101,1205.0,7908.96,INR,2026-06-06 10:09:40,SUCCESS
8102,2180.0,9705.49,INR,2026-06-09 19:48:18,FAILED
8103,3504.0,5876.03,INR,2026-05-30 11:46:47,PENDING
8104,4382.0,940.16,INR,2026-06-18 23:25:25,PENDING
8105,3254.0,1666.99,INR,2026-01-11 15:52:52,FAILED
8106,904.0,2949.21,INR,2026-03-07 06:02:07,SUCCESS
8107,2779.0,4897.43,INR,2026-04-16 15:14:53,PENDING
8108,328.0,8975.99,INR,2026-02-09 05:43:10,SUCCESS
8109,3264.0,8391.17,INR,2026-04-25 10:11:38,SUCCESS
8110,3340.0,9863.45,INR,2026-05-08 04:45:32,SUCCESS
8111,2335.0,2038.93,INR,2026-03-31 15:25:52,PENDING
8112,3992.0,3059.76,INR,2026-03-04 13:23:45,FAILED
8113,3618.0,6355.33,INR,2026-05-09 12:41:41,SUCCESS
8114,4529.0,1141.89,INR,2026-06-16 14:14:16,SUCCESS
8115,4848.0,6860.99,INR,2026-05-29 19:02:23,PENDING
8116,2854.0,6046.15,INR,2026-05-20 10:05:36,PENDING
8117,32.0,8955.87,INR,2026-05-31 11:27:25,FAILED
8118,1432.0,-2017.49,INR,2026-02-09 05:08:51,SUCCESS
8119,4602.0,9302.6,INR,2026-01-17 11:29:30,PENDING
8120,4421.0,7789.55,INR,2026-03-13 01:49:08,PENDING
8121,2475.0,6755.09,INR,2026-04-27 18:17:29,FAILED
8122,2557.0,7426.57,INR,2026-04-25 17:26:30,PENDING
8123,602.0,5363.72,INR,2026-02-28 18:55:10,SUCCESS
8124,3382.0,1397.07,INR,2026-03-15 18:08:26,FAILED
8125,1113.0,1437.66,INR,2026-05-08 18:26:26,FAILED
8126,3059.0,3031.15,INR,2026-05-25 22:04:49,PENDING
8127,2006.0,1236.77,INR,2026-01-10 13:05:27,SUCCESS
8128,3110.0,1361.99,INR,2026-03-05 20:11:55,SUCCESS
8129,751.0,8215.28,INR,2026-06-12 14:04:30,FAILED
8130,2863.0,1570.7,INR,2026-06-04 02:15:39,PENDING
8131,1676.0,9792.29,INR,2026-03-11 16:19:44,FAILED
8132,2280.0,7434.17,INR,2026-03-10 22:41:30,FAILED
8133,2047.0,1042.26,INR,2026-02-10 17:52:04,SUCCESS
8134,2009.0,-8406.52,INR,2026-04-04 21:22:31,PENDING
8135,1818.0,1318.73,INR,2026-05-12 01:16:45,SUCCESS
8136,3980.0,5833.25,INR,2026-01-22 14:34:46,PENDING
8137,2798.0,5686.37,INR,2026-02-03 23:12:02,FAILED
8138,2477.0,4769.87,INR,2026-04-14 11:48:28,FAILED
8139,4019.0,5182.51,INR,2026-04-24 18:35:03,SUCCESS
8140,3483.0,1434.86,INR,2026-04-21 16:42:58,FAILED
8141,3789.0,3708.77,INR,2026-04-21 04:01:31,FAILED
8142,1229.0,5971.43,INR,2026-05-20 04:10:08,PENDING
8143,4277.0,2430.52,INR,2026-01-18 17:28:03,PENDING
8144,1049.0,9477.0,INR,2026-05-28 04:38:24,PENDING
8145,579.0,3595.86,INR,2026-04-03 05:05:50,FAILED
8146,2307.0,2663.12,INR,2026-01-28 23:06:08,PENDING
8147,953.0,1388.0,INR,2026-04-19 12:57:20,FAILED
8148,663.0,3694.99,INR,2026-01-09 03:15:38,PENDING
8149,3781.0,9346.0,INR,2026-02-06 02:22:07,SUCCESS
8150,3319.0,7457.86,INR,2026-03-23 20:40:27,SUCCESS
8151,4144.0,9332.19,INR,2026-02-23 01:25:56,PENDING
8152,3147.0,4338.39,INR,2026-02-24 12:04:05,PENDING
8153,4609.0,1888.31,INR,2026-01-07 07:27:26,FAILED
8154,275.0,6868.83,INR,2026-01-02 01:22:19,PENDING
8155,2851.0,3015.6,INR,2026-04-26 19:23:45,PENDING
8156,4449.0,5263.71,INR,2026-05-21 12:59:41,FAILED
8157,3933.0,334.0,INR,2026-02-06 02:28:37,SUCCESS
8158,3891.0,6461.4,INR,2026-01-14 08:58:25,PENDING
8159,512.0,2546.77,INR,2026-04-05 03:19:25,SUCCESS
8160,3672.0,5808.26,INR,2026-05-05 22:12:44,PENDING
8161,2896.0,45.37,INR,2026-01-30 23:59:18,PENDING
8162,2911.0,6129.62,INR,2026-02-21 13:30:11,PENDING
8163,4982.0,8229.28,INR,2026-03-25 21:56:31,PENDING
8164,3260.0,7530.6,INR,2026-01-17 15:24:33,FAILED
8165,3341.0,6389.54,INR,2026-01-11 14:11:40,SUCCESS
8166,628.0,1796.95,INR,2026-05-19 04:14:47,SUCCESS
8167,921.0,543.25,INR,2026-01-10 14:09:10,FAILED
8168,3002.0,5062.01,INR,2026-04-24 01:22:53,PENDING
8169,675.0,718.93,INR,2026-06-19 11:44:53,FAILED
8170,2693.0,6323.34,INR,2026-04-02 11:02:39,PENDING
8171,1774.0,4960.4,INR,2026-05-24 11:52:53,FAILED
8172,3996.0,8658.18,INR,2026-03-10 03:10:25,SUCCESS
8173,3579.0,5717.58,INR,2026-05-23 21:14:27,PENDING
8174,994.0,6260.84,INR,2026-04-17 19:56:18,SUCCESS
8175,4802.0,7034.31,INR,2026-05-03 15:34:16,PENDING
8176,357.0,6964.98,INR,2026-05-10 20:20:48,FAILED
8177,3389.0,1238.34,INR,2026-06-14 09:58:21,SUCCESS
8178,4970.0,8745.67,INR,2026-05-19 22:45:02,FAILED
8179,2279.0,7749.3,INR,2026-03-19 02:39:49,SUCCESS
8180,3041.0,1764.8,INR,2026-01-04 10:33:15,SUCCESS
8181,933.0,8306.92,INR,2026-04-21 08:42:56,SUCCESS
8182,2735.0,7493.21,INR,2026-02-03 16:41:02,PENDING
8183,3953.0,-8049.59,INR,2026-06-18 02:20:34,SUCCESS
8184,2287.0,-2653.9,INR,2026-02-11 18:12:21,SUCCESS
8185,4311.0,-7241.29,INR,2026-05-19 10:30:53,FAILED
8186,4433.0,9881.49,INR,2026-01-15 06:07:28,FAILED
8187,4306.0,8725.15,INR,2026-01-14 23:42:04,FAILED
8188,3362.0,5880.67,INR,2026-05-12 20:39:45,SUCCESS
8189,2788.0,241.07,INR,2026-05-19 07:02:44,SUCCESS
8190,4566.0,-425.03,INR,2026-04-23 06:59:59,SUCCESS
8191,2115.0,2650.95,INR,2026-03-01 05:44:03,SUCCESS
8192,1977.0,6688.57,INR,2026-06-13 15:13:22,FAILED
8193,1273.0,8174.41,INR,2026-02-02 03:48:55,SUCCESS
8194,251.0,1408.18,INR,invalid_date,FAILED
8195,1775.0,8744.68,INR,2026-02-25 20:17:51,FAILED
8196,1594.0,2060.05,INR,2026-01-17 18:24:30,PENDING
8197,4939.0,1753.22,INR,2026-05-16 06:50:50,SUCCESS
8198,,658.75,INR,2026-02-21 19:44:28,SUCCESS
8199,2425.0,1653.41,INR,2026-05-21 12:38:57,FAILED
8200,1013.0,2819.94,INR,2026-05-20 07:21:36,PENDING
8201,116.0,-7866.17,INR,2026-01-28 03:44:49,PENDING
8202,784.0,231.09,INR,2026-05-09 11:42:48,PENDING
8203,4664.0,37.91,INR,2026-02-20 16:06:53,FAILED
8204,4843.0,943.57,INR,2026-03-24 22:54:10,FAILED
8205,91.0,5199.04,INR,2026-05-29 12:07:26,PENDING
8206,1478.0,4736.93,INR,2026-05-28 15:22:07,FAILED
8207,4790.0,7143.93,INR,2026-02-05 05:03:38,PENDING
8208,3846.0,-6236.08,INR,invalid_date,SUCCESS
8209,4935.0,2188.67,INR,2026-05-19 19:12:07,FAILED
8210,1930.0,6870.8,INR,2026-02-13 14:10:48,PENDING
8211,4415.0,5567.79,INR,2026-01-18 00:45:29,PENDING
8212,2898.0,6580.59,INR,2026-03-12 10:24:54,PENDING
8213,4710.0,8150.76,INR,2026-01-02 09:50:11,SUCCESS
8214,3965.0,9726.73,INR,2026-04-16 06:18:43,PENDING
8215,2975.0,5553.41,INR,2026-04-01 09:34:48,FAILED
8216,3439.0,3084.91,INR,2026-05-02 12:49:53,FAILED
8217,429.0,3761.75,INR,2026-04-22 04:08:43,FAILED
8218,4968.0,4943.55,INR,2026-01-13 09:05:16,FAILED
8219,633.0,7822.53,INR,2026-01-16 01:48:22,SUCCESS
8220,4912.0,6159.97,INR,2026-05-02 19:31:41,PENDING
8221,931.0,9272.73,INR,2026-03-02 09:16:35,PENDING
8222,1410.0,5959.57,INR,2026-01-16 03:43:24,FAILED
8223,2938.0,8883.4,INR,2026-03-17 05:05:28,SUCCESS
8224,4262.0,8475.62,INR,2026-01-19 18:13:16,PENDING
8225,3675.0,9466.24,INR,2026-02-25 09:37:44,PENDING
8226,2766.0,4559.98,INR,2026-04-12 12:37:44,FAILED
8227,3957.0,5561.84,INR,2026-02-10 23:19:17,SUCCESS
8228,1705.0,9498.15,INR,2026-04-17 12:09:39,FAILED
8229,1527.0,3247.58,INR,2026-02-17 02:31:37,FAILED
8230,1260.0,719.14,INR,2026-04-04 20:19:26,PENDING
8231,2577.0,7673.78,INR,2026-01-17 04:28:07,SUCCESS
8232,1204.0,5980.97,INR,2026-04-03 07:19:23,FAILED
8233,1549.0,8679.59,INR,2026-01-10 19:37:09,FAILED
8234,3176.0,-6640.19,INR,2026-03-05 17:58:19,SUCCESS
8235,382.0,9225.3,INR,2026-05-30 03:35:44,SUCCESS
8236,4793.0,5090.97,INR,2026-05-16 21:25:58,SUCCESS
8237,1538.0,6429.44,INR,2026-05-07 04:13:20,FAILED
8238,693.0,7638.96,INR,2026-03-09 16:11:46,FAILED
8239,1554.0,9135.35,INR,2026-01-21 13:33:09,FAILED
8240,4249.0,3028.41,INR,2026-03-28 04:26:45,SUCCESS
8241,2987.0,9216.87,INR,2026-04-03 10:47:51,SUCCESS
8242,3141.0,5747.89,INR,2026-05-05 18:14:45,PENDING
8243,1087.0,2023.18,INR,2026-05-17 16:49:50,FAILED
8244,1061.0,2525.34,INR,2026-03-11 18:14:40,SUCCESS
8245,3742.0,452.19,INR,2026-02-23 06:03:32,SUCCESS
8246,1713.0,3375.53,INR,2026-02-10 12:14:11,SUCCESS
8247,1945.0,3619.01,INR,2026-01-08 08:55:34,FAILED
8248,91.0,3904.77,INR,2026-03-28 21:23:06,SUCCESS
8249,1050.0,3310.83,INR,2026-04-11 04:51:23,SUCCESS
8250,3644.0,4607.12,INR,2026-03-06 07:44:07,PENDING
8251,4706.0,3544.32,INR,2026-04-28 20:52:56,SUCCESS
8252,2653.0,2200.29,INR,2026-05-03 01:52:18,SUCCESS
8253,3090.0,4074.51,INR,2026-01-04 10:54:22,SUCCESS
8254,614.0,8556.13,INR,2026-01-09 05:48:32,SUCCESS
8255,3325.0,2608.37,INR,2026-01-16 12:23:53,FAILED
8256,3120.0,2632.98,INR,2026-05-26 17:29:50,SUCCESS
8257,301.0,4871.09,INR,2026-01-05 18:28:44,PENDING
8258,2538.0,5245.26,INR,2026-03-12 10:16:30,SUCCESS
8259,4140.0,-8531.7,INR,2026-04-28 10:38:03,SUCCESS
8260,4215.0,2892.32,INR,2026-01-21 04:27:00,FAILED
8261,2666.0,1684.19,INR,2026-04-27 13:56:18,FAILED
8262,1762.0,5914.0,INR,2026-05-12 22:52:21,SUCCESS
8263,2076.0,508.25,INR,2026-03-19 13:40:24,SUCCESS
8264,1977.0,4058.7,INR,2026-01-08 09:31:53,SUCCESS
8265,1241.0,7023.53,INR,invalid_date,SUCCESS
8266,3880.0,9176.28,INR,2026-01-01 16:47:04,PENDING
8267,865.0,9544.46,INR,2026-03-09 04:43:46,FAILED
8268,2062.0,4756.41,INR,2026-01-16 11:26:18,FAILED
8269,81.0,2515.39,INR,2026-03-13 02:28:49,PENDING
8270,2233.0,7435.4,INR,invalid_date,FAILED
8271,2361.0,8365.82,INR,2026-04-06 23:45:00,SUCCESS
8272,2513.0,6455.98,INR,2026-03-11 12:16:22,FAILED
8273,3416.0,5900.82,INR,2026-02-27 19:46:22,PENDING
8274,4064.0,2183.15,INR,2026-03-30 20:23:00,FAILED
8275,219.0,8627.31,INR,2026-01-03 16:06:34,SUCCESS
8276,743.0,2547.52,INR,2026-05-07 21:04:19,FAILED
8277,3832.0,3234.78,INR,2026-03-07 05:29:49,PENDING
8278,1253.0,560.97,INR,2026-03-24 10:53:44,PENDING
8279,,9051.07,INR,2026-01-18 04:52:59,SUCCESS
8280,3253.0,9603.32,INR,2026-02-06 15:54:40,FAILED
8281,1570.0,-4849.7,INR,2026-01-09 16:46:49,SUCCESS
8282,4679.0,588.18,INR,2026-01-11 07:51:21,FAILED
8283,1865.0,2370.03,INR,2026-06-17 00:08:42,SUCCESS
8284,2852.0,361.65,INR,2026-06-14 06:44:29,SUCCESS
8285,1102.0,4402.38,INR,2026-05-28 07:55:26,FAILED
8286,2097.0,317.6,INR,2026-05-20 11:19:44,PENDING
8287,1757.0,1413.67,INR,2026-01-27 22:27:57,SUCCESS
8288,240.0,3373.04,INR,2026-05-20 18:55:09,FAILED
8289,1402.0,3567.37,INR,2026-05-29 10:53:41,SUCCESS
8290,530.0,5562.8,INR,2026-03-14 02:28:07,PENDING
8291,978.0,2396.47,INR,2026-05-10 17:13:37,SUCCESS
8292,1653.0,3207.39,INR,2026-04-28 03:51:40,FAILED
8293,229.0,7510.92,INR,2026-04-08 00:38:30,FAILED
8294,4588.0,3794.98,INR,2026-02-16 20:47:11,SUCCESS
8295,3722.0,1418.37,INR,2026-01-19 00:35:48,SUCCESS
8296,4342.0,7680.7,INR,2026-02-24 02:19:06,FAILED
8297,3218.0,3005.92,INR,2026-06-10 17:41:02,FAILED
8298,4618.0,2905.35,INR,2026-04-02 10:32:50,PENDING
8299,2468.0,850.55,INR,2026-05-13 14:16:13,SUCCESS
8300,4385.0,1325.84,INR,2026-04-28 10:27:20,PENDING
8301,3597.0,2672.45,INR,2026-05-15 16:38:33,SUCCESS
8302,998.0,1623.13,INR,2026-06-01 16:04:48,PENDING
8303,,8935.35,INR,2026-01-21 08:08:28,PENDING
8304,4764.0,7491.72,INR,2026-03-14 16:35:35,SUCCESS
8305,3720.0,3569.84,INR,2026-05-07 15:34:30,SUCCESS
8306,3362.0,1135.42,INR,2026-04-05 00:58:37,FAILED
8307,3307.0,8266.76,INR,2026-03-22 00:18:36,SUCCESS
8308,3830.0,1165.75,INR,2026-04-16 19:15:26,PENDING
8309,3020.0,5324.85,INR,2026-04-06 20:52:47,PENDING
8310,1824.0,1556.24,INR,2026-04-06 10:01:16,PENDING
8311,1799.0,7517.52,INR,2026-04-17 16:24:06,FAILED
8312,2021.0,3200.44,INR,2026-04-18 18:15:36,FAILED
8313,1609.0,7767.83,INR,2026-01-03 16:25:36,FAILED
8314,3587.0,4657.87,INR,2026-02-22 20:22:53,PENDING
8315,2976.0,6848.07,INR,2026-06-08 04:21:51,PENDING
8316,3418.0,809.62,INR,2026-01-08 23:14:30,PENDING
8317,2822.0,2045.27,INR,invalid_date,FAILED
8318,2817.0,1361.79,INR,2026-03-10 21:29:53,PENDING
8319,4166.0,1118.4,INR,2026-03-10 21:13:03,FAILED
8320,2253.0,3640.06,INR,2026-03-15 08:20:57,PENDING
8321,2762.0,7766.51,INR,2026-05-25 03:39:45,PENDING
8322,337.0,3687.47,INR,2026-03-04 03:09:33,PENDING
8323,1590.0,1257.93,INR,2026-01-31 08:38:05,SUCCESS
8324,1767.0,2928.91,INR,2026-05-08 11:03:18,SUCCESS
8325,1393.0,-5933.57,INR,2026-05-09 22:28:04,SUCCESS
8326,680.0,2066.23,INR,2026-03-11 14:29:25,FAILED
8327,670.0,9005.53,INR,2026-04-03 21:53:42,FAILED
8328,3856.0,5210.79,INR,invalid_date,SUCCESS
8329,1328.0,3243.14,INR,2026-03-06 08:07:52,PENDING
8330,1885.0,5786.07,INR,2026-01-25 23:17:40,SUCCESS
8331,198.0,8647.55,INR,2026-01-03 16:32:52,PENDING
8332,1075.0,429.77,INR,2026-01-06 12:34:31,PENDING
8333,2026.0,1838.34,INR,2026-06-13 15:14:38,PENDING
8334,3571.0,2771.77,INR,2026-06-18 03:57:44,FAILED
8335,4811.0,5159.19,INR,2026-04-19 07:41:40,SUCCESS
8336,178.0,8562.51,INR,2026-06-18 11:06:45,PENDING
8337,666.0,4245.22,INR,2026-01-21 17:14:04,PENDING
8338,505.0,7806.31,INR,2026-05-16 07:13:14,SUCCESS
8339,3899.0,7730.28,INR,2026-03-07 17:41:06,PENDING
8340,1003.0,2784.74,INR,2026-02-19 01:07:29,PENDING
8341,2613.0,2785.93,INR,2026-05-15 04:35:34,PENDING
8342,3288.0,761.38,INR,2026-05-13 22:47:24,SUCCESS
8343,4275.0,4205.92,INR,2026-04-27 11:45:32,SUCCESS
8344,3783.0,6982.11,INR,2026-04-18 10:07:40,PENDING
8345,2506.0,3466.06,INR,2026-03-06 10:40:48,FAILED
8346,2909.0,7920.7,INR,2026-04-12 05:12:13,SUCCESS
8347,3591.0,4454.85,INR,2026-03-14 03:00:01,SUCCESS
8348,1086.0,7864.09,INR,2026-06-08 02:12:25,FAILED
8349,1820.0,340.01,INR,2026-01-03 09:03:21,PENDING
8350,1645.0,1952.07,INR,2026-01-24 01:13:28,FAILED
8351,1763.0,5081.24,INR,2026-06-16 06:53:12,SUCCESS
8352,,5917.04,INR,2026-02-17 00:21:16,FAILED
8353,3158.0,119.94,INR,2026-03-20 11:04:33,PENDING
8354,2376.0,4764.36,INR,2026-01-03 05:51:09,PENDING
8355,3827.0,9966.33,INR,2026-02-16 12:30:25,SUCCESS
8356,3954.0,4131.36,INR,2026-01-28 14:36:18,PENDING
8357,4537.0,1235.36,INR,2026-04-20 02:42:05,PENDING
8358,51.0,-8451.2,INR,2026-03-18 18:53:58,FAILED
8359,3408.0,5684.9,INR,2026-02-13 15:14:01,FAILED
8360,4512.0,7842.24,INR,2026-04-17 11:06:03,FAILED
8361,2256.0,4211.44,INR,2026-02-17 04:11:29,FAILED
8362,4021.0,578.51,INR,2026-01-19 00:53:24,PENDING
8363,4176.0,2856.18,INR,2026-02-23 21:27:46,FAILED
8364,2003.0,7651.79,INR,2026-03-18 01:58:25,FAILED
8365,4459.0,9995.54,INR,2026-02-25 13:31:13,FAILED
8366,3631.0,4037.25,INR,2026-06-12 14:11:44,SUCCESS
8367,4389.0,8264.92,INR,2026-02-26 13:12:23,FAILED
8368,691.0,5865.65,INR,2026-05-27 08:41:53,PENDING
8369,3164.0,361.77,INR,2026-04-15 01:59:17,PENDING
8370,1633.0,5869.82,INR,2026-03-15 20:02:54,FAILED
8371,1851.0,8384.9,INR,2026-02-17 07:26:14,SUCCESS
8372,2792.0,4991.51,INR,2026-02-05 21:00:15,FAILED
8373,1330.0,28.82,INR,2026-04-29 12:43:11,SUCCESS
8374,2039.0,4316.0,INR,2026-06-17 05:24:30,SUCCESS
8375,3051.0,456.04,INR,2026-03-23 10:59:11,SUCCESS
8376,1717.0,9791.85,INR,2026-04-20 04:07:30,SUCCESS
8377,2166.0,1696.32,INR,2026-05-18 12:57:16,SUCCESS
8378,2858.0,8071.1,INR,2026-05-21 22:47:45,PENDING
8379,687.0,4126.95,INR,2026-04-12 16:32:41,FAILED
8380,2390.0,551.64,INR,2026-05-04 11:47:18,SUCCESS
8381,4767.0,5355.31,INR,2026-03-25 03:14:51,FAILED
8382,2405.0,3960.55,INR,2026-04-23 17:01:48,PENDING
8383,2913.0,7222.4,INR,2026-05-11 17:02:56,PENDING
8384,4385.0,2890.46,INR,2026-02-21 03:47:11,FAILED
8385,2685.0,8047.19,INR,2026-04-22 18:26:10,SUCCESS
8386,961.0,5015.47,INR,2026-02-07 02:46:35,PENDING
8387,2106.0,2564.76,INR,2026-02-17 13:20:03,PENDING
8388,4710.0,1024.67,INR,2026-01-09 22:52:49,FAILED
8389,1648.0,6187.49,INR,2026-02-10 01:03:35,PENDING
8390,2546.0,1636.0,INR,2026-06-02 00:29:57,SUCCESS
8391,1336.0,8291.74,INR,2026-02-05 21:40:06,SUCCESS
8392,1671.0,5563.23,INR,2026-02-07 13:11:54,SUCCESS
8393,40.0,7476.16,INR,2026-05-11 00:39:14,FAILED
8394,1843.0,9903.78,INR,2026-02-16 17:34:52,PENDING
8395,3648.0,4546.53,INR,2026-03-01 08:31:31,SUCCESS
8396,1363.0,8635.52,INR,2026-04-13 14:12:47,FAILED
8397,1025.0,8487.94,INR,2026-01-20 14:47:39,PENDING
8398,3196.0,8003.92,INR,2026-01-06 08:40:16,FAILED
8399,514.0,7371.69,INR,2026-04-29 07:33:40,SUCCESS
8400,4790.0,7401.15,INR,2026-02-07 08:35:35,PENDING
8401,3617.0,2509.19,INR,2026-06-08 19:29:05,FAILED
8402,1026.0,-8822.24,INR,2026-01-13 04:38:28,PENDING
8403,4839.0,9181.84,INR,2026-03-14 23:26:54,FAILED
8404,,8552.24,INR,2026-04-24 16:51:59,FAILED
8405,1713.0,-1430.34,INR,2026-05-19 18:56:13,PENDING
8406,3394.0,7601.93,INR,2026-01-17 14:04:34,FAILED
8407,4234.0,859.33,INR,2026-01-10 08:48:38,PENDING
8408,2571.0,5482.25,INR,2026-02-26 13:40:18,FAILED
8409,1859.0,2155.49,INR,2026-03-01 05:22:57,FAILED
8410,2829.0,4789.76,INR,2026-06-12 19:33:58,PENDING
8411,3246.0,1140.69,INR,2026-02-15 14:09:55,PENDING
8412,2740.0,6958.59,INR,2026-06-04 14:37:27,FAILED
8413,3512.0,8514.56,INR,2026-04-24 00:19:06,SUCCESS
8414,4354.0,3842.24,INR,2026-05-30 12:43:22,PENDING
8415,4028.0,4928.34,INR,2026-02-20 01:39:54,FAILED
8416,3262.0,5231.31,INR,2026-02-26 18:16:28,SUCCESS
8417,3843.0,4561.32,INR,2026-04-15 01:28:59,SUCCESS
8418,4199.0,9618.17,INR,2026-04-24 01:00:05,FAILED
8419,3911.0,7153.98,INR,2026-02-10 05:03:36,FAILED
8420,1563.0,4448.02,INR,2026-06-04 20:35:15,SUCCESS
8421,4042.0,9150.41,INR,2026-02-03 05:30:53,SUCCESS
8422,4087.0,1621.03,INR,2026-01-12 08:30:04,SUCCESS
8423,1371.0,13.55,INR,2026-04-18 20:08:01,PENDING
8424,2822.0,6996.64,INR,2026-03-05 06:13:00,PENDING
8425,4404.0,4660.01,INR,2026-05-28 22:23:48,FAILED
8426,4828.0,4359.22,INR,2026-04-16 06:08:32,FAILED
8427,4735.0,823.84,INR,2026-01-30 14:40:15,PENDING
8428,4700.0,7824.02,INR,2026-04-26 22:07:35,SUCCESS
8429,302.0,4372.37,INR,2026-06-12 05:16:36,SUCCESS
8430,3.0,5010.7,INR,2026-03-20 14:40:42,FAILED
8431,4877.0,4082.5,INR,2026-02-21 06:56:56,PENDING
8432,1754.0,6096.1,INR,2026-01-02 03:15:21,SUCCESS
8433,3211.0,9072.12,INR,2026-01-28 10:40:18,PENDING
8434,3464.0,6905.92,INR,2026-02-19 09:54:24,PENDING
8435,3769.0,5269.39,INR,2026-05-16 13:50:38,FAILED
8436,3382.0,7796.25,INR,2026-03-07 02:18:17,PENDING
8437,1800.0,8583.41,INR,2026-03-06 00:24:35,SUCCESS
8438,4844.0,9147.49,INR,2026-02-05 15:11:26,SUCCESS
8439,3950.0,5021.36,INR,2026-01-26 20:45:47,FAILED
8440,2423.0,-7320.27,INR,2026-01-14 07:36:58,PENDING
8441,4845.0,3922.99,INR,2026-02-11 08:03:45,PENDING
8442,4.0,8027.89,INR,2026-03-24 00:49:44,FAILED
8443,459.0,2710.04,INR,2026-03-29 12:58:48,SUCCESS
8444,,3203.82,INR,2026-05-15 15:08:40,FAILED
8445,2185.0,5942.65,INR,2026-02-04 03:07:58,PENDING
8446,376.0,6350.93,INR,2026-03-07 00:23:43,PENDING
8447,4228.0,1275.18,INR,2026-02-04 07:05:21,SUCCESS
8448,,145.37,INR,2026-06-16 05:50:09,PENDING
8449,590.0,5520.56,INR,2026-02-06 12:59:29,PENDING
8450,1931.0,4320.94,INR,2026-05-09 08:41:11,PENDING
8451,,8383.89,INR,2026-02-11 12:28:46,SUCCESS
8452,2929.0,1216.85,INR,2026-05-22 04:14:13,FAILED
8453,335.0,4788.64,INR,2026-03-01 19:32:18,PENDING
8454,1912.0,3404.8,INR,2026-02-09 09:36:19,FAILED
8455,,476.71,INR,2026-02-05 06:41:57,FAILED
8456,4164.0,4608.23,INR,2026-03-11 00:17:30,FAILED
8457,463.0,1852.55,INR,2026-04-18 20:17:28,SUCCESS
8458,2302.0,9027.13,INR,2026-05-29 06:30:59,SUCCESS
8459,2900.0,1937.86,INR,2026-04-04 13:54:44,FAILED
8460,3414.0,1969.56,INR,2026-02-02 05:02:16,PENDING
8461,726.0,3240.54,INR,2026-06-17 07:02:10,PENDING
8462,,7479.59,INR,2026-01-07 09:39:43,PENDING
8463,196.0,4985.02,INR,2026-02-10 22:57:22,SUCCESS
8464,825.0,4033.58,INR,2026-05-28 05:51:24,PENDING
8465,4630.0,2614.32,INR,2026-05-02 16:35:02,FAILED
8466,3278.0,9482.58,INR,2026-02-06 16:31:30,PENDING
8467,513.0,3136.82,INR,2026-02-11 16:33:13,SUCCESS
8468,3808.0,4528.4,INR,2026-05-24 10:35:08,FAILED
8469,268.0,6863.4,INR,2026-05-18 12:02:15,PENDING
8470,1256.0,318.07,INR,2026-04-04 06:47:40,PENDING
8471,3209.0,7049.11,INR,2026-02-28 03:18:41,PENDING
8472,2264.0,1739.65,INR,2026-05-31 21:29:57,FAILED
8473,2193.0,5903.46,INR,2026-03-09 23:53:40,SUCCESS
8474,85.0,9572.33,INR,2026-01-14 16:54:58,SUCCESS
8475,1296.0,9382.62,INR,2026-03-10 14:16:42,SUCCESS
8476,727.0,1775.81,INR,2026-03-27 07:49:42,FAILED
8477,2693.0,9325.53,INR,2026-05-29 14:12:55,FAILED
8478,4540.0,3874.84,INR,2026-03-12 21:27:59,SUCCESS
8479,4211.0,3540.3,INR,2026-01-21 08:33:18,PENDING
8480,2552.0,26.56,INR,2026-03-19 09:04:47,PENDING
8481,2074.0,7177.49,INR,2026-05-07 09:46:14,PENDING
8482,4250.0,8013.76,INR,2026-03-19 19:42:57,PENDING
8483,2340.0,7253.99,INR,2026-02-27 07:33:31,FAILED
8484,559.0,6610.27,INR,2026-05-15 01:51:32,FAILED
8485,4560.0,3545.87,INR,2026-04-06 17:06:40,PENDING
8486,,6260.55,INR,2026-02-14 11:58:49,SUCCESS
8487,4669.0,5098.23,INR,2026-01-11 01:46:28,PENDING
8488,2360.0,429.7,INR,2026-03-27 08:21:35,SUCCESS
8489,2629.0,9776.82,INR,2026-05-19 04:23:45,FAILED
8490,4301.0,-1128.3,INR,2026-01-14 22:21:15,PENDING
8491,4788.0,3656.1,INR,2026-05-11 10:00:40,SUCCESS
8492,3962.0,157.61,INR,2026-04-17 03:48:33,FAILED
8493,1076.0,173.21,INR,2026-06-02 07:48:25,PENDING
8494,3655.0,2058.83,INR,2026-02-27 21:18:36,PENDING
8495,4931.0,699.81,INR,2026-06-11 22:38:02,SUCCESS
8496,4174.0,5603.33,INR,2026-02-25 09:24:31,FAILED
8497,2292.0,7402.71,INR,2026-03-17 11:37:57,PENDING
8498,652.0,5420.09,INR,2026-01-28 14:15:25,FAILED
8499,4650.0,2343.06,INR,2026-05-25 21:12:40,FAILED
8500,1991.0,8006.04,INR,2026-05-19 09:34:31,PENDING
8501,576.0,2270.47,INR,2026-01-19 09:11:29,SUCCESS
8502,2536.0,6513.23,INR,2026-03-24 02:40:21,FAILED
8503,4240.0,4027.5,INR,2026-06-17 01:29:40,SUCCESS
8504,2854.0,6433.69,INR,2026-04-07 18:49:17,FAILED
8505,1802.0,7342.33,INR,2026-04-27 18:20:43,FAILED
8506,3365.0,4312.07,INR,2026-05-09 16:32:40,SUCCESS
8507,1868.0,7980.22,INR,2026-04-22 02:29:58,PENDING
8508,3145.0,477.13,INR,2026-06-17 18:08:16,SUCCESS
8509,3379.0,2214.76,INR,2026-02-26 19:55:18,PENDING
8510,2087.0,5490.37,INR,2026-01-27 07:01:30,PENDING
8511,1949.0,485.89,INR,2026-05-05 05:30:45,PENDING
8512,3997.0,8857.0,INR,2026-02-05 19:53:01,FAILED
8513,2746.0,915.92,INR,2026-01-03 21:22:03,PENDING
8514,2031.0,9124.36,INR,2026-03-12 11:22:20,FAILED
8515,3747.0,3880.72,INR,2026-03-24 02:38:12,SUCCESS
8516,,3864.66,INR,2026-05-28 23:22:41,SUCCESS
8517,4886.0,9341.55,INR,2026-03-07 09:07:45,SUCCESS
8518,2328.0,1150.33,INR,2026-05-09 19:50:20,PENDING
8519,4077.0,3927.64,INR,2026-04-03 10:03:55,PENDING
8520,4047.0,1931.86,INR,2026-05-29 23:37:06,SUCCESS
8521,4873.0,-4282.98,INR,2026-06-06 14:32:55,FAILED
8522,,2262.16,INR,2026-04-20 01:11:23,FAILED
8523,,5396.73,INR,2026-05-03 15:54:09,SUCCESS
8524,2854.0,2133.61,INR,2026-05-26 05:18:35,SUCCESS
8525,804.0,254.6,INR,2026-05-04 22:56:35,PENDING
8526,3388.0,5056.67,INR,2026-01-02 19:08:42,FAILED
8527,2753.0,2424.21,INR,2026-01-28 12:49:59,PENDING
8528,4091.0,1642.28,INR,2026-06-02 10:44:25,FAILED
8529,4381.0,4444.53,INR,2026-04-09 01:20:34,SUCCESS
8530,3908.0,8956.74,INR,2026-02-07 07:30:42,FAILED
8531,165.0,8902.8,INR,2026-02-19 06:03:14,FAILED
8532,474.0,890.06,INR,2026-06-01 20:44:31,FAILED
8533,27.0,3220.77,INR,2026-01-19 22:21:12,SUCCESS
8534,4393.0,993.26,INR,2026-04-12 08:13:51,FAILED
8535,2352.0,919.63,INR,2026-05-19 13:36:46,FAILED
8536,113.0,7112.69,INR,2026-02-18 10:59:09,SUCCESS
8537,64.0,1827.27,INR,2026-02-05 22:15:08,SUCCESS
8538,347.0,6152.55,INR,2026-05-09 15:36:06,FAILED
8539,4169.0,3985.16,INR,2026-04-12 03:51:38,FAILED
8540,4522.0,-9186.83,INR,2026-03-21 17:55:57,SUCCESS
8541,1306.0,9759.74,INR,2026-02-24 21:31:11,PENDING
8542,839.0,613.55,INR,2026-03-25 00:44:07,PENDING
8543,805.0,3979.04,INR,2026-03-15 17:51:28,SUCCESS
8544,4091.0,6061.56,INR,2026-01-24 18:32:54,SUCCESS
8545,4779.0,6980.85,INR,2026-01-15 05:39:41,SUCCESS
8546,1516.0,9191.01,INR,2026-06-11 18:25:08,FAILED
8547,1681.0,1531.5,INR,2026-03-11 07:04:20,PENDING
8548,3511.0,5897.49,INR,2026-01-10 01:27:20,FAILED
8549,170.0,8823.1,INR,2026-05-27 03:44:51,FAILED
8550,4406.0,7458.12,INR,2026-02-14 07:28:44,FAILED
8551,4979.0,9546.23,INR,2026-01-01 06:43:06,SUCCESS
8552,3466.0,2417.42,INR,2026-05-02 07:48:28,FAILED
8553,4244.0,8718.16,INR,2026-01-20 21:44:29,PENDING
8554,4634.0,434.77,INR,2026-04-03 03:30:42,SUCCESS
8555,3251.0,1713.09,INR,2026-01-23 05:15:32,SUCCESS
8556,1264.0,7767.22,INR,2026-03-30 16:34:28,PENDING
8557,125.0,737.23,INR,2026-04-15 08:42:37,PENDING
8558,2176.0,-6915.98,INR,2026-02-05 00:08:11,FAILED
8559,1293.0,5159.88,INR,2026-03-06 11:25:00,FAILED
8560,795.0,9648.45,INR,2026-02-18 19:45:15,PENDING
8561,3921.0,5028.55,INR,2026-03-19 06:10:53,FAILED
8562,4421.0,2251.81,INR,2026-04-08 22:36:35,FAILED
8563,1957.0,2591.93,INR,2026-02-02 14:26:46,PENDING
8564,2760.0,4532.62,INR,2026-03-02 10:08:00,PENDING
8565,938.0,9892.16,INR,2026-04-18 19:49:31,SUCCESS
8566,2856.0,5893.13,INR,2026-02-15 13:46:37,FAILED
8567,1455.0,3512.02,INR,2026-04-13 20:38:52,FAILED
8568,2646.0,1323.04,INR,2026-01-15 20:04:13,FAILED
8569,3114.0,8280.48,INR,2026-06-15 04:23:11,FAILED
8570,1457.0,9947.8,INR,2026-02-19 09:13:21,FAILED
8571,779.0,8982.22,INR,2026-05-07 06:47:30,FAILED
8572,1437.0,8874.66,INR,2026-03-15 20:15:36,FAILED
8573,3753.0,9965.26,INR,2026-05-31 15:01:04,SUCCESS
8574,2665.0,5467.18,INR,2026-05-19 09:42:39,SUCCESS
8575,548.0,2591.82,INR,2026-04-06 19:03:09,FAILED
8576,,9881.23,INR,2026-03-07 08:00:55,SUCCESS
8577,1074.0,8907.31,INR,2026-02-04 12:46:52,FAILED
8578,2770.0,3107.34,INR,2026-05-07 13:22:48,FAILED
8579,4694.0,1360.47,INR,2026-01-20 13:13:16,SUCCESS
8580,,4231.24,INR,2026-02-19 23:34:02,PENDING
8581,4021.0,6757.97,INR,2026-02-22 23:59:19,FAILED
8582,4618.0,828.35,INR,2026-02-22 01:16:38,PENDING
8583,3572.0,8594.83,INR,2026-02-02 18:19:37,FAILED
8584,2152.0,8298.05,INR,2026-03-22 11:43:21,FAILED
8585,3858.0,8052.69,INR,2026-06-11 06:04:51,PENDING
8586,2429.0,7268.7,INR,2026-03-14 04:29:27,FAILED
8587,1507.0,4127.66,INR,2026-03-08 14:53:18,FAILED
8588,3795.0,262.41,INR,2026-02-12 18:49:35,FAILED
8589,940.0,2387.83,INR,2026-02-06 00:25:55,PENDING
8590,691.0,9637.63,INR,2026-03-04 09:00:23,SUCCESS
8591,1066.0,3262.75,INR,2026-05-14 14:40:15,PENDING
8592,2234.0,5320.0,INR,2026-03-05 21:49:26,FAILED
8593,1484.0,5017.36,INR,2026-02-13 18:37:29,SUCCESS
8594,1824.0,5656.69,INR,2026-02-04 11:13:56,SUCCESS
8595,2004.0,8527.76,INR,2026-03-18 14:54:16,SUCCESS
8596,,5130.38,INR,2026-05-01 11:28:31,PENDING
8597,2305.0,7966.14,INR,2026-05-03 23:11:58,SUCCESS
8598,1191.0,9792.61,INR,2026-02-27 20:47:18,SUCCESS
8599,88.0,1972.52,INR,2026-03-30 01:35:28,PENDING
8600,3659.0,3372.36,INR,2026-01-06 00:11:34,SUCCESS
8601,3986.0,1078.26,INR,2026-03-09 11:16:45,PENDING
8602,4297.0,186.21,INR,2026-02-04 07:54:14,PENDING
8603,93.0,8509.58,INR,2026-02-14 16:14:11,SUCCESS
8604,817.0,4676.14,INR,invalid_date,SUCCESS
8605,4294.0,5646.72,INR,2026-06-16 23:45:26,FAILED
8606,1835.0,3759.23,INR,2026-05-05 09:46:06,FAILED
8607,4321.0,6243.13,INR,2026-01-05 18:48:44,FAILED
8608,2319.0,3130.92,INR,2026-05-12 21:32:36,FAILED
8609,3417.0,-242.96,INR,2026-03-26 09:24:52,PENDING
8610,274.0,2685.09,INR,2026-06-16 04:59:02,PENDING
8611,4794.0,4908.74,INR,2026-01-25 01:14:29,FAILED
8612,260.0,36.22,INR,2026-02-23 07:09:45,PENDING
8613,2604.0,9535.16,INR,2026-06-16 05:31:43,SUCCESS
8614,2053.0,1497.34,INR,2026-01-08 21:36:56,SUCCESS
8615,4534.0,3651.77,INR,2026-04-26 17:18:29,FAILED
8616,1557.0,9145.15,INR,2026-05-25 05:59:14,PENDING
8617,889.0,6477.2,INR,2026-05-28 23:09:14,SUCCESS
8618,3447.0,4387.13,INR,2026-04-24 01:07:37,FAILED
8619,2886.0,-2892.65,INR,2026-06-16 05:30:45,PENDING
8620,1920.0,-7435.35,INR,2026-05-03 15:10:10,PENDING
8621,4164.0,2422.51,INR,2026-06-08 06:46:34,SUCCESS
8622,2478.0,7207.33,INR,2026-04-18 15:39:56,PENDING
8623,2458.0,5049.61,INR,2026-01-17 15:12:27,SUCCESS
8624,2335.0,4742.03,INR,2026-05-02 18:13:02,PENDING
8625,4735.0,6362.13,INR,2026-04-17 12:33:26,PENDING
8626,932.0,2097.62,INR,2026-01-14 09:54:56,SUCCESS
8627,4862.0,6214.96,INR,2026-03-06 04:12:08,PENDING
8628,305.0,2016.07,INR,2026-02-12 07:59:00,SUCCESS
8629,3673.0,2018.26,INR,2026-02-05 01:35:35,PENDING
8630,3583.0,6105.74,INR,2026-04-21 18:39:23,FAILED
8631,1530.0,8637.72,INR,2026-06-09 01:23:30,FAILED
8632,388.0,8472.94,INR,2026-04-29 22:03:31,SUCCESS
8633,2660.0,9951.05,INR,2026-06-09 09:36:57,PENDING
8634,3640.0,1981.41,INR,2026-02-06 22:25:16,FAILED
8635,4210.0,4353.78,INR,2026-04-20 11:18:44,FAILED
8636,4577.0,8825.08,INR,2026-01-28 19:16:25,PENDING
8637,4812.0,1634.06,INR,2026-04-17 00:58:47,FAILED
8638,464.0,5575.93,INR,2026-06-04 16:01:34,FAILED
8639,3948.0,5340.44,INR,2026-05-18 01:53:23,SUCCESS
8640,520.0,1665.21,INR,2026-01-11 19:20:57,FAILED
8641,1093.0,6693.16,INR,2026-04-29 15:00:51,FAILED
8642,1052.0,4790.46,INR,2026-01-22 01:11:27,FAILED
8643,4748.0,1791.27,INR,2026-04-08 17:37:56,SUCCESS
8644,4990.0,9226.47,INR,2026-02-18 14:56:47,PENDING
8645,4080.0,8021.19,INR,2026-03-18 20:49:57,SUCCESS
8646,2645.0,2044.92,INR,2026-06-17 06:17:10,SUCCESS
8647,4254.0,4618.99,INR,2026-05-10 14:01:59,FAILED
8648,1928.0,6814.89,INR,2026-01-08 12:46:21,PENDING
8649,1189.0,938.64,INR,2026-05-24 00:49:31,PENDING
8650,1541.0,538.08,INR,2026-05-25 20:53:54,FAILED
8651,719.0,3836.44,INR,2026-03-25 02:24:26,PENDING
8652,351.0,7473.79,INR,2026-04-15 15:34:52,SUCCESS
8653,3460.0,-4845.91,INR,2026-05-22 23:46:32,FAILED
8654,1281.0,9835.98,INR,2026-05-06 12:48:45,PENDING
8655,2014.0,3804.57,INR,2026-06-04 22:06:15,FAILED
8656,1811.0,4105.2,INR,2026-05-15 07:31:34,FAILED
8657,1996.0,5500.43,INR,2026-01-13 20:17:33,FAILED
8658,1711.0,2656.65,INR,2026-01-30 10:27:25,PENDING
8659,2481.0,8485.19,INR,2026-02-12 23:00:57,SUCCESS
8660,2741.0,3622.77,INR,2026-03-05 07:56:25,FAILED
8661,1143.0,3129.93,INR,2026-03-24 01:51:49,FAILED
8662,4005.0,5122.12,INR,2026-04-01 15:05:52,FAILED
8663,3453.0,8351.71,INR,2026-03-30 11:37:56,FAILED
8664,2140.0,9378.6,INR,2026-01-02 13:52:48,SUCCESS
8665,1945.0,4407.0,INR,2026-01-04 19:25:49,FAILED
8666,4514.0,3844.52,INR,2026-05-27 01:59:42,PENDING
8667,2602.0,-2502.03,INR,2026-06-09 13:50:40,SUCCESS
8668,4155.0,4300.98,INR,2026-02-23 12:30:28,FAILED
8669,2306.0,3908.44,INR,2026-01-22 19:11:38,FAILED
8670,126.0,3489.56,INR,2026-02-17 01:45:19,SUCCESS
8671,4295.0,8857.23,INR,2026-04-02 21:25:41,PENDING
8672,423.0,5344.53,INR,2026-03-09 11:17:24,SUCCESS
8673,658.0,5322.01,INR,2026-01-06 14:00:44,SUCCESS
8674,2735.0,8891.63,INR,2026-06-08 21:10:48,SUCCESS
8675,2941.0,8832.71,INR,2026-03-26 22:51:47,PENDING
8676,2454.0,3982.31,INR,2026-03-14 06:39:56,PENDING
8677,3090.0,2549.88,INR,2026-01-12 01:29:16,PENDING
8678,4745.0,3726.98,INR,2026-01-08 21:23:36,PENDING
8679,2445.0,8417.05,INR,2026-01-08 16:29:04,FAILED
8680,2995.0,8781.31,INR,2026-03-20 22:19:12,FAILED
8681,2911.0,-1813.55,INR,2026-05-22 11:19:01,SUCCESS
8682,2525.0,9837.11,INR,2026-06-15 05:25:40,FAILED
8683,4095.0,3636.65,INR,2026-04-07 21:00:16,SUCCESS
8684,2212.0,9024.95,INR,2026-04-10 12:59:04,FAILED
8685,3683.0,8293.11,INR,2026-01-20 02:54:45,FAILED
8686,2444.0,9628.94,INR,2026-03-27 17:27:50,SUCCESS
8687,3316.0,4557.38,INR,2026-05-06 08:53:34,SUCCESS
8688,174.0,7936.38,INR,2026-02-14 06:17:01,SUCCESS
8689,2525.0,-170.87,INR,2026-02-20 16:11:31,SUCCESS
8690,1913.0,7948.41,INR,2026-03-23 18:25:11,SUCCESS
8691,2366.0,5179.12,INR,2026-03-20 21:14:08,FAILED
8692,776.0,1809.45,INR,2026-02-09 17:15:13,SUCCESS
8693,4523.0,9388.94,INR,2026-02-10 01:06:06,PENDING
8694,2506.0,8793.22,INR,2026-06-15 19:22:25,PENDING
8695,1386.0,5892.39,INR,2026-01-03 21:26:58,SUCCESS
8696,1127.0,4977.1,INR,2026-02-14 12:32:45,FAILED
8697,1747.0,3306.49,INR,2026-05-29 22:03:28,SUCCESS
8698,3800.0,4817.81,INR,2026-04-06 13:16:08,FAILED
8699,2037.0,8249.2,INR,2026-06-06 19:14:29,SUCCESS
8700,3054.0,883.05,INR,2026-05-03 22:27:58,SUCCESS
8701,4475.0,2517.45,INR,2026-04-17 15:37:03,SUCCESS
8702,2625.0,3133.77,INR,2026-02-15 13:11:19,SUCCESS
8703,1869.0,-7168.7,INR,2026-01-23 08:58:50,FAILED
8704,4481.0,9970.47,INR,2026-05-24 09:34:47,SUCCESS
8705,2850.0,5451.61,INR,2026-03-18 21:31:49,PENDING
8706,1159.0,385.4,INR,2026-06-05 13:35:47,SUCCESS
8707,4705.0,3721.64,INR,2026-04-16 09:40:23,SUCCESS
8708,332.0,1755.2,INR,2026-05-06 07:27:24,FAILED
8709,4809.0,-6353.17,INR,2026-03-24 05:37:44,SUCCESS
8710,1646.0,4978.89,INR,2026-03-10 08:40:28,PENDING
8711,3086.0,5712.07,INR,2026-04-08 08:18:02,PENDING
8712,4074.0,1017.39,INR,2026-06-11 20:28:10,SUCCESS
8713,4006.0,4537.47,INR,2026-04-28 11:51:12,FAILED
8714,1887.0,3656.04,INR,2026-05-25 03:14:59,SUCCESS
8715,2948.0,6501.82,INR,2026-05-19 08:51:38,PENDING
8716,546.0,5950.62,INR,2026-05-10 07:04:20,PENDING
8717,4364.0,9967.18,INR,2026-01-14 19:26:30,FAILED
8718,2207.0,7995.61,INR,2026-02-10 11:46:33,FAILED
8719,,9628.35,INR,2026-02-09 17:15:34,SUCCESS
8720,2972.0,2916.07,INR,2026-01-18 17:18:53,FAILED
8721,3333.0,5445.7,INR,2026-02-25 16:54:41,SUCCESS
8722,563.0,9936.83,INR,2026-05-01 12:30:53,FAILED
8723,408.0,2107.58,INR,2026-05-05 15:37:43,SUCCESS
8724,1963.0,2062.1,INR,2026-02-23 18:49:26,FAILED
8725,3964.0,878.68,INR,2026-01-10 01:45:29,PENDING
8726,97.0,50.24,INR,2026-02-27 05:04:44,FAILED
8727,287.0,2505.58,INR,2026-03-16 14:18:21,FAILED
8728,2254.0,5693.76,INR,2026-04-20 16:56:44,SUCCESS
8729,3144.0,9791.35,INR,2026-03-18 19:06:11,PENDING
8730,4632.0,8112.68,INR,2026-05-23 05:26:31,SUCCESS
8731,465.0,1962.15,INR,2026-03-17 02:48:25,SUCCESS
8732,1550.0,5256.79,INR,2026-02-14 16:48:22,PENDING
8733,3412.0,1169.76,INR,2026-06-04 10:54:39,PENDING
8734,3709.0,4175.53,INR,2026-01-07 13:58:24,FAILED
8735,95.0,4836.43,INR,2026-04-04 00:11:06,SUCCESS
8736,4983.0,1861.2,INR,2026-03-26 18:12:27,PENDING
8737,3675.0,83.31,INR,2026-05-20 17:50:27,FAILED
8738,2957.0,-5215.78,INR,2026-01-16 03:13:44,FAILED
8739,1652.0,7047.26,INR,2026-04-17 15:27:43,PENDING
8740,2904.0,-9598.75,INR,2026-05-28 08:58:49,SUCCESS
8741,2121.0,26.82,INR,2026-02-23 22:03:35,PENDING
8742,2115.0,6822.03,INR,2026-03-03 17:04:03,PENDING
8743,4008.0,4678.7,INR,2026-01-28 08:57:41,FAILED
8744,,6942.22,INR,2026-04-29 01:47:52,SUCCESS
8745,112.0,4011.67,INR,2026-05-21 12:03:34,PENDING
8746,4293.0,8659.0,INR,2026-03-05 14:12:00,SUCCESS
8747,2559.0,7001.53,INR,2026-01-08 15:49:58,SUCCESS
8748,2203.0,7241.01,INR,2026-03-03 02:57:18,PENDING
8749,439.0,8806.82,INR,2026-01-06 17:01:57,PENDING
8750,279.0,6555.77,INR,2026-03-19 00:32:59,PENDING
8751,1886.0,3585.17,INR,2026-03-10 01:07:52,PENDING
8752,2476.0,1413.6,INR,2026-05-18 04:22:07,FAILED
8753,1344.0,3862.97,INR,2026-04-24 10:13:06,FAILED
8754,1123.0,2904.69,INR,2026-05-28 17:59:04,SUCCESS
8755,1278.0,8387.6,INR,2026-06-11 21:14:20,FAILED
8756,4167.0,3033.91,INR,2026-01-14 07:57:36,FAILED
8757,827.0,5407.03,INR,2026-05-01 16:09:47,SUCCESS
8758,3535.0,917.4,INR,2026-05-21 02:13:27,PENDING
8759,2350.0,2856.06,INR,2026-05-20 22:26:08,PENDING
8760,,8673.56,INR,2026-05-03 16:00:44,SUCCESS
8761,3624.0,5304.86,INR,2026-06-01 15:32:57,FAILED
8762,468.0,3168.57,INR,2026-03-29 06:24:18,PENDING
8763,2467.0,-9494.19,INR,2026-02-06 19:50:24,PENDING
8764,229.0,5388.13,INR,2026-03-05 06:15:12,FAILED
8765,1160.0,8407.89,INR,2026-02-22 09:42:52,FAILED
8766,1541.0,1411.91,INR,2026-03-07 13:06:21,FAILED
8767,806.0,3768.63,INR,2026-04-10 16:35:33,FAILED
8768,1388.0,4302.16,INR,2026-05-06 19:32:07,FAILED
8769,877.0,1473.58,INR,2026-04-22 04:03:30,SUCCESS
8770,3397.0,9210.71,INR,2026-01-31 11:08:21,FAILED
8771,1580.0,658.71,INR,2026-03-31 12:39:16,SUCCESS
8772,3022.0,3132.29,INR,2026-05-21 02:34:51,FAILED
8773,689.0,4985.15,INR,2026-04-08 10:48:17,PENDING
8774,3646.0,8023.43,INR,2026-04-20 05:12:05,FAILED
8775,3951.0,6570.09,INR,2026-04-09 04:00:39,FAILED
8776,99.0,8082.91,INR,2026-05-29 07:35:50,FAILED
8777,3793.0,5345.8,INR,2026-05-04 20:00:16,PENDING
8778,1507.0,4390.23,INR,2026-05-01 16:36:52,SUCCESS
8779,1107.0,7144.63,INR,2026-04-26 16:06:21,PENDING
8780,2729.0,6506.86,INR,2026-05-22 19:41:54,SUCCESS
8781,2059.0,-4465.7,INR,invalid_date,PENDING
8782,2340.0,-1059.23,INR,2026-03-01 21:19:32,PENDING
8783,1618.0,6156.81,INR,2026-05-01 06:28:57,PENDING
8784,252.0,3138.48,INR,2026-02-04 06:16:30,SUCCESS
8785,548.0,1679.55,INR,2026-06-03 02:32:21,PENDING
8786,4979.0,1934.22,INR,2026-06-01 04:03:41,FAILED
8787,3832.0,-7978.65,INR,2026-06-17 02:02:44,PENDING
8788,1843.0,7327.19,INR,2026-05-04 22:58:28,FAILED
8789,4035.0,-4148.86,INR,2026-05-20 16:36:22,SUCCESS
8790,664.0,-2777.97,INR,2026-01-27 22:59:51,PENDING
8791,851.0,8403.26,INR,2026-04-29 20:41:45,FAILED
8792,773.0,8779.38,INR,2026-02-03 13:02:12,FAILED
8793,2377.0,5054.29,INR,2026-06-04 22:34:19,SUCCESS
8794,2312.0,1716.76,INR,2026-01-30 08:23:25,PENDING
8795,1715.0,8205.39,INR,2026-04-06 15:29:33,FAILED
8796,3406.0,6512.49,INR,2026-01-04 00:13:08,PENDING
8797,2980.0,6040.95,INR,2026-02-04 18:21:28,SUCCESS
8798,4785.0,3654.53,INR,2026-02-10 03:13:46,PENDING
8799,3556.0,8326.69,INR,2026-03-02 23:58:36,PENDING
8800,3107.0,2073.93,INR,2026-03-14 07:20:03,PENDING
8801,4028.0,8825.5,INR,2026-04-19 07:03:06,SUCCESS
8802,752.0,4596.5,INR,2026-01-28 19:02:08,FAILED
8803,3652.0,3267.01,INR,2026-04-26 04:53:12,FAILED
8804,2909.0,8553.21,INR,2026-02-11 00:22:07,SUCCESS
8805,4454.0,9208.95,INR,2026-02-18 08:01:40,FAILED
8806,4916.0,8761.5,INR,2026-03-09 21:57:36,SUCCESS
8807,1839.0,8928.53,INR,2026-02-01 06:28:24,PENDING
8808,14.0,6253.38,INR,2026-01-01 00:51:02,FAILED
8809,3410.0,9050.31,INR,2026-05-07 07:39:31,FAILED
8810,4887.0,4458.61,INR,2026-04-12 10:44:56,SUCCESS
8811,1421.0,3440.37,INR,2026-03-21 04:24:57,PENDING
8812,1621.0,1308.85,INR,2026-05-29 13:59:03,SUCCESS
8813,4176.0,9844.94,INR,2026-05-13 05:06:12,PENDING
8814,1412.0,7879.34,INR,2026-04-18 19:43:58,SUCCESS
8815,1883.0,1039.7,INR,2026-04-29 14:35:54,PENDING
8816,,7464.12,INR,2026-03-18 00:13:24,PENDING
8817,3741.0,1541.91,INR,2026-06-03 08:26:45,FAILED
8818,1379.0,2155.46,INR,2026-06-07 16:41:15,SUCCESS
8819,1284.0,240.54,INR,2026-03-10 02:04:45,SUCCESS
8820,,4251.05,INR,2026-01-25 01:14:00,SUCCESS
8821,1274.0,-4667.92,INR,2026-02-14 12:33:15,PENDING
8822,3059.0,6721.9,INR,2026-04-24 09:12:02,FAILED
8823,2941.0,-4503.85,INR,2026-05-17 22:43:01,PENDING
8824,2992.0,5693.82,INR,2026-04-01 01:47:40,SUCCESS
8825,2685.0,8439.52,INR,2026-01-16 07:04:00,SUCCESS
8826,1129.0,6788.11,INR,2026-02-10 06:27:46,FAILED
8827,1342.0,9195.49,INR,2026-05-13 08:23:59,SUCCESS
8828,3257.0,288.94,INR,2026-05-03 05:37:08,PENDING
8829,4792.0,820.21,INR,2026-06-03 12:42:03,PENDING
8830,4890.0,9196.97,INR,2026-04-07 23:43:59,SUCCESS
8831,3756.0,3242.85,INR,2026-04-24 22:59:00,SUCCESS
8832,4918.0,-4880.43,INR,2026-04-04 20:18:10,FAILED
8833,2287.0,4008.07,INR,2026-03-15 08:37:46,SUCCESS
8834,,1367.73,INR,2026-04-27 19:47:00,PENDING
8835,933.0,6839.67,INR,2026-05-26 22:35:02,PENDING
8836,1348.0,1285.21,INR,2026-05-24 03:29:52,FAILED
8837,4222.0,-1164.56,INR,2026-05-11 04:43:11,PENDING
8838,1490.0,3178.38,INR,2026-02-04 17:56:20,FAILED
8839,2444.0,206.53,INR,2026-05-06 00:55:25,PENDING
8840,989.0,588.36,INR,2026-05-04 13:38:26,PENDING
8841,2149.0,6102.92,INR,2026-04-20 18:57:34,SUCCESS
8842,484.0,7971.34,INR,2026-06-14 04:33:28,FAILED
8843,2351.0,4343.7,INR,2026-01-03 17:06:49,SUCCESS
8844,3623.0,7863.46,INR,2026-05-01 00:51:46,FAILED
8845,2973.0,8489.93,INR,2026-06-09 06:35:08,SUCCESS
8846,4363.0,6960.1,INR,2026-03-20 05:05:26,PENDING
8847,204.0,6398.38,INR,2026-04-05 03:56:03,FAILED
8848,1429.0,8521.06,INR,2026-01-08 12:44:59,PENDING
8849,1133.0,478.01,INR,2026-01-15 21:46:53,SUCCESS
8850,1617.0,3309.77,INR,2026-03-07 00:05:10,PENDING
8851,1662.0,407.21,INR,2026-02-09 06:33:08,FAILED
8852,4828.0,1894.23,INR,2026-02-24 11:09:31,SUCCESS
8853,727.0,5020.5,INR,2026-06-08 04:21:39,PENDING
8854,16.0,7481.03,INR,2026-06-16 06:00:22,FAILED
8855,4956.0,8787.35,INR,2026-05-03 02:28:00,FAILED
8856,1210.0,9753.87,INR,2026-01-24 09:42:11,SUCCESS
8857,60.0,6144.98,INR,2026-01-06 12:20:25,FAILED
8858,4123.0,422.55,INR,2026-01-01 07:48:24,SUCCESS
8859,311.0,7202.15,INR,2026-05-01 23:36:10,FAILED
8860,771.0,3564.08,INR,2026-01-01 23:25:53,SUCCESS
8861,2661.0,4092.86,INR,2026-04-18 16:53:24,SUCCESS
8862,998.0,9284.78,INR,2026-02-27 15:54:09,PENDING
8863,3516.0,5298.24,INR,2026-02-18 21:38:35,SUCCESS
8864,2915.0,5712.35,INR,invalid_date,SUCCESS
8865,2397.0,-9025.45,INR,2026-03-16 03:04:26,PENDING
8866,3333.0,8613.87,INR,2026-03-17 23:40:44,FAILED
8867,61.0,7976.07,INR,2026-02-17 04:56:28,FAILED
8868,18.0,7768.6,INR,2026-06-16 05:10:10,PENDING
8869,2560.0,1811.97,INR,2026-01-17 18:43:21,FAILED
8870,4077.0,5983.82,INR,2026-06-14 14:14:22,SUCCESS
8871,4074.0,4201.81,INR,2026-03-29 06:56:46,SUCCESS
8872,,5319.97,INR,2026-03-14 17:13:17,PENDING
8873,2227.0,9072.41,INR,2026-04-15 12:39:38,SUCCESS
8874,3354.0,-4091.68,INR,2026-06-01 19:15:01,SUCCESS
8875,959.0,-4032.3,INR,2026-06-09 22:40:16,PENDING
8876,4317.0,6852.89,INR,2026-04-24 15:55:15,PENDING
8877,4352.0,3014.85,INR,2026-02-12 00:37:31,FAILED
8878,2411.0,3268.55,INR,2026-01-12 02:57:35,SUCCESS
8879,1427.0,7771.79,INR,2026-02-10 06:51:03,PENDING
8880,4963.0,6950.5,INR,2026-05-25 05:56:19,FAILED
8881,2489.0,5630.66,INR,2026-02-11 11:46:48,PENDING
8882,3361.0,7705.89,INR,2026-02-27 23:54:37,FAILED
8883,3747.0,5043.53,INR,2026-02-20 09:20:09,SUCCESS
8884,2273.0,5474.82,INR,2026-03-15 23:15:34,SUCCESS
8885,3767.0,8646.78,INR,2026-04-06 13:12:32,PENDING
8886,1467.0,4209.13,INR,2026-05-31 10:07:32,FAILED
8887,3963.0,519.93,INR,2026-05-24 12:35:04,SUCCESS
8888,3756.0,7205.34,INR,2026-03-28 14:03:19,SUCCESS
8889,1222.0,6929.89,INR,2026-02-10 20:03:58,SUCCESS
8890,1589.0,5516.31,INR,2026-01-05 14:53:49,PENDING
8891,1831.0,4200.55,INR,2026-05-08 14:12:35,SUCCESS
8892,4765.0,332.87,INR,2026-05-04 11:32:57,SUCCESS
8893,3087.0,4804.72,INR,2026-01-18 15:40:16,PENDING
8894,4934.0,-694.35,INR,2026-06-04 06:40:51,PENDING
8895,1385.0,9880.16,INR,2026-04-13 17:58:22,PENDING
8896,4235.0,8266.2,INR,invalid_date,FAILED
8897,3715.0,1005.31,INR,2026-02-27 10:27:30,PENDING
8898,2059.0,6725.18,INR,2026-03-23 00:54:06,PENDING
8899,2106.0,3855.17,INR,2026-04-09 14:30:50,SUCCESS
8900,3357.0,2719.15,INR,2026-04-28 02:03:54,PENDING
8901,2623.0,259.35,INR,2026-01-30 16:49:00,SUCCESS
8902,263.0,7174.83,INR,2026-05-07 17:12:21,SUCCESS
8903,4069.0,7703.49,INR,2026-02-06 16:15:38,FAILED
8904,,3439.77,INR,2026-06-07 09:01:31,PENDING
8905,3284.0,-3899.74,INR,2026-03-06 21:53:56,SUCCESS
8906,825.0,1430.92,INR,2026-03-02 05:49:11,FAILED
8907,260.0,6422.93,INR,2026-05-22 04:04:38,SUCCESS
8908,1899.0,3782.04,INR,2026-02-07 10:59:12,PENDING
8909,3055.0,2369.42,INR,2026-06-10 18:49:00,FAILED
8910,905.0,940.49,INR,invalid_date,PENDING
8911,15.0,7171.73,INR,2026-01-27 22:05:41,SUCCESS
8912,103.0,1323.53,INR,2026-05-11 00:39:50,SUCCESS
8913,4127.0,8102.28,INR,2026-04-22 11:48:06,FAILED
8914,619.0,7848.2,INR,2026-04-04 01:33:49,PENDING
8915,1662.0,3904.6,INR,2026-03-28 00:41:46,PENDING
8916,4164.0,4935.54,INR,2026-03-06 09:19:42,PENDING
8917,4432.0,6648.51,INR,2026-03-28 16:34:59,FAILED
8918,2077.0,2258.39,INR,2026-06-08 02:29:56,FAILED
8919,2269.0,9555.22,INR,2026-03-17 16:13:59,FAILED
8920,2054.0,8637.43,INR,2026-02-03 01:00:15,FAILED
8921,4849.0,6533.14,INR,2026-02-07 09:28:15,FAILED
8922,1529.0,6462.25,INR,2026-06-12 16:17:59,FAILED
8923,21.0,5472.89,INR,invalid_date,SUCCESS
8924,1397.0,7589.07,INR,2026-06-15 16:37:34,PENDING
8925,783.0,5013.43,INR,2026-04-06 04:19:14,FAILED
8926,3619.0,9234.0,INR,2026-06-18 10:27:16,SUCCESS
8927,3812.0,464.74,INR,2026-03-20 01:07:22,PENDING
8928,121.0,4139.5,INR,2026-05-03 00:10:37,SUCCESS
8929,2528.0,8383.24,INR,2026-01-05 09:56:20,SUCCESS
8930,3292.0,4242.37,INR,2026-03-21 02:07:04,SUCCESS
8931,4484.0,4700.51,INR,2026-02-23 23:48:31,FAILED
8932,2054.0,8492.43,INR,2026-01-27 22:17:09,PENDING
8933,2699.0,3046.65,INR,2026-03-03 00:03:14,PENDING
8934,3897.0,6294.65,INR,2026-03-21 09:26:10,PENDING
8935,4534.0,-8845.63,INR,2026-04-05 22:06:37,SUCCESS
8936,4904.0,4307.65,INR,2026-03-13 08:39:15,PENDING
8937,1328.0,5730.36,INR,2026-02-25 04:34:30,SUCCESS
8938,3294.0,8252.97,INR,2026-02-25 23:11:20,PENDING
8939,1404.0,1923.62,INR,2026-06-09 10:29:39,SUCCESS
8940,3499.0,-2297.27,INR,2026-02-15 16:59:24,FAILED
8941,,1055.07,INR,2026-06-02 11:33:34,SUCCESS
8942,2487.0,680.71,INR,2026-02-10 00:14:45,PENDING
8943,83.0,3846.6,INR,2026-05-22 23:10:03,SUCCESS
8944,,1463.41,INR,2026-03-10 17:40:43,PENDING
8945,4074.0,720.08,INR,2026-04-14 21:24:09,PENDING
8946,3270.0,7303.62,INR,2026-02-27 22:07:49,FAILED
8947,3078.0,5760.95,INR,2026-04-16 11:03:01,FAILED
8948,256.0,911.35,INR,2026-01-09 08:46:14,PENDING
8949,4470.0,396.44,INR,2026-05-06 10:56:18,PENDING
8950,819.0,7341.56,INR,2026-02-09 14:29:16,SUCCESS
8951,4342.0,8462.17,INR,2026-03-16 06:47:06,SUCCESS
8952,2331.0,3988.87,INR,2026-05-26 22:35:07,SUCCESS
8953,3065.0,3689.28,INR,2026-03-27 21:35:31,SUCCESS
8954,3799.0,2902.15,INR,2026-03-31 21:16:48,SUCCESS
8955,2411.0,2637.11,INR,2026-03-24 17:42:34,PENDING
8956,902.0,5158.57,INR,2026-03-31 16:55:18,SUCCESS
8957,4193.0,-7194.99,INR,2026-02-21 10:50:10,SUCCESS
8958,2770.0,5076.67,INR,2026-01-25 15:19:55,FAILED
8959,1160.0,6929.13,INR,2026-02-27 04:32:57,FAILED
8960,1464.0,5088.43,INR,2026-04-20 20:50:54,SUCCESS
8961,4556.0,8947.8,INR,2026-04-23 02:33:50,FAILED
8962,2637.0,6425.07,INR,2026-03-09 13:14:39,SUCCESS
8963,1838.0,4742.75,INR,2026-04-24 02:50:29,PENDING
8964,4777.0,2563.23,INR,2026-01-23 18:44:37,PENDING
8965,2019.0,3950.0,INR,2026-03-18 03:43:38,FAILED
8966,266.0,5986.83,INR,2026-03-10 10:49:33,SUCCESS
8967,589.0,6267.86,INR,2026-06-05 14:28:46,SUCCESS
8968,897.0,9443.05,INR,2026-04-04 20:27:54,SUCCESS
8969,2561.0,2655.52,INR,2026-06-09 13:57:12,SUCCESS
8970,4574.0,7973.39,INR,2026-04-12 09:13:10,FAILED
8971,1022.0,465.95,INR,2026-02-12 05:45:16,PENDING
8972,4552.0,4878.11,INR,2026-01-22 15:36:42,SUCCESS
8973,3403.0,7578.5,INR,2026-02-08 18:28:46,PENDING
8974,2484.0,9156.43,INR,2026-01-26 04:29:39,FAILED
8975,3555.0,8469.99,INR,2026-02-26 20:01:04,SUCCESS
8976,1684.0,1243.62,INR,2026-01-13 06:01:35,SUCCESS
8977,,9874.32,INR,2026-04-10 07:30:23,PENDING
8978,3264.0,5347.3,INR,2026-05-01 23:39:12,PENDING
8979,2013.0,9647.75,INR,2026-05-22 11:18:28,FAILED
8980,3984.0,2076.1,INR,2026-04-18 04:33:34,SUCCESS
8981,4060.0,9816.17,INR,2026-03-12 07:04:18,PENDING
8982,2808.0,6325.61,INR,2026-04-12 16:01:03,PENDING
8983,3191.0,9729.07,INR,2026-02-11 02:24:00,PENDING
8984,2960.0,3816.27,INR,2026-02-02 05:17:45,FAILED
8985,4430.0,6965.65,INR,2026-04-16 15:26:12,FAILED
8986,3640.0,1557.75,INR,2026-01-09 10:48:44,SUCCESS
8987,2196.0,3801.92,INR,2026-05-14 16:12:11,SUCCESS
8988,2442.0,1275.61,INR,2026-06-02 01:42:54,PENDING
8989,4175.0,367.42,INR,2026-01-29 00:49:24,SUCCESS
8990,4681.0,8959.84,INR,invalid_date,SUCCESS
8991,2328.0,238.02,INR,2026-06-04 16:27:29,SUCCESS
8992,990.0,4358.8,INR,2026-05-22 21:40:40,PENDING
8993,2346.0,171.33,INR,2026-02-25 02:41:06,FAILED
8994,3599.0,1604.13,INR,2026-01-31 00:49:57,PENDING
8995,244.0,2452.69,INR,2026-02-14 01:07:07,SUCCESS
8996,759.0,8292.19,INR,2026-04-15 21:58:09,FAILED
8997,2107.0,3511.6,INR,2026-03-07 16:51:27,FAILED
8998,258.0,2842.1,INR,2026-01-21 11:20:49,FAILED
8999,,1322.75,INR,2026-04-24 23:24:55,PENDING
9000,4363.0,6447.49,INR,2026-01-15 13:34:26,SUCCESS
9001,4241.0,1116.95,INR,2026-04-19 21:53:13,FAILED
9002,2187.0,2269.44,INR,2026-06-15 04:31:42,FAILED
9003,761.0,7662.37,INR,2026-06-13 18:03:23,FAILED
9004,3614.0,5904.38,INR,2026-02-11 09:13:05,SUCCESS
9005,1617.0,7390.24,INR,2026-03-24 00:28:32,FAILED
9006,14.0,7118.12,INR,2026-01-30 04:23:26,FAILED
9007,885.0,1996.82,INR,2026-01-03 22:45:33,SUCCESS
9008,3056.0,5912.18,INR,2026-06-18 09:09:06,PENDING
9009,3101.0,9850.47,INR,2026-06-19 10:01:18,FAILED
9010,1308.0,9606.32,INR,2026-06-10 03:49:49,FAILED
9011,3238.0,1929.04,INR,2026-04-19 14:34:21,PENDING
9012,1351.0,8967.24,INR,2026-04-19 13:38:29,SUCCESS
9013,2024.0,109.34,INR,2026-04-07 18:45:04,SUCCESS
9014,1645.0,4213.48,INR,2026-05-01 00:08:37,FAILED
9015,2565.0,1544.85,INR,2026-01-16 16:47:46,SUCCESS
9016,4171.0,4583.81,INR,2026-05-02 20:39:36,SUCCESS
9017,4904.0,902.77,INR,2026-01-04 09:30:55,FAILED
9018,,7276.88,INR,2026-02-03 06:30:14,PENDING
9019,584.0,3086.42,INR,2026-06-04 18:44:14,SUCCESS
9020,3649.0,8927.62,INR,2026-04-10 18:24:04,SUCCESS
9021,934.0,4220.66,INR,2026-04-16 11:17:39,FAILED
9022,1212.0,8530.26,INR,2026-03-08 06:06:16,PENDING
9023,2580.0,7052.33,INR,2026-01-25 22:43:00,FAILED
9024,2116.0,692.77,INR,2026-04-18 14:32:18,PENDING
9025,2056.0,6828.37,INR,2026-02-28 19:27:45,PENDING
9026,2579.0,3191.55,INR,2026-01-15 01:52:18,SUCCESS
9027,2442.0,7717.74,INR,2026-05-07 02:01:08,FAILED
9028,4845.0,8027.46,INR,2026-05-24 12:39:09,SUCCESS
9029,3939.0,1264.01,INR,2026-03-22 16:09:15,PENDING
9030,3191.0,7680.71,INR,2026-01-10 00:30:46,PENDING
9031,1972.0,6553.84,INR,2026-01-03 10:08:06,SUCCESS
9032,3117.0,9655.89,INR,2026-06-17 02:21:26,PENDING
9033,3519.0,9856.22,INR,2026-03-27 19:49:50,SUCCESS
9034,3502.0,2233.93,INR,2026-03-26 19:17:24,SUCCESS
9035,4691.0,4867.49,INR,2026-02-04 11:26:56,FAILED
9036,1955.0,5553.87,INR,2026-05-28 02:11:23,FAILED
9037,1451.0,9322.55,INR,2026-05-22 15:44:50,SUCCESS
9038,3496.0,4738.29,INR,2026-03-10 06:46:24,PENDING
9039,4192.0,6793.92,INR,2026-02-05 16:09:03,SUCCESS
9040,4335.0,1579.92,INR,2026-01-14 16:35:40,FAILED
9041,3283.0,1295.88,INR,2026-05-04 08:16:21,PENDING
9042,4261.0,9024.59,INR,2026-01-24 21:47:09,SUCCESS
9043,2257.0,-5229.44,INR,2026-06-15 00:20:37,SUCCESS
9044,1490.0,8595.02,INR,2026-01-22 10:34:55,FAILED
9045,2652.0,5253.94,INR,2026-01-12 04:43:25,SUCCESS
9046,1495.0,3127.65,INR,2026-04-07 13:44:34,FAILED
9047,244.0,1800.56,INR,2026-05-08 17:29:45,FAILED
9048,4808.0,2030.72,INR,2026-01-18 16:27:54,PENDING
9049,1414.0,9137.02,INR,2026-04-05 19:22:47,SUCCESS
9050,3484.0,2662.73,INR,2026-01-14 21:04:43,FAILED
9051,,9541.98,INR,2026-03-11 03:41:16,FAILED
9052,3696.0,9470.38,INR,2026-05-31 13:39:07,SUCCESS
9053,3929.0,7810.71,INR,2026-06-06 19:07:29,SUCCESS
9054,4549.0,537.98,INR,2026-05-27 14:57:17,SUCCESS
9055,4525.0,320.26,INR,2026-05-18 18:46:08,PENDING
9056,2016.0,4113.73,INR,2026-01-03 15:54:06,FAILED
9057,2439.0,340.78,INR,2026-02-01 05:32:27,SUCCESS
9058,1264.0,7600.96,INR,2026-04-12 17:46:05,PENDING
9059,1303.0,-6980.09,INR,2026-01-11 13:00:39,SUCCESS
9060,136.0,3890.89,INR,2026-02-26 09:47:21,PENDING
9061,2820.0,8625.08,INR,2026-06-09 21:26:08,FAILED
9062,301.0,880.77,INR,2026-04-03 10:33:14,FAILED
9063,2617.0,8974.97,INR,2026-01-30 23:09:38,SUCCESS
9064,442.0,919.85,INR,2026-05-31 13:58:53,PENDING
9065,868.0,7992.63,INR,invalid_date,PENDING
9066,2033.0,-9439.36,INR,2026-02-24 12:50:17,SUCCESS
9067,1674.0,317.39,INR,2026-02-26 08:29:07,FAILED
9068,1985.0,7384.94,INR,2026-05-21 01:13:38,FAILED
9069,980.0,1380.33,INR,2026-01-20 05:18:01,FAILED
9070,2445.0,3619.76,INR,2026-02-10 17:36:01,SUCCESS
9071,2533.0,1336.78,INR,2026-01-30 17:47:09,SUCCESS
9072,4388.0,5676.58,INR,2026-03-25 22:52:30,PENDING
9073,,8254.52,INR,2026-01-27 23:50:56,PENDING
9074,1854.0,4827.82,INR,2026-06-19 09:35:18,SUCCESS
9075,171.0,-862.85,INR,2026-04-23 19:27:36,PENDING
9076,1893.0,8147.55,INR,2026-02-10 10:23:48,PENDING
9077,1406.0,6873.85,INR,2026-06-07 07:00:33,PENDING
9078,4576.0,2500.48,INR,2026-04-25 05:01:02,FAILED
9079,,3427.1,INR,2026-03-27 20:41:54,PENDING
9080,2026.0,-7339.14,INR,2026-01-07 13:09:08,FAILED
9081,1264.0,7782.19,INR,2026-02-04 23:18:53,SUCCESS
9082,4125.0,9404.62,INR,2026-05-26 09:12:15,PENDING
9083,1378.0,726.77,INR,2026-02-26 06:55:59,PENDING
9084,3718.0,3603.56,INR,2026-05-14 21:35:14,PENDING
9085,1672.0,757.54,INR,2026-01-23 11:15:02,FAILED
9086,2788.0,97.62,INR,2026-01-17 10:10:44,PENDING
9087,3775.0,2834.2,INR,2026-05-01 11:25:13,FAILED
9088,4128.0,6743.74,INR,2026-02-17 16:37:49,FAILED
9089,2059.0,4209.49,INR,2026-06-18 10:29:16,PENDING
9090,4043.0,2395.19,INR,2026-04-30 22:25:20,FAILED
9091,3531.0,1621.79,INR,2026-04-14 18:24:41,PENDING
9092,1057.0,6982.62,INR,2026-05-28 16:19:57,PENDING
9093,820.0,8575.76,INR,2026-06-08 04:29:20,FAILED
9094,3669.0,433.41,INR,2026-05-20 12:39:00,FAILED
9095,1839.0,-6048.29,INR,2026-06-18 06:07:15,FAILED
9096,158.0,8219.78,INR,2026-01-01 23:19:43,SUCCESS
9097,587.0,3547.91,INR,2026-04-16 22:19:34,FAILED
9098,3140.0,1777.56,INR,2026-06-12 08:51:32,PENDING
9099,4214.0,3491.5,INR,2026-04-19 13:47:36,PENDING
9100,2862.0,-43.68,INR,2026-06-02 03:41:15,SUCCESS
9101,1400.0,6886.36,INR,2026-03-15 12:12:41,SUCCESS
9102,2012.0,5678.13,INR,2026-02-13 12:46:43,PENDING
9103,4831.0,3179.33,INR,2026-03-16 11:06:10,SUCCESS
9104,3691.0,4279.01,INR,2026-01-29 12:08:26,FAILED
9105,1619.0,3481.17,INR,2026-05-16 00:09:00,PENDING
9106,2157.0,504.97,INR,2026-03-21 01:12:15,PENDING
9107,48.0,4028.94,INR,2026-04-07 00:43:05,PENDING
9108,4313.0,2371.35,INR,2026-05-23 03:43:42,PENDING
9109,1076.0,9748.87,INR,2026-04-08 05:37:24,SUCCESS
9110,98.0,8211.0,INR,2026-06-01 08:07:30,PENDING
9111,4931.0,6263.22,INR,2026-06-16 20:47:18,PENDING
9112,499.0,2545.0,INR,2026-02-26 18:14:11,FAILED
9113,361.0,1902.44,INR,2026-03-12 01:13:20,FAILED
9114,3930.0,9032.53,INR,2026-03-18 07:04:29,FAILED
9115,1304.0,9346.28,INR,2026-03-06 13:50:06,SUCCESS
9116,3153.0,3568.25,INR,2026-02-02 02:23:49,FAILED
9117,3741.0,8831.38,INR,2026-03-10 16:33:37,SUCCESS
9118,3853.0,9642.25,INR,2026-05-24 10:18:39,FAILED
9119,4706.0,4986.94,INR,2026-05-31 06:20:00,PENDING
9120,3271.0,7303.99,INR,2026-06-13 08:44:20,PENDING
9121,4958.0,3999.64,INR,2026-03-31 03:48:54,PENDING
9122,1071.0,3686.98,INR,2026-04-11 08:05:56,FAILED
9123,2545.0,1984.37,INR,2026-01-27 07:14:44,FAILED
9124,3094.0,805.37,INR,invalid_date,PENDING
9125,542.0,5737.8,INR,2026-06-17 00:14:45,PENDING
9126,1953.0,-115.67,INR,invalid_date,FAILED
9127,3416.0,4095.55,INR,2026-04-06 11:43:43,SUCCESS
9128,396.0,458.03,INR,2026-03-25 13:53:30,FAILED
9129,2524.0,8852.73,INR,2026-06-12 06:50:43,SUCCESS
9130,,2986.3,INR,2026-06-14 09:11:37,PENDING
9131,262.0,9387.77,INR,2026-06-03 00:56:47,SUCCESS
9132,3858.0,5624.59,INR,2026-04-14 10:22:44,SUCCESS
9133,4419.0,8871.89,INR,2026-02-15 11:38:58,SUCCESS
9134,1241.0,6711.93,INR,2026-01-03 14:42:54,FAILED
9135,1083.0,67.1,INR,2026-02-25 20:03:20,FAILED
9136,1327.0,4338.67,INR,2026-01-15 05:06:35,PENDING
9137,3144.0,5712.38,INR,2026-02-25 12:02:43,FAILED
9138,3728.0,5039.31,INR,2026-05-28 10:14:16,FAILED
9139,3984.0,6400.8,INR,2026-02-15 11:59:14,PENDING
9140,1745.0,3444.64,INR,2026-01-29 19:20:03,FAILED
9141,4152.0,1620.81,INR,2026-03-17 08:36:08,PENDING
9142,3703.0,8747.32,INR,2026-04-22 02:10:26,PENDING
9143,177.0,5601.32,INR,2026-04-04 06:45:25,PENDING
9144,941.0,673.54,INR,2026-03-22 16:06:32,PENDING
9145,4342.0,5276.53,INR,2026-06-19 11:33:01,PENDING
9146,3395.0,4517.88,INR,2026-04-03 09:28:14,SUCCESS
9147,2702.0,392.09,INR,2026-04-29 20:55:37,PENDING
9148,81.0,7358.03,INR,2026-02-02 23:05:24,FAILED
9149,2623.0,3015.16,INR,2026-06-06 22:51:42,FAILED
9150,3836.0,6874.86,INR,2026-05-20 12:44:41,PENDING
9151,2236.0,1823.11,INR,2026-01-30 05:36:03,SUCCESS
9152,398.0,6844.73,INR,2026-01-02 15:33:05,SUCCESS
9153,2174.0,8919.1,INR,2026-05-20 13:39:58,PENDING
9154,4285.0,4951.29,INR,2026-03-04 11:44:51,PENDING
9155,1602.0,5259.9,INR,2026-05-23 16:49:42,PENDING
9156,416.0,7122.63,INR,2026-05-05 05:06:50,SUCCESS
9157,537.0,6469.74,INR,2026-04-14 12:59:47,PENDING
9158,4450.0,5824.49,INR,2026-01-30 01:14:48,PENDING
9159,2882.0,7223.24,INR,2026-04-10 08:53:06,FAILED
9160,2223.0,2608.99,INR,2026-01-04 04:03:26,FAILED
9161,2562.0,9546.2,INR,2026-03-19 16:47:33,PENDING
9162,547.0,2766.07,INR,2026-02-09 22:15:36,PENDING
9163,3454.0,6360.24,INR,2026-05-30 13:47:13,PENDING
9164,4625.0,4680.58,INR,2026-05-14 06:30:36,FAILED
9165,464.0,4886.27,INR,2026-01-26 20:33:57,FAILED
9166,2662.0,6653.23,INR,2026-04-06 01:57:46,PENDING
9167,1905.0,2680.48,INR,2026-04-24 17:23:54,SUCCESS
9168,1876.0,4536.42,INR,2026-06-15 04:06:17,SUCCESS
9169,1385.0,3473.11,INR,2026-06-05 11:20:30,SUCCESS
9170,2939.0,2247.62,INR,2026-06-01 04:35:56,FAILED
9171,3987.0,3091.56,INR,2026-04-07 07:15:03,FAILED
9172,1666.0,7227.98,INR,2026-05-20 03:01:32,PENDING
9173,,7891.93,INR,2026-05-23 01:10:47,FAILED
9174,1501.0,1671.93,INR,2026-04-22 09:56:48,FAILED
9175,4894.0,6799.8,INR,2026-01-25 11:15:04,SUCCESS
9176,2383.0,643.11,INR,2026-05-31 12:14:34,PENDING
9177,3083.0,-8793.52,INR,2026-06-13 04:22:44,SUCCESS
9178,1985.0,9250.73,INR,2026-05-08 00:29:25,FAILED
9179,1720.0,656.51,INR,2026-04-19 09:29:38,SUCCESS
9180,4032.0,9567.4,INR,2026-03-31 00:25:10,FAILED
9181,4994.0,4348.36,INR,2026-06-04 08:21:48,PENDING
9182,4898.0,224.29,INR,2026-04-04 16:28:51,FAILED
9183,2024.0,9988.61,INR,2026-04-27 09:29:17,FAILED
9184,1882.0,8581.33,INR,2026-05-18 16:10:37,FAILED
9185,4045.0,412.9,INR,2026-02-13 17:27:03,PENDING
9186,2916.0,8023.05,INR,2026-06-11 14:30:42,SUCCESS
9187,4727.0,3826.52,INR,2026-01-04 21:15:29,FAILED
9188,2969.0,6454.06,INR,2026-01-30 23:07:42,PENDING
9189,3069.0,6947.95,INR,2026-03-23 21:44:21,SUCCESS
9190,1466.0,8426.67,INR,2026-06-17 23:53:57,SUCCESS
9191,1318.0,8972.2,INR,2026-04-21 21:47:32,PENDING
9192,848.0,2292.25,INR,2026-01-26 22:18:46,SUCCESS
9193,2022.0,1351.32,INR,2026-06-07 01:57:32,PENDING
9194,781.0,6009.34,INR,2026-05-28 01:49:58,SUCCESS
9195,4671.0,8215.56,INR,2026-02-17 15:49:46,SUCCESS
9196,4975.0,6400.19,INR,2026-01-25 12:48:34,SUCCESS
9197,2665.0,4774.17,INR,2026-02-07 09:09:25,FAILED
9198,4273.0,7009.05,INR,2026-06-08 09:35:18,SUCCESS
9199,4113.0,847.33,INR,2026-05-28 11:35:46,FAILED
9200,4010.0,8181.16,INR,2026-05-06 20:08:37,FAILED
9201,2193.0,6773.59,INR,2026-05-31 02:23:32,FAILED
9202,2776.0,6695.2,INR,2026-06-07 02:46:14,FAILED
9203,1409.0,9332.6,INR,2026-05-29 04:56:20,FAILED
9204,4388.0,828.24,INR,invalid_date,PENDING
9205,2235.0,759.33,INR,2026-03-06 10:53:23,PENDING
9206,748.0,519.59,INR,2026-03-15 20:59:24,PENDING
9207,844.0,-3699.3,INR,2026-06-17 07:20:28,SUCCESS
9208,4743.0,4447.21,INR,2026-03-22 06:18:28,PENDING
9209,4842.0,793.52,INR,2026-05-08 20:49:57,PENDING
9210,1378.0,1287.52,INR,2026-04-22 22:03:46,FAILED
9211,3190.0,5076.26,INR,2026-04-28 14:14:37,FAILED
9212,490.0,7263.31,INR,2026-03-20 23:40:14,PENDING
9213,3417.0,9580.21,INR,2026-06-19 07:28:28,SUCCESS
9214,1169.0,5726.57,INR,2026-05-05 14:15:40,FAILED
9215,2977.0,6620.69,INR,2026-05-15 20:39:48,PENDING
9216,1905.0,3964.6,INR,2026-01-18 08:45:02,SUCCESS
9217,4744.0,532.62,INR,2026-05-20 08:27:41,FAILED
9218,2335.0,1524.47,INR,2026-02-12 23:18:59,PENDING
9219,4431.0,8774.77,INR,2026-03-31 07:06:27,PENDING
9220,4746.0,4615.28,INR,2026-05-16 13:19:38,SUCCESS
9221,3007.0,1182.25,INR,2026-05-11 01:00:52,PENDING
9222,3821.0,480.08,INR,2026-03-05 09:44:03,FAILED
9223,4994.0,9843.75,INR,2026-04-08 20:38:46,FAILED
9224,2117.0,3589.69,INR,2026-05-07 13:25:29,SUCCESS
9225,1561.0,3667.42,INR,2026-05-24 20:39:12,PENDING
9226,3041.0,-7667.14,INR,2026-02-27 17:14:16,FAILED
9227,2192.0,3608.99,INR,2026-05-18 10:54:26,FAILED
9228,2388.0,9385.19,INR,2026-02-15 13:53:01,SUCCESS
9229,3388.0,1506.25,INR,2026-03-05 07:13:57,PENDING
9230,3694.0,251.12,INR,2026-04-23 13:38:17,SUCCESS
9231,2693.0,1988.2,INR,2026-05-22 11:45:51,SUCCESS
9232,1168.0,5266.55,INR,2026-04-14 02:50:49,FAILED
9233,4574.0,245.59,INR,2026-01-16 20:48:32,FAILED
9234,3203.0,6684.56,INR,2026-04-22 12:55:06,SUCCESS
9235,1181.0,-5071.97,INR,2026-04-23 20:03:18,SUCCESS
9236,4912.0,8059.59,INR,2026-03-08 20:51:24,PENDING
9237,255.0,8153.54,INR,2026-01-18 01:18:46,FAILED
9238,3435.0,3838.0,INR,2026-02-05 03:30:45,FAILED
9239,1735.0,2603.22,INR,2026-02-28 08:17:03,SUCCESS
9240,4503.0,8028.25,INR,invalid_date,SUCCESS
9241,2928.0,9924.88,INR,2026-01-09 19:02:20,FAILED
9242,70.0,1816.86,INR,2026-02-08 07:20:50,SUCCESS
9243,438.0,2854.7,INR,2026-01-30 09:01:00,SUCCESS
9244,2681.0,1709.84,INR,2026-04-19 17:07:29,FAILED
9245,4161.0,2912.19,INR,2026-01-21 16:27:26,FAILED
9246,2156.0,462.8,INR,2026-05-07 13:26:52,SUCCESS
9247,,6134.97,INR,2026-04-12 09:45:29,PENDING
9248,1616.0,1772.34,INR,2026-05-22 17:49:43,SUCCESS
9249,296.0,1000.74,INR,2026-02-24 05:39:10,PENDING
9250,4246.0,3466.53,INR,2026-01-14 19:27:54,PENDING
9251,3402.0,2288.99,INR,2026-05-10 08:42:22,FAILED
9252,1478.0,9555.31,INR,2026-06-19 08:09:58,PENDING
9253,2635.0,2486.33,INR,2026-01-02 23:08:06,FAILED
9254,3992.0,-2592.63,INR,2026-04-26 15:09:00,PENDING
9255,2834.0,4631.15,INR,2026-02-11 12:20:34,FAILED
9256,1986.0,7121.55,INR,2026-01-14 22:48:13,SUCCESS
9257,4755.0,4288.41,INR,2026-05-17 18:22:54,SUCCESS
9258,4182.0,3465.56,INR,2026-03-04 09:07:12,SUCCESS
9259,1503.0,62.18,INR,2026-01-28 01:52:00,SUCCESS
9260,2397.0,4756.06,INR,2026-03-25 10:04:28,FAILED
9261,786.0,2873.96,INR,2026-03-28 15:39:44,PENDING
9262,1815.0,7348.34,INR,2026-05-24 14:59:51,FAILED
9263,,2067.86,INR,2026-06-10 12:41:38,PENDING
9264,2324.0,2114.39,INR,2026-04-10 21:12:29,SUCCESS
9265,3181.0,9287.41,INR,2026-04-25 16:31:03,FAILED
9266,4512.0,4522.1,INR,2026-06-13 20:54:33,PENDING
9267,2981.0,5980.89,INR,2026-05-18 22:06:31,PENDING
9268,2225.0,8900.09,INR,2026-02-02 08:15:57,PENDING
9269,4042.0,3402.68,INR,2026-02-19 13:13:08,FAILED
9270,872.0,7017.84,INR,2026-05-27 17:38:53,SUCCESS
9271,4786.0,3995.49,INR,2026-01-23 00:42:15,SUCCESS
9272,3633.0,5763.23,INR,2026-05-18 17:29:01,SUCCESS
9273,3726.0,3248.22,INR,2026-01-15 23:40:41,SUCCESS
9274,1998.0,1347.02,INR,2026-03-15 02:43:25,PENDING
9275,4762.0,6468.92,INR,2026-05-20 09:58:56,FAILED
9276,4852.0,4126.8,INR,2026-03-24 11:51:14,FAILED
9277,2099.0,7469.82,INR,2026-01-18 22:27:25,FAILED
9278,3961.0,267.04,INR,2026-05-19 09:26:29,FAILED
9279,3600.0,401.74,INR,2026-05-18 03:58:59,PENDING
9280,446.0,3822.81,INR,2026-03-26 08:41:50,PENDING
9281,936.0,6211.43,INR,2026-04-09 02:39:58,PENDING
9282,1972.0,5969.11,INR,2026-01-25 16:35:21,SUCCESS
9283,3400.0,7919.67,INR,2026-06-15 04:50:04,SUCCESS
9284,1387.0,4120.33,INR,2026-04-28 11:55:55,PENDING
9285,3928.0,5657.16,INR,2026-06-10 16:54:20,FAILED
9286,2620.0,2817.81,INR,2026-04-14 07:54:16,FAILED
9287,630.0,9775.98,INR,2026-04-08 17:39:25,PENDING
9288,1474.0,4477.35,INR,2026-04-10 15:26:54,SUCCESS
9289,459.0,265.67,INR,2026-05-14 08:50:15,SUCCESS
9290,254.0,3723.05,INR,2026-05-28 23:53:51,SUCCESS
9291,517.0,4393.83,INR,2026-06-10 10:43:43,SUCCESS
9292,3398.0,6845.78,INR,2026-05-13 17:18:49,PENDING
9293,2752.0,9578.12,INR,2026-05-03 16:50:36,PENDING
9294,2815.0,3021.74,INR,2026-02-06 08:35:39,SUCCESS
9295,3684.0,5264.1,INR,2026-03-23 20:06:42,FAILED
9296,4274.0,4564.11,INR,2026-03-23 02:52:33,FAILED
9297,4949.0,2425.39,INR,2026-01-23 11:16:56,PENDING
9298,1518.0,9747.14,INR,2026-02-22 09:35:09,SUCCESS
9299,4443.0,4776.39,INR,2026-06-17 08:13:44,SUCCESS
9300,4460.0,6353.53,INR,2026-04-28 10:14:12,FAILED
9301,3461.0,8544.78,INR,2026-03-04 16:16:20,FAILED
9302,3272.0,1036.61,INR,2026-02-14 22:49:32,FAILED
9303,4468.0,5833.41,INR,2026-01-13 15:49:08,SUCCESS
9304,2725.0,9341.97,INR,2026-03-10 21:33:39,PENDING
9305,3901.0,4284.52,INR,2026-03-25 12:04:29,FAILED
9306,1250.0,5716.76,INR,2026-02-24 11:08:02,SUCCESS
9307,497.0,1122.28,INR,2026-04-14 01:39:40,FAILED
9308,3630.0,709.33,INR,2026-05-06 21:32:22,FAILED
9309,1555.0,7304.89,INR,2026-05-09 04:58:56,FAILED
9310,3675.0,3893.58,INR,2026-01-09 03:11:44,PENDING
9311,2441.0,6866.35,INR,2026-05-09 09:11:54,PENDING
9312,,8950.34,INR,2026-01-14 19:01:57,SUCCESS
9313,4346.0,2181.14,INR,2026-05-09 07:04:55,FAILED
9314,2232.0,7281.55,INR,2026-06-09 09:37:20,PENDING
9315,227.0,4670.06,INR,2026-04-29 02:19:40,PENDING
9316,3020.0,1218.67,INR,2026-03-14 11:04:33,SUCCESS
9317,,9509.16,INR,2026-04-02 06:15:34,PENDING
9318,3107.0,6630.37,INR,2026-04-19 06:55:15,SUCCESS
9319,4290.0,2319.9,INR,2026-05-29 03:10:59,FAILED
9320,,5971.01,INR,2026-02-28 21:44:40,FAILED
9321,2091.0,6598.01,INR,2026-02-17 18:05:12,PENDING
9322,1537.0,1234.45,INR,2026-03-23 12:51:56,SUCCESS
9323,4360.0,-5822.07,INR,2026-03-09 21:20:31,FAILED
9324,1295.0,-8625.98,INR,2026-01-01 12:48:30,SUCCESS
9325,2800.0,5237.16,INR,2026-04-03 13:59:56,PENDING
9326,1776.0,33.97,INR,2026-04-03 11:04:24,SUCCESS
9327,991.0,4129.19,INR,2026-04-08 17:18:57,SUCCESS
9328,1422.0,3641.41,INR,2026-04-03 08:15:19,PENDING
9329,2966.0,2142.98,INR,2026-02-04 12:05:35,FAILED
9330,4481.0,9618.32,INR,2026-05-14 09:40:11,FAILED
9331,2896.0,7078.95,INR,2026-04-18 14:08:27,PENDING
9332,421.0,8931.79,INR,2026-04-04 12:10:11,PENDING
9333,1512.0,1683.89,INR,2026-04-13 08:51:15,FAILED
9334,2061.0,2587.26,INR,2026-04-21 15:39:01,FAILED
9335,4106.0,8989.13,INR,2026-06-05 22:31:40,SUCCESS
9336,2939.0,6891.77,INR,2026-03-08 00:17:21,PENDING
9337,3367.0,556.32,INR,2026-03-15 14:57:42,FAILED
9338,2325.0,7293.35,INR,2026-02-27 09:11:42,PENDING
9339,590.0,3123.67,INR,2026-05-01 03:09:18,PENDING
9340,3920.0,270.43,INR,2026-04-18 19:08:54,PENDING
9341,3873.0,8908.76,INR,2026-03-31 07:45:34,PENDING
9342,3177.0,5729.07,INR,2026-04-26 08:30:17,PENDING
9343,1987.0,1921.11,INR,2026-04-03 06:20:31,FAILED
9344,3631.0,894.44,INR,2026-02-27 06:08:28,SUCCESS
9345,4243.0,5548.22,INR,2026-04-27 18:20:11,FAILED
9346,2637.0,-3767.29,INR,2026-01-05 19:48:44,PENDING
9347,906.0,3271.28,INR,2026-02-02 17:43:41,FAILED
9348,805.0,9127.61,INR,2026-01-15 08:55:33,FAILED
9349,2441.0,3758.83,INR,2026-03-28 03:21:30,PENDING
9350,4252.0,6134.71,INR,2026-04-12 14:49:02,SUCCESS
9351,3973.0,1937.22,INR,2026-03-24 16:55:05,PENDING
9352,2945.0,3952.54,INR,2026-06-14 01:21:58,FAILED
9353,4499.0,4800.82,INR,2026-05-30 04:51:13,SUCCESS
9354,712.0,7147.69,INR,2026-05-11 10:32:35,FAILED
9355,4624.0,2552.07,INR,2026-01-26 20:03:12,FAILED
9356,2644.0,9373.4,INR,2026-02-07 23:23:25,PENDING
9357,3913.0,6442.92,INR,2026-05-27 17:40:28,SUCCESS
9358,2443.0,1407.34,INR,2026-01-17 13:38:13,PENDING
9359,116.0,1158.8,INR,2026-05-10 21:16:55,PENDING
9360,3286.0,9409.0,INR,2026-01-10 09:38:59,SUCCESS
9361,1790.0,8678.71,INR,2026-03-29 15:30:10,SUCCESS
9362,4698.0,6688.63,INR,2026-02-12 07:24:56,SUCCESS
9363,1155.0,5118.87,INR,2026-04-02 06:38:33,FAILED
9364,3920.0,1076.29,INR,2026-06-05 19:13:41,SUCCESS
9365,4201.0,5649.16,INR,2026-02-06 06:40:02,PENDING
9366,4447.0,6695.53,INR,2026-01-04 07:52:40,FAILED
9367,1323.0,9601.62,INR,invalid_date,PENDING
9368,4376.0,2617.03,INR,2026-02-02 18:46:55,SUCCESS
9369,2009.0,4020.44,INR,2026-05-06 20:09:15,FAILED
9370,1873.0,8747.98,INR,2026-03-23 12:00:47,PENDING
9371,893.0,860.02,INR,2026-03-23 19:50:31,SUCCESS
9372,,9309.23,INR,2026-03-05 08:32:11,PENDING
9373,49.0,1810.75,INR,2026-04-12 13:40:36,PENDING
9374,2518.0,3110.51,INR,2026-02-14 09:28:41,FAILED
9375,982.0,3206.64,INR,2026-02-16 13:33:16,FAILED
9376,350.0,7751.9,INR,2026-03-04 16:33:34,FAILED
9377,4771.0,1395.49,INR,2026-04-02 06:49:31,SUCCESS
9378,785.0,3928.86,INR,2026-03-16 05:18:31,PENDING
9379,1428.0,5053.74,INR,2026-06-04 03:08:14,FAILED
9380,275.0,478.34,INR,2026-01-07 20:04:22,FAILED
9381,1984.0,8122.68,INR,2026-03-13 02:52:17,PENDING
9382,4869.0,9458.22,INR,2026-05-04 19:30:34,FAILED
9383,1180.0,2416.79,INR,2026-04-05 19:00:20,PENDING
9384,3571.0,3785.08,INR,2026-05-23 12:23:13,FAILED
9385,151.0,8730.59,INR,2026-04-04 20:13:35,SUCCESS
9386,1860.0,8220.49,INR,2026-04-24 19:40:03,PENDING
9387,4339.0,6086.29,INR,2026-04-10 23:39:35,SUCCESS
9388,391.0,6930.49,INR,2026-04-19 18:57:23,SUCCESS
9389,3709.0,690.08,INR,2026-01-08 02:07:10,PENDING
9390,3906.0,5804.99,INR,2026-03-16 08:55:47,FAILED
9391,2575.0,8285.04,INR,2026-02-02 06:18:58,SUCCESS
9392,1968.0,-8989.26,INR,2026-06-12 02:02:55,SUCCESS
9393,4365.0,3685.32,INR,2026-01-30 18:40:46,SUCCESS
9394,4228.0,4175.07,INR,2026-05-16 17:53:22,FAILED
9395,4986.0,251.44,INR,2026-04-16 19:44:58,SUCCESS
9396,4263.0,7742.57,INR,2026-04-01 05:42:48,SUCCESS
9397,4428.0,9384.17,INR,2026-03-16 09:28:45,SUCCESS
9398,1267.0,8931.4,INR,2026-06-09 23:00:02,SUCCESS
9399,4940.0,2084.68,INR,2026-01-07 08:44:17,FAILED
9400,985.0,1905.91,INR,2026-04-25 23:39:38,FAILED
9401,4012.0,1902.36,INR,2026-01-09 03:26:00,SUCCESS
9402,566.0,1983.3,INR,2026-01-03 14:09:05,PENDING
9403,3930.0,7768.78,INR,2026-02-08 03:05:43,SUCCESS
9404,2114.0,3014.06,INR,2026-05-17 22:01:55,SUCCESS
9405,1742.0,8202.26,INR,2026-03-18 19:08:19,FAILED
9406,1461.0,9423.9,INR,2026-04-01 18:29:10,PENDING
9407,2102.0,951.22,INR,2026-01-29 02:26:03,PENDING
9408,,4750.38,INR,2026-01-23 14:19:26,FAILED
9409,2866.0,-3595.16,INR,2026-01-25 10:35:11,PENDING
9410,3334.0,5478.61,INR,2026-04-28 22:13:16,PENDING
9411,3904.0,623.53,INR,2026-05-20 00:13:33,FAILED
9412,,1606.44,INR,2026-04-27 08:43:39,PENDING
9413,929.0,2065.92,INR,2026-01-16 06:46:46,FAILED
9414,1800.0,-4410.07,INR,2026-03-02 02:19:15,PENDING
9415,3981.0,8190.14,INR,2026-02-21 04:53:59,PENDING
9416,4203.0,1547.69,INR,2026-04-17 18:14:34,SUCCESS
9417,79.0,1054.03,INR,2026-03-05 04:47:11,FAILED
9418,4337.0,4748.18,INR,2026-02-16 14:28:58,SUCCESS
9419,1200.0,2798.72,INR,2026-01-19 06:15:59,FAILED
9420,4612.0,424.52,INR,2026-02-20 15:16:01,PENDING
9421,3257.0,2969.48,INR,2026-02-20 10:39:00,SUCCESS
9422,1351.0,767.75,INR,invalid_date,SUCCESS
9423,1155.0,975.58,INR,2026-03-04 19:06:49,FAILED
9424,1866.0,5884.04,INR,2026-02-15 22:26:55,FAILED
9425,628.0,3164.99,INR,2026-04-09 21:54:49,PENDING
9426,1572.0,403.17,INR,2026-04-05 00:28:56,FAILED
9427,1188.0,6520.41,INR,2026-05-11 02:39:44,SUCCESS
9428,2211.0,1812.18,INR,2026-01-19 17:14:41,PENDING
9429,2781.0,3852.18,INR,2026-05-08 04:13:04,SUCCESS
9430,767.0,7407.12,INR,2026-05-24 14:31:37,PENDING
9431,2028.0,9223.65,INR,2026-04-26 19:04:19,FAILED
9432,295.0,2337.08,INR,2026-04-15 09:43:43,PENDING
9433,2367.0,4847.65,INR,2026-05-01 01:44:12,FAILED
9434,3421.0,7477.9,INR,2026-01-19 00:15:23,SUCCESS
9435,1923.0,9926.27,INR,2026-04-17 16:12:49,FAILED
9436,1996.0,5533.08,INR,2026-01-13 15:09:02,SUCCESS
9437,4725.0,8383.72,INR,2026-04-21 22:45:41,PENDING
9438,2750.0,6637.26,INR,2026-01-12 00:05:50,SUCCESS
9439,826.0,1572.22,INR,2026-05-01 20:57:14,FAILED
9440,829.0,7804.89,INR,2026-01-27 06:44:52,FAILED
9441,4823.0,5148.98,INR,2026-05-30 19:08:48,SUCCESS
9442,2661.0,8390.56,INR,2026-04-08 21:50:27,PENDING
9443,227.0,8450.93,INR,2026-03-17 16:18:34,SUCCESS
9444,4471.0,875.2,INR,2026-04-12 12:02:58,PENDING
9445,4750.0,9319.05,INR,2026-05-24 14:16:41,FAILED
9446,396.0,1999.53,INR,2026-01-23 03:10:44,FAILED
9447,25.0,1431.41,INR,2026-05-28 22:49:29,PENDING
9448,695.0,4978.23,INR,2026-05-18 10:47:25,PENDING
9449,3067.0,9680.65,INR,2026-03-08 10:32:18,FAILED
9450,3789.0,3484.04,INR,2026-05-05 21:39:48,FAILED
9451,4967.0,7515.06,INR,2026-02-03 03:21:00,PENDING
9452,3019.0,-7455.59,INR,2026-06-11 12:02:36,FAILED
9453,2024.0,1070.43,INR,2026-02-10 23:38:14,SUCCESS
9454,3738.0,7157.41,INR,2026-01-30 23:22:28,FAILED
9455,3946.0,3678.5,INR,2026-02-15 00:31:33,PENDING
9456,4029.0,8918.73,INR,2026-01-11 11:10:08,SUCCESS
9457,3887.0,2617.46,INR,2026-05-24 13:00:40,PENDING
9458,1438.0,5111.58,INR,2026-05-14 07:06:26,FAILED
9459,444.0,9198.41,INR,2026-03-30 04:39:29,PENDING
9460,2160.0,7040.16,INR,2026-05-06 05:41:47,FAILED
9461,3240.0,4239.2,INR,2026-03-16 21:20:26,SUCCESS
9462,467.0,9475.34,INR,2026-02-10 03:52:36,FAILED
9463,637.0,760.04,INR,2026-06-07 01:22:33,FAILED
9464,178.0,9108.66,INR,2026-04-30 18:05:28,PENDING
9465,1579.0,6348.22,INR,2026-03-31 00:40:13,SUCCESS
9466,3164.0,5315.7,INR,2026-06-17 13:34:12,FAILED
9467,4718.0,4147.59,INR,2026-05-21 19:12:00,SUCCESS
9468,3744.0,4878.02,INR,2026-06-14 07:43:45,FAILED
9469,4490.0,9388.49,INR,2026-03-25 05:49:29,FAILED
9470,2319.0,9407.2,INR,2026-04-24 15:53:09,SUCCESS
9471,1760.0,9239.88,INR,2026-03-25 20:24:00,PENDING
9472,3572.0,1613.29,INR,2026-05-02 16:32:18,PENDING
9473,4476.0,2118.18,INR,2026-06-02 14:59:33,PENDING
9474,2009.0,3834.5,INR,2026-05-13 01:00:43,SUCCESS
9475,2052.0,49.81,INR,2026-03-08 05:19:01,FAILED
9476,2235.0,7941.43,INR,2026-04-01 06:18:25,SUCCESS
9477,847.0,7948.95,INR,2026-04-27 04:31:38,PENDING
9478,3010.0,6864.04,INR,2026-02-09 20:39:58,SUCCESS
9479,529.0,859.09,INR,2026-05-24 19:41:24,SUCCESS
9480,3659.0,6717.87,INR,2026-02-09 16:30:46,PENDING
9481,1736.0,-9565.6,INR,2026-03-15 10:53:12,PENDING
9482,136.0,887.85,INR,2026-01-31 14:23:15,SUCCESS
9483,2616.0,7751.13,INR,2026-01-29 17:59:06,SUCCESS
9484,201.0,5543.37,INR,2026-04-05 16:16:18,FAILED
9485,2054.0,1954.57,INR,2026-02-12 21:41:21,PENDING
9486,4369.0,4802.23,INR,2026-01-19 14:21:07,PENDING
9487,4927.0,9814.15,INR,2026-04-06 04:08:27,SUCCESS
9488,2007.0,1378.27,INR,2026-06-12 05:37:45,PENDING
9489,3782.0,8699.13,INR,2026-01-15 19:52:44,FAILED
9490,4739.0,2802.88,INR,invalid_date,PENDING
9491,2259.0,1646.87,INR,2026-02-01 17:31:15,FAILED
9492,1224.0,5389.02,INR,2026-01-11 08:44:41,PENDING
9493,4435.0,944.07,INR,2026-02-02 22:02:03,PENDING
9494,3701.0,1330.48,INR,2026-03-12 15:48:38,SUCCESS
9495,4712.0,3465.53,INR,2026-03-10 12:57:01,PENDING
9496,257.0,1016.08,INR,2026-02-07 03:43:46,SUCCESS
9497,2508.0,4231.67,INR,2026-04-01 09:01:39,FAILED
9498,452.0,4481.3,INR,2026-04-05 22:36:11,FAILED
9499,1741.0,20.99,INR,2026-03-06 00:20:40,SUCCESS
9500,1834.0,2033.6,INR,2026-02-05 23:51:58,SUCCESS
9501,1512.0,7562.69,INR,2026-03-29 21:49:44,SUCCESS
9502,3870.0,3831.26,INR,2026-04-26 15:14:08,FAILED
9503,3663.0,5366.32,INR,2026-01-13 03:06:47,SUCCESS
9504,1016.0,7608.63,INR,2026-05-28 00:58:44,PENDING
9505,3383.0,4748.27,INR,2026-02-12 12:11:50,SUCCESS
9506,827.0,-6271.48,INR,2026-05-22 12:26:57,PENDING
9507,648.0,8091.6,INR,2026-01-05 07:31:39,FAILED
9508,4882.0,6244.34,INR,2026-04-01 11:33:08,SUCCESS
9509,1671.0,5551.11,INR,2026-01-21 06:32:08,FAILED
9510,2466.0,861.15,INR,2026-04-13 15:23:38,SUCCESS
9511,642.0,5554.71,INR,2026-05-03 23:08:39,PENDING
9512,284.0,3684.27,INR,2026-01-04 08:23:20,SUCCESS
9513,,2500.99,INR,2026-03-10 14:47:34,FAILED
9514,2661.0,86.62,INR,2026-01-10 11:39:47,SUCCESS
9515,574.0,6281.68,INR,2026-05-20 06:05:24,SUCCESS
9516,4018.0,8775.24,INR,2026-06-13 04:50:49,FAILED
9517,2169.0,9237.62,INR,2026-05-27 00:38:06,FAILED
9518,3189.0,1801.37,INR,2026-01-21 22:25:29,FAILED
9519,4247.0,8873.18,INR,2026-04-10 18:59:15,SUCCESS
9520,654.0,4729.58,INR,2026-06-09 06:25:40,SUCCESS
9521,1146.0,7426.69,INR,2026-02-07 09:07:03,FAILED
9522,1196.0,1815.05,INR,2026-04-01 14:54:42,PENDING
9523,3922.0,1480.13,INR,2026-01-15 15:24:13,SUCCESS
9524,,728.14,INR,2026-05-20 22:13:45,FAILED
9525,3897.0,-4338.37,INR,2026-06-03 23:11:59,FAILED
9526,2116.0,-5966.17,INR,2026-06-18 04:00:13,PENDING
9527,2461.0,9000.07,INR,2026-01-21 08:11:54,PENDING
9528,2855.0,7071.05,INR,2026-04-17 17:00:36,SUCCESS
9529,2396.0,2567.69,INR,2026-01-18 02:40:55,FAILED
9530,226.0,1768.87,INR,2026-05-01 12:47:58,FAILED
9531,740.0,2016.94,INR,2026-05-04 15:53:42,FAILED
9532,4659.0,1018.21,INR,2026-05-24 19:04:28,SUCCESS
9533,3472.0,8959.7,INR,2026-01-28 21:17:16,SUCCESS
9534,2469.0,-8243.43,INR,2026-01-06 10:13:38,SUCCESS
9535,837.0,6188.46,INR,2026-03-05 04:15:39,PENDING
9536,217.0,8617.3,INR,2026-05-30 08:26:23,PENDING
9537,3610.0,5500.14,INR,2026-05-19 23:09:56,SUCCESS
9538,4967.0,5958.39,INR,2026-03-04 10:47:32,FAILED
9539,2775.0,5083.83,INR,2026-04-24 08:58:20,PENDING
9540,3886.0,4526.07,INR,2026-01-02 20:21:44,FAILED
9541,1803.0,5830.48,INR,2026-02-04 04:53:57,SUCCESS
9542,4208.0,4622.27,INR,2026-05-01 22:35:32,FAILED
9543,167.0,8803.36,INR,2026-05-18 07:04:26,FAILED
9544,4017.0,9007.07,INR,2026-03-13 04:20:02,PENDING
9545,933.0,4019.4,INR,2026-04-16 01:19:39,SUCCESS
9546,538.0,4610.89,INR,2026-01-16 17:38:32,PENDING
9547,1286.0,4583.29,INR,2026-04-04 06:06:05,SUCCESS
9548,5.0,9142.01,INR,2026-01-05 11:09:37,SUCCESS
9549,2898.0,4736.91,INR,2026-01-10 01:09:31,FAILED
9550,2474.0,8271.13,INR,2026-03-23 14:10:21,SUCCESS
9551,4778.0,7721.71,INR,2026-01-23 09:02:40,FAILED
9552,3056.0,8647.01,INR,2026-02-04 08:24:26,PENDING
9553,3525.0,5630.49,INR,2026-06-09 15:52:23,FAILED
9554,4478.0,-9324.19,INR,2026-05-01 05:31:00,FAILED
9555,4119.0,1770.87,INR,2026-05-14 16:37:43,SUCCESS
9556,2561.0,2266.99,INR,2026-01-15 13:22:07,PENDING
9557,4791.0,8648.47,INR,2026-03-23 04:54:38,PENDING
9558,2630.0,6321.83,INR,2026-06-02 05:48:06,FAILED
9559,,369.03,INR,2026-03-12 03:12:59,FAILED
9560,3258.0,2156.78,INR,2026-01-20 10:35:08,PENDING
9561,2909.0,-2529.51,INR,2026-05-28 08:34:47,FAILED
9562,3947.0,3162.0,INR,2026-02-21 18:10:53,PENDING
9563,4435.0,4207.71,INR,2026-04-16 05:59:27,FAILED
9564,3195.0,-46.74,INR,2026-02-21 04:50:02,PENDING
9565,4263.0,-4781.89,INR,2026-02-25 11:55:45,SUCCESS
9566,610.0,2640.21,INR,2026-01-30 06:45:42,SUCCESS
9567,258.0,7909.55,INR,2026-06-12 21:30:26,PENDING
9568,943.0,8300.14,INR,2026-03-06 01:11:27,FAILED
9569,3802.0,5943.67,INR,2026-04-25 01:44:59,PENDING
9570,3391.0,2245.56,INR,2026-04-07 08:28:24,PENDING
9571,2724.0,4128.8,INR,2026-03-14 22:47:31,SUCCESS
9572,1247.0,4206.47,INR,2026-02-01 18:04:45,FAILED
9573,4433.0,7832.51,INR,2026-04-30 23:01:00,SUCCESS
9574,836.0,6247.98,INR,2026-01-13 08:07:53,FAILED
9575,1659.0,-8789.55,INR,2026-06-05 01:50:18,FAILED
9576,2277.0,840.33,INR,2026-05-13 14:10:41,PENDING
9577,3582.0,448.42,INR,2026-04-16 05:44:53,SUCCESS
9578,4023.0,816.4,INR,2026-02-19 21:29:49,FAILED
9579,4466.0,3594.23,INR,2026-05-09 10:09:37,SUCCESS
9580,85.0,182.55,INR,2026-06-05 18:06:03,SUCCESS
9581,2742.0,6932.44,INR,2026-04-24 00:47:10,PENDING
9582,91.0,8037.23,INR,2026-03-27 23:23:51,PENDING
9583,3624.0,5262.51,INR,2026-05-07 03:53:49,SUCCESS
9584,1633.0,5723.05,INR,2026-04-07 20:17:07,SUCCESS
9585,,5116.11,INR,2026-04-30 23:29:37,FAILED
9586,4067.0,9565.72,INR,2026-01-19 00:48:41,SUCCESS
9587,2814.0,6902.75,INR,2026-06-18 22:08:53,FAILED
9588,4323.0,5243.64,INR,2026-02-09 15:23:14,PENDING
9589,1527.0,6408.52,INR,2026-03-11 03:21:41,PENDING
9590,3606.0,689.53,INR,2026-02-11 10:50:42,PENDING
9591,1427.0,7166.19,INR,2026-01-04 11:34:44,SUCCESS
9592,1664.0,808.77,INR,2026-03-23 08:40:28,PENDING
9593,941.0,9977.55,INR,2026-05-30 22:56:09,FAILED
9594,4573.0,2470.19,INR,2026-05-28 22:19:20,PENDING
9595,1378.0,3678.04,INR,2026-06-12 22:31:29,SUCCESS
9596,3749.0,7714.82,INR,2026-04-03 04:22:23,FAILED
9597,392.0,6110.41,INR,2026-01-19 02:36:01,SUCCESS
9598,1857.0,4973.11,INR,2026-01-29 11:43:39,PENDING
9599,1995.0,2133.36,INR,invalid_date,FAILED
9600,480.0,6743.68,INR,2026-04-17 14:21:55,FAILED
9601,3801.0,1193.83,INR,2026-02-04 10:36:35,PENDING
9602,2035.0,63.87,INR,2026-03-08 04:59:30,FAILED
9603,1658.0,8864.97,INR,2026-03-25 00:03:14,PENDING
9604,326.0,259.56,INR,2026-03-13 21:43:05,FAILED
9605,2976.0,5329.8,INR,2026-04-27 23:39:58,SUCCESS
9606,1104.0,1391.47,INR,2026-04-02 00:31:21,FAILED
9607,4176.0,1740.44,INR,2026-01-19 12:03:41,SUCCESS
9608,3504.0,1035.26,INR,2026-05-13 21:26:26,SUCCESS
9609,1151.0,5628.13,INR,2026-03-30 11:24:16,FAILED
9610,1310.0,8825.52,INR,2026-01-02 17:23:04,PENDING
9611,4215.0,4686.94,INR,2026-05-06 00:21:27,PENDING
9612,3192.0,505.54,INR,2026-02-05 23:03:34,FAILED
9613,2700.0,6338.58,INR,2026-01-25 12:29:40,FAILED
9614,3269.0,7599.89,INR,2026-06-05 03:47:21,SUCCESS
9615,2429.0,4450.18,INR,2026-02-13 22:07:29,FAILED
9616,43.0,164.98,INR,2026-01-27 07:55:24,FAILED
9617,1307.0,6462.16,INR,2026-05-20 15:36:34,PENDING
9618,646.0,7768.5,INR,2026-02-28 17:55:12,PENDING
9619,3605.0,6831.65,INR,2026-02-17 10:02:25,FAILED
9620,414.0,9351.51,INR,2026-01-05 04:09:04,PENDING
9621,560.0,3343.17,INR,2026-05-10 11:18:59,PENDING
9622,4561.0,-2508.56,INR,invalid_date,FAILED
9623,1916.0,1896.41,INR,2026-05-17 06:31:19,FAILED
9624,4907.0,2392.93,INR,2026-02-08 07:16:19,SUCCESS
9625,2831.0,7272.55,INR,2026-01-22 19:30:28,PENDING
9626,,1954.88,INR,2026-03-02 19:28:42,FAILED
9627,402.0,3402.41,INR,2026-06-12 13:58:59,FAILED
9628,1635.0,4092.75,INR,2026-05-10 18:26:19,SUCCESS
9629,849.0,8953.73,INR,2026-04-22 14:52:29,FAILED
9630,4363.0,8776.58,INR,2026-06-10 12:38:18,FAILED
9631,2485.0,1499.06,INR,2026-02-07 07:01:45,PENDING
9632,3602.0,7272.1,INR,2026-02-14 00:34:29,FAILED
9633,1580.0,3857.65,INR,2026-01-06 20:43:34,SUCCESS
9634,2466.0,236.65,INR,2026-01-17 17:21:17,FAILED
9635,1634.0,3574.11,INR,2026-06-01 14:41:49,FAILED
9636,3659.0,4976.61,INR,2026-04-18 11:20:10,FAILED
9637,180.0,5560.2,INR,2026-06-08 18:17:57,SUCCESS
9638,3202.0,2862.62,INR,2026-03-19 09:04:32,FAILED
9639,4138.0,953.55,INR,2026-02-15 11:36:41,PENDING
9640,2944.0,2503.89,INR,2026-04-24 16:35:58,PENDING
9641,2577.0,869.16,INR,2026-06-18 03:36:08,SUCCESS
9642,1699.0,6429.42,INR,2026-06-15 09:52:54,FAILED
9643,3763.0,8926.7,INR,2026-01-30 02:05:08,FAILED
9644,3370.0,7079.71,INR,2026-03-23 16:11:56,PENDING
9645,230.0,5783.25,INR,2026-06-01 09:26:47,SUCCESS
9646,,7641.66,INR,2026-03-01 02:25:27,PENDING
9647,2005.0,2784.07,INR,invalid_date,SUCCESS
9648,2543.0,3793.67,INR,2026-01-11 01:09:06,PENDING
9649,,5689.62,INR,2026-03-07 17:34:31,PENDING
9650,2192.0,4077.1,INR,2026-01-18 05:37:56,PENDING
9651,3531.0,1121.43,INR,2026-06-16 04:15:17,SUCCESS
9652,1752.0,4051.02,INR,2026-01-25 04:21:09,FAILED
9653,3865.0,-9469.42,INR,2026-04-10 22:06:03,SUCCESS
9654,2356.0,-9571.08,INR,2026-03-08 05:18:12,SUCCESS
9655,4473.0,3765.95,INR,2026-04-11 17:08:59,PENDING
9656,27.0,440.38,INR,2026-02-24 19:40:02,SUCCESS
9657,2348.0,1100.36,INR,2026-05-03 19:36:08,PENDING
9658,3424.0,7629.36,INR,2026-06-08 17:21:22,FAILED
9659,4789.0,3179.01,INR,2026-04-24 07:54:10,PENDING
9660,3408.0,5417.49,INR,2026-04-19 05:34:46,PENDING
9661,3731.0,4205.07,INR,2026-03-17 16:25:34,SUCCESS
9662,3719.0,8658.38,INR,2026-01-03 11:51:57,PENDING
9663,1206.0,9568.26,INR,2026-05-08 04:46:25,FAILED
9664,4939.0,2468.8,INR,2026-03-02 00:47:55,SUCCESS
9665,3457.0,-8491.77,INR,2026-05-02 18:52:25,PENDING
9666,1053.0,3118.81,INR,2026-03-12 22:29:37,SUCCESS
9667,2247.0,9388.64,INR,2026-05-07 01:20:13,SUCCESS
9668,3914.0,7123.01,INR,2026-02-24 03:32:43,SUCCESS
9669,1359.0,9462.65,INR,2026-01-24 04:05:17,PENDING
9670,,7440.32,INR,2026-05-29 02:13:34,PENDING
9671,4680.0,9578.65,INR,2026-04-14 23:40:43,SUCCESS
9672,,4998.07,INR,2026-05-21 21:23:01,FAILED
9673,4993.0,6627.04,INR,2026-03-23 20:23:20,FAILED
9674,3085.0,2801.96,INR,2026-03-11 07:22:56,PENDING
9675,190.0,2190.18,INR,2026-03-17 02:06:34,FAILED
9676,,5284.94,INR,2026-01-06 09:48:07,PENDING
9677,532.0,1031.48,INR,2026-04-03 23:47:02,FAILED
9678,3621.0,9801.91,INR,2026-05-23 01:22:56,SUCCESS
9679,306.0,2445.92,INR,2026-03-01 00:43:55,SUCCESS
9680,956.0,2813.58,INR,2026-05-10 21:24:26,PENDING
9681,2118.0,3371.19,INR,2026-06-17 11:02:05,FAILED
9682,4968.0,1395.2,INR,2026-04-30 16:56:16,FAILED
9683,1266.0,9449.1,INR,2026-06-07 13:33:48,FAILED
9684,3544.0,7091.79,INR,2026-02-13 03:30:13,SUCCESS
9685,1078.0,5409.37,INR,2026-03-06 11:46:29,FAILED
9686,2259.0,3983.45,INR,2026-02-17 17:34:41,SUCCESS
9687,951.0,2995.42,INR,2026-03-16 01:56:16,SUCCESS
9688,4186.0,597.3,INR,2026-06-14 01:22:02,FAILED
9689,2175.0,2155.09,INR,2026-05-07 10:03:40,SUCCESS
9690,4292.0,-8200.11,INR,2026-01-05 06:41:05,PENDING
9691,2707.0,2541.59,INR,2026-06-02 17:32:10,SUCCESS
9692,4548.0,6164.04,INR,2026-02-25 22:30:23,SUCCESS
9693,4194.0,9143.64,INR,2026-03-25 16:56:31,FAILED
9694,782.0,1239.87,INR,2026-02-13 00:05:07,FAILED
9695,1583.0,6243.68,INR,2026-01-16 02:04:34,PENDING
9696,1682.0,3381.37,INR,2026-01-25 14:39:16,FAILED
9697,1933.0,2984.47,INR,invalid_date,SUCCESS
9698,919.0,1297.3,INR,2026-03-19 16:11:42,PENDING
9699,732.0,3775.76,INR,2026-06-19 04:52:06,SUCCESS
9700,553.0,4709.38,INR,2026-01-30 22:04:23,FAILED
9701,3642.0,5098.63,INR,2026-03-21 02:21:33,FAILED
9702,3607.0,6400.41,INR,2026-04-04 22:49:35,FAILED
9703,403.0,8547.6,INR,2026-03-28 06:38:59,FAILED
9704,2030.0,2022.09,INR,2026-04-23 02:29:27,FAILED
9705,2282.0,8367.67,INR,2026-05-28 19:31:59,PENDING
9706,117.0,3116.61,INR,2026-03-03 00:16:08,PENDING
9707,4215.0,5495.59,INR,2026-03-13 06:31:10,SUCCESS
9708,1377.0,8046.7,INR,2026-06-18 17:48:53,FAILED
9709,3996.0,366.8,INR,2026-05-29 20:22:54,PENDING
9710,755.0,4624.7,INR,2026-06-01 06:47:45,FAILED
9711,1821.0,9294.66,INR,2026-06-05 01:08:42,SUCCESS
9712,235.0,893.54,INR,2026-04-14 17:55:05,FAILED
9713,967.0,403.12,INR,2026-01-15 15:46:31,SUCCESS
9714,4770.0,3350.15,INR,2026-03-25 01:17:23,FAILED
9715,671.0,2683.19,INR,2026-04-18 18:01:33,FAILED
9716,3848.0,4371.01,INR,2026-03-25 15:41:50,PENDING
9717,2692.0,871.78,INR,2026-02-10 02:41:09,PENDING
9718,3176.0,3831.86,INR,2026-04-10 21:38:31,SUCCESS
9719,4572.0,2229.43,INR,2026-06-16 08:13:52,PENDING
9720,4045.0,4030.83,INR,2026-01-04 07:41:07,PENDING
9721,4957.0,6054.87,INR,2026-04-29 22:54:16,FAILED
9722,,161.44,INR,2026-03-06 00:55:44,SUCCESS
9723,3938.0,9539.7,INR,2026-02-28 18:37:26,PENDING
9724,3970.0,908.97,INR,2026-03-26 23:22:01,FAILED
9725,1465.0,1583.01,INR,2026-04-30 10:54:50,PENDING
9726,2403.0,9886.54,INR,2026-04-05 00:16:13,SUCCESS
9727,780.0,2226.66,INR,2026-01-02 02:32:55,FAILED
9728,1650.0,9116.04,INR,2026-04-16 15:14:27,PENDING
9729,4129.0,-5990.03,INR,2026-02-04 19:59:30,FAILED
9730,3965.0,4320.83,INR,2026-01-22 05:28:31,FAILED
9731,2918.0,3259.2,INR,2026-04-23 05:10:05,SUCCESS
9732,1569.0,3913.87,INR,2026-06-08 11:25:10,PENDING
9733,3330.0,473.95,INR,2026-03-30 20:58:25,SUCCESS
9734,4247.0,4637.74,INR,2026-02-10 23:31:22,SUCCESS
9735,3000.0,6034.29,INR,2026-04-23 12:52:58,FAILED
9736,3199.0,9189.12,INR,2026-05-25 11:32:19,FAILED
9737,1823.0,3993.31,INR,2026-02-01 04:51:45,SUCCESS
9738,4641.0,5195.14,INR,2026-01-10 03:51:08,SUCCESS
9739,2866.0,9692.32,INR,2026-01-28 05:47:34,PENDING
9740,256.0,2465.29,INR,2026-01-11 11:04:24,FAILED
9741,,998.06,INR,2026-02-23 08:25:19,SUCCESS
9742,1261.0,1768.38,INR,2026-04-22 14:44:13,SUCCESS
9743,1206.0,2067.58,INR,invalid_date,FAILED
9744,364.0,8858.39,INR,2026-02-28 18:40:31,SUCCESS
9745,4448.0,9552.47,INR,2026-04-24 18:15:28,PENDING
9746,2022.0,3604.34,INR,2026-02-06 10:09:42,SUCCESS
9747,4008.0,2554.71,INR,2026-05-05 07:02:23,FAILED
9748,3969.0,8446.61,INR,2026-04-03 18:14:14,FAILED
9749,2503.0,607.52,INR,2026-06-18 18:29:45,FAILED
9750,1043.0,2452.95,INR,2026-04-07 13:26:26,SUCCESS
9751,2485.0,1112.42,INR,2026-06-18 22:20:14,PENDING
9752,1929.0,9711.03,INR,2026-05-10 19:47:22,SUCCESS
9753,901.0,5913.59,INR,2026-02-17 15:47:06,SUCCESS
9754,3803.0,729.0,INR,2026-03-20 17:18:56,PENDING
9755,2911.0,-3468.98,INR,2026-03-24 05:25:37,SUCCESS
9756,1081.0,5706.8,INR,2026-05-27 23:54:50,SUCCESS
9757,130.0,3949.37,INR,2026-03-17 07:16:00,FAILED
9758,91.0,409.95,INR,2026-05-26 14:00:15,FAILED
9759,1511.0,8359.53,INR,2026-03-12 01:57:40,PENDING
9760,2127.0,3315.7,INR,2026-01-27 23:40:21,SUCCESS
9761,1560.0,2275.7,INR,2026-04-07 14:34:36,PENDING
9762,4214.0,9043.81,INR,2026-04-05 09:19:00,PENDING
9763,4954.0,1221.41,INR,2026-01-20 05:27:31,PENDING
9764,2035.0,4670.61,INR,2026-04-30 14:04:33,PENDING
9765,2238.0,8412.91,INR,2026-01-10 05:12:49,SUCCESS
9766,3954.0,2365.01,INR,2026-05-03 16:42:30,SUCCESS
9767,4338.0,8585.02,INR,2026-04-03 11:30:09,SUCCESS
9768,402.0,4740.93,INR,2026-04-22 19:22:03,SUCCESS
9769,,2986.32,INR,2026-03-04 17:09:25,FAILED
9770,10.0,3568.46,INR,2026-02-28 13:16:53,SUCCESS
9771,2474.0,4897.87,INR,2026-06-04 13:56:01,SUCCESS
9772,704.0,6579.5,INR,2026-03-17 19:22:25,PENDING
9773,2003.0,3841.28,INR,2026-02-15 10:39:51,FAILED
9774,2936.0,5164.44,INR,2026-03-11 18:02:30,SUCCESS
9775,3974.0,8803.65,INR,2026-04-19 15:44:47,FAILED
9776,952.0,8389.1,INR,2026-05-19 20:32:24,PENDING
9777,2860.0,1923.75,INR,2026-03-31 20:12:52,SUCCESS
9778,1465.0,8752.73,INR,2026-04-14 19:04:11,PENDING
9779,2385.0,9935.27,INR,2026-02-09 03:37:18,PENDING
9780,1856.0,3707.15,INR,2026-05-07 21:11:45,SUCCESS
9781,3469.0,8803.18,INR,2026-04-11 19:19:07,FAILED
9782,2679.0,-765.21,INR,2026-03-02 18:03:51,FAILED
9783,3786.0,3138.73,INR,2026-05-12 03:48:05,PENDING
9784,,-6477.15,INR,2026-05-30 00:18:27,SUCCESS
9785,3488.0,5035.72,INR,2026-06-16 21:50:59,FAILED
9786,2809.0,5711.23,INR,2026-06-05 13:01:10,SUCCESS
9787,998.0,6535.07,INR,2026-04-08 18:38:50,FAILED
9788,4405.0,912.4,INR,2026-01-02 14:41:58,FAILED
9789,,715.24,INR,2026-03-18 09:13:45,PENDING
9790,3282.0,2130.73,INR,2026-06-02 07:41:42,PENDING
9791,4340.0,456.18,INR,invalid_date,PENDING
9792,4849.0,2413.62,INR,2026-05-19 23:20:08,FAILED
9793,1578.0,6448.81,INR,2026-01-01 19:18:25,FAILED
9794,268.0,7438.27,INR,2026-06-02 20:08:31,FAILED
9795,2053.0,2840.22,INR,2026-05-13 04:43:25,PENDING
9796,756.0,9281.92,INR,2026-02-05 15:42:50,FAILED
9797,3719.0,-3499.43,INR,2026-03-09 11:10:40,FAILED
9798,,-2425.33,INR,2026-05-24 18:26:18,PENDING
9799,4659.0,5069.46,INR,invalid_date,FAILED
9800,2037.0,545.61,INR,2026-05-14 07:12:12,FAILED
9801,4255.0,5341.6,INR,2026-03-19 16:18:26,PENDING
9802,3449.0,668.75,INR,2026-06-12 12:28:50,PENDING
9803,4814.0,1542.03,INR,2026-01-19 18:57:29,FAILED
9804,485.0,5427.27,INR,2026-01-06 01:28:07,PENDING
9805,3124.0,1926.09,INR,2026-06-12 08:39:04,PENDING
9806,6.0,5935.87,INR,2026-04-09 04:47:43,FAILED
9807,2836.0,4221.24,INR,2026-05-29 02:57:14,FAILED
9808,4302.0,1585.12,INR,2026-06-06 22:29:56,FAILED
9809,3000.0,1832.4,INR,2026-02-21 19:20:32,PENDING
9810,1524.0,5300.85,INR,2026-01-31 22:45:39,SUCCESS
9811,4448.0,-2088.53,INR,2026-05-01 21:33:07,PENDING
9812,2499.0,4485.42,INR,2026-05-17 17:48:26,FAILED
9813,,6719.08,INR,2026-05-12 22:08:17,PENDING
9814,885.0,9512.25,INR,2026-03-14 11:19:49,FAILED
9815,3660.0,5941.11,INR,2026-01-28 19:26:46,FAILED
9816,894.0,9917.45,INR,2026-05-29 01:49:20,PENDING
9817,4487.0,4525.09,INR,2026-03-18 17:49:59,PENDING
9818,2009.0,7323.5,INR,2026-03-26 22:53:49,FAILED
9819,610.0,6544.28,INR,2026-04-14 16:51:35,FAILED
9820,4757.0,2272.47,INR,2026-04-10 11:45:26,PENDING
9821,2179.0,6398.19,INR,2026-02-06 22:44:02,SUCCESS
9822,3169.0,3032.82,INR,2026-06-16 01:14:10,SUCCESS
9823,2260.0,3251.18,INR,2026-01-07 05:32:40,FAILED
9824,616.0,9371.46,INR,2026-06-12 22:07:28,FAILED
9825,2457.0,5302.55,INR,2026-01-30 19:07:56,FAILED
9826,3470.0,9527.61,INR,2026-01-24 10:15:08,SUCCESS
9827,173.0,8804.01,INR,2026-02-07 14:38:27,FAILED
9828,144.0,8969.54,INR,2026-01-27 20:57:18,FAILED
9829,1556.0,4888.11,INR,2026-03-14 16:59:45,SUCCESS
9830,44.0,17.26,INR,2026-01-11 14:28:12,SUCCESS
9831,4950.0,8609.71,INR,2026-03-03 13:04:54,SUCCESS
9832,271.0,5600.04,INR,2026-03-24 05:16:07,SUCCESS
9833,636.0,1976.34,INR,invalid_date,FAILED
9834,2357.0,9724.35,INR,2026-04-27 20:35:21,FAILED
9835,4578.0,-6961.3,INR,2026-03-09 20:17:23,FAILED
9836,,3031.87,INR,2026-01-05 11:50:06,FAILED
9837,3340.0,7017.24,INR,2026-01-15 17:16:10,PENDING
9838,4111.0,9043.52,INR,2026-02-27 11:03:13,FAILED
9839,663.0,3460.11,INR,2026-05-19 12:35:48,PENDING
9840,669.0,219.27,INR,2026-04-22 13:45:04,PENDING
9841,988.0,1901.86,INR,2026-02-16 09:09:46,SUCCESS
9842,2919.0,2166.68,INR,2026-02-15 21:53:09,PENDING
9843,3874.0,1716.77,INR,2026-04-04 03:13:52,PENDING
9844,4751.0,1941.6,INR,2026-02-27 08:06:08,FAILED
9845,1864.0,-2112.1,INR,2026-02-03 14:49:07,PENDING
9846,1239.0,8603.43,INR,2026-04-18 14:11:14,FAILED
9847,3598.0,7191.49,INR,2026-06-14 14:48:25,SUCCESS
9848,4479.0,127.43,INR,2026-05-15 09:05:23,SUCCESS
9849,3992.0,7752.82,INR,2026-03-05 06:38:54,FAILED
9850,4668.0,4319.91,INR,2026-01-28 07:07:33,SUCCESS
9851,920.0,5591.17,INR,2026-03-04 21:11:35,SUCCESS
9852,2148.0,4863.58,INR,2026-06-05 06:17:21,SUCCESS
9853,4054.0,5298.32,INR,2026-03-09 01:18:13,PENDING
9854,4679.0,5530.83,INR,2026-05-31 23:06:08,PENDING
9855,3594.0,7389.63,INR,2026-03-06 01:40:07,PENDING
9856,1156.0,4798.11,INR,2026-04-19 19:38:20,PENDING
9857,733.0,9052.63,INR,2026-03-18 09:40:36,PENDING
9858,1402.0,8700.54,INR,2026-06-02 06:11:21,FAILED
9859,518.0,8963.98,INR,2026-04-22 06:56:47,PENDING
9860,4055.0,675.68,INR,2026-03-06 09:40:44,PENDING
9861,862.0,3015.7,INR,2026-03-26 15:09:06,FAILED
9862,2557.0,9598.24,INR,2026-05-29 04:33:52,PENDING
9863,2826.0,1812.15,INR,2026-05-10 22:32:03,PENDING
9864,4546.0,6708.48,INR,2026-04-07 23:49:07,SUCCESS
9865,3964.0,8292.54,INR,2026-02-23 20:31:01,PENDING
9866,1012.0,1259.23,INR,2026-02-16 00:45:55,SUCCESS
9867,20.0,3516.62,INR,2026-03-31 23:51:40,FAILED
9868,1319.0,4687.18,INR,2026-02-04 07:28:47,SUCCESS
9869,2514.0,4012.93,INR,2026-01-24 15:07:49,SUCCESS
9870,4952.0,7199.16,INR,2026-05-14 14:07:46,SUCCESS
9871,2640.0,8293.67,INR,2026-04-24 09:27:05,SUCCESS
9872,78.0,8054.01,INR,2026-02-13 08:19:41,FAILED
9873,1031.0,1774.0,INR,2026-02-11 03:58:21,FAILED
9874,3381.0,5035.78,INR,2026-03-21 08:20:55,FAILED
9875,1876.0,3826.14,INR,2026-01-20 03:30:50,FAILED
9876,490.0,9984.82,INR,2026-05-20 08:31:02,PENDING
9877,4529.0,3741.51,INR,2026-02-03 06:31:53,PENDING
9878,2446.0,5993.32,INR,2026-02-25 08:15:51,PENDING
9879,461.0,681.45,INR,invalid_date,SUCCESS
9880,3000.0,5390.13,INR,2026-05-11 16:37:49,PENDING
9881,2425.0,5168.27,INR,2026-01-08 10:25:57,FAILED
9882,2976.0,1048.91,INR,2026-05-24 12:06:55,SUCCESS
9883,3343.0,7040.24,INR,2026-04-25 15:17:19,FAILED
9884,3158.0,-7873.11,INR,2026-06-08 01:49:25,PENDING
9885,978.0,9078.04,INR,2026-03-09 10:05:54,PENDING
9886,4712.0,3001.63,INR,2026-04-27 02:58:43,FAILED
9887,42.0,-2069.66,INR,2026-01-25 09:52:05,FAILED
9888,2902.0,775.38,INR,2026-04-05 12:03:45,SUCCESS
9889,3247.0,7461.5,INR,2026-06-02 16:41:18,PENDING
9890,4880.0,9589.9,INR,2026-04-07 21:52:00,PENDING
9891,3383.0,7000.35,INR,2026-05-01 08:22:11,FAILED
9892,,2651.03,INR,2026-01-24 08:23:51,PENDING
9893,3328.0,287.72,INR,2026-01-03 14:16:20,FAILED
9894,2447.0,8715.05,INR,2026-02-08 15:39:50,PENDING
9895,3371.0,2354.06,INR,2026-04-07 13:06:49,PENDING
9896,76.0,-5970.69,INR,2026-03-19 20:37:21,SUCCESS
9897,3882.0,1495.58,INR,2026-03-16 12:40:20,PENDING
9898,3908.0,3445.87,INR,2026-05-05 17:43:24,SUCCESS
9899,3250.0,955.29,INR,2026-05-15 01:45:45,SUCCESS
9900,1156.0,5394.0,INR,2026-02-17 20:14:57,SUCCESS
9901,1312.0,-9878.62,INR,2026-04-10 08:18:02,FAILED
9902,420.0,9023.95,INR,2026-02-27 16:22:30,FAILED
9903,4754.0,5762.6,INR,2026-03-23 22:17:01,FAILED
9904,3202.0,9872.64,INR,2026-04-28 17:32:22,PENDING
9905,2298.0,5645.14,INR,2026-03-03 01:36:27,PENDING
9906,603.0,9358.67,INR,2026-04-30 20:28:15,SUCCESS
9907,878.0,1074.87,INR,2026-02-12 00:01:17,SUCCESS
9908,4415.0,1733.3,INR,2026-01-11 05:30:20,PENDING
9909,1126.0,8404.75,INR,2026-03-31 19:31:46,FAILED
9910,27.0,8955.29,INR,2026-02-08 19:42:16,PENDING
9911,1954.0,3583.36,INR,2026-03-19 14:38:59,PENDING
9912,3920.0,2118.71,INR,2026-01-24 19:12:37,FAILED
9913,1724.0,2952.52,INR,2026-02-25 13:30:03,PENDING
9914,2139.0,8324.6,INR,2026-02-13 22:42:53,FAILED
9915,,511.64,INR,2026-02-20 11:23:53,FAILED
9916,,4681.95,INR,2026-01-21 04:47:15,SUCCESS
9917,1761.0,4992.74,INR,2026-05-05 23:21:26,PENDING
9918,4186.0,7679.75,INR,2026-02-20 08:18:03,PENDING
9919,3734.0,-9059.15,INR,2026-03-06 14:07:52,PENDING
9920,3098.0,2665.05,INR,2026-03-08 17:43:23,FAILED
9921,3126.0,5566.35,INR,2026-04-22 23:51:07,SUCCESS
9922,2909.0,4292.48,INR,2026-06-01 04:01:41,PENDING
9923,1191.0,6133.93,INR,2026-03-17 09:49:53,FAILED
9924,4620.0,-7318.88,INR,2026-04-20 07:25:19,SUCCESS
9925,285.0,6360.08,INR,2026-06-17 15:55:43,FAILED
9926,3333.0,-2455.31,INR,2026-02-28 02:24:20,PENDING
9927,1137.0,916.62,INR,2026-01-18 13:29:16,SUCCESS
9928,243.0,7988.15,INR,2026-05-13 16:36:37,PENDING
9929,3574.0,6153.3,INR,2026-02-22 21:35:24,PENDING
9930,925.0,4860.27,INR,2026-06-07 10:44:35,SUCCESS
9931,4014.0,4464.73,INR,2026-03-24 07:04:16,SUCCESS
9932,3083.0,3319.36,INR,2026-01-09 21:19:54,FAILED
9933,4392.0,6251.76,INR,2026-03-20 02:24:16,FAILED
9934,1878.0,329.54,INR,2026-03-04 22:14:09,SUCCESS
9935,2977.0,9247.52,INR,2026-02-18 21:07:17,FAILED
9936,1669.0,7277.28,INR,2026-04-14 06:08:53,FAILED
9937,4258.0,3724.58,INR,2026-03-11 15:18:51,PENDING
9938,4070.0,554.09,INR,2026-05-01 22:30:26,SUCCESS
9939,,1941.75,INR,2026-01-22 16:59:55,PENDING
9940,1820.0,9710.68,INR,2026-05-11 14:02:26,PENDING
9941,824.0,3602.81,INR,2026-03-07 11:59:09,FAILED
9942,4587.0,5418.63,INR,2026-05-11 02:17:41,PENDING
9943,4553.0,6075.28,INR,2026-01-29 16:59:15,FAILED
9944,1734.0,2726.87,INR,2026-02-03 22:07:44,SUCCESS
9945,1082.0,4144.56,INR,invalid_date,PENDING
9946,626.0,1079.64,INR,2026-02-28 20:05:28,PENDING
9947,3405.0,8754.59,INR,2026-01-13 03:20:43,PENDING
9948,3286.0,-920.54,INR,2026-04-17 04:00:02,SUCCESS
9949,960.0,382.6,INR,2026-01-24 13:15:21,SUCCESS
9950,1916.0,9382.94,INR,2026-05-23 01:51:00,PENDING
9951,2650.0,1815.45,INR,2026-01-12 15:51:02,PENDING
9952,2932.0,1463.18,INR,2026-01-24 17:51:24,FAILED
9953,1775.0,9220.67,INR,2026-06-03 16:05:20,FAILED
9954,678.0,5263.53,INR,2026-03-09 20:02:41,SUCCESS
9955,2150.0,8550.79,INR,2026-02-27 11:11:25,SUCCESS
9956,1583.0,8436.8,INR,2026-05-23 06:18:47,PENDING
9957,2764.0,9106.3,INR,2026-01-14 17:23:34,FAILED
9958,2354.0,7187.07,INR,2026-01-16 23:02:15,SUCCESS
9959,1696.0,450.66,INR,2026-04-29 23:35:18,FAILED
9960,4941.0,3695.36,INR,2026-03-11 13:04:40,PENDING
9961,4194.0,7739.36,INR,2026-01-19 19:44:28,FAILED
9962,57.0,404.42,INR,invalid_date,FAILED
9963,3867.0,7805.73,INR,2026-06-07 16:42:45,PENDING
9964,1349.0,-3985.27,INR,2026-01-28 02:10:29,FAILED
9965,353.0,8050.72,INR,2026-03-18 17:46:04,FAILED
9966,1394.0,5292.96,INR,2026-05-14 22:09:08,SUCCESS
9967,95.0,861.28,INR,2026-01-15 17:52:04,SUCCESS
9968,4812.0,6332.07,INR,2026-02-03 14:16:48,SUCCESS
9969,3858.0,5264.52,INR,2026-03-28 22:21:42,PENDING
9970,2814.0,6261.68,INR,2026-03-04 02:40:04,SUCCESS
9971,3377.0,3038.53,INR,2026-04-21 22:24:59,PENDING
9972,2331.0,3343.5,INR,2026-05-03 01:10:43,PENDING
9973,2008.0,8910.99,INR,2026-06-19 10:56:34,PENDING
9974,4502.0,8362.29,INR,2026-05-31 08:10:21,SUCCESS
9975,3851.0,7578.25,INR,2026-04-23 03:51:14,SUCCESS
9976,3998.0,5524.74,INR,2026-04-10 20:03:08,PENDING
9977,1118.0,3568.4,INR,2026-03-14 16:00:31,PENDING
9978,2664.0,1471.89,INR,2026-01-04 21:17:16,PENDING
9979,3993.0,9775.71,INR,2026-04-26 00:44:28,SUCCESS
9980,4594.0,1626.01,INR,2026-05-16 09:12:32,PENDING
9981,3583.0,8762.23,INR,2026-01-05 16:16:30,PENDING
9982,1499.0,7155.37,INR,2026-04-10 00:48:13,SUCCESS
9983,479.0,2233.27,INR,2026-04-02 09:39:47,SUCCESS
9984,2743.0,7472.63,INR,2026-01-08 16:58:24,PENDING
9985,3859.0,7189.15,INR,2026-05-09 01:07:11,FAILED
9986,1670.0,8596.93,INR,2026-01-11 10:49:10,FAILED
9987,4465.0,7692.71,INR,2026-02-11 21:55:48,SUCCESS
9988,1142.0,2556.53,INR,2026-05-13 16:04:19,SUCCESS
9989,3541.0,9709.66,INR,2026-04-21 04:38:51,SUCCESS
9990,2474.0,2078.42,INR,2026-05-24 11:40:30,SUCCESS
9991,2318.0,7918.42,INR,2026-03-30 13:04:30,PENDING
9992,4177.0,3238.58,INR,2026-01-24 21:29:57,SUCCESS
9993,3182.0,4993.98,INR,2026-01-31 22:53:11,SUCCESS
9994,2379.0,6624.45,INR,2026-02-07 08:13:06,SUCCESS
9995,829.0,7913.81,INR,2026-04-30 06:50:27,SUCCESS
9996,4491.0,7000.64,INR,2026-03-17 15:20:42,PENDING
9997,2437.0,3843.74,INR,2026-01-19 10:15:48,SUCCESS
9998,1747.0,6322.59,INR,2026-05-13 12:11:06,PENDING
9999,1200.0,9030.16,INR,2026-03-10 19:07:30,FAILED
10000,305.0,5578.18,INR,2026-03-10 17:28:32,PENDING
